vessel_id,vessel_name,port,lat,lon,sog,heading,wind_kts,waves_m,congestion,distance_to_port_km,eta_hours
V005,Eastern Titan,VIZAG,15.4508,84.4239,12.53,321.64,3.77,3.18,5,277.23,18.65
V002,Bharat Star,VIZAG,12.7532,85.9451,11.14,145.62,29.64,2.44,12,618.91,62.91
V003,Odisha Queen,PARADIP,13.2618,85.1185,13.66,178.09,2.69,3.31,6,800.92,50.79
V006,Himalaya Dawn,VIZAG,12.2254,83.8914,10.72,73.04,28.62,1.54,12,611.17,60.36
V001,Ganga Glory,SMPK,29.3482,87.6352,12.87,286.92,18.3,1.03,6,758.84,48.38
V003,Odisha Queen,VIZAG,19.5246,81.5485,12.38,81.37,8.33,4.15,11,273.69,23.82
V005,Eastern Titan,SMPK,20.6258,90.0435,12.22,290.56,12.95,1.14,11,279.77,20.47
V001,Ganga Glory,PARADIP,27.0007,87.608,9.58,186.07,25.58,1.48,6,749.63,70.06
V001,Ganga Glory,HALDIA,26.7128,82.8611,13.72,149.34,9.9,0.39,4,741.96,37.25
V005,Eastern Titan,HALDIA,26.9486,91.0486,14.91,100.69,9.76,0.83,7,626.85,32.45
V001,Ganga Glory,HALDIA,21.2643,85.1726,13.14,276.32,5.22,1.88,0,309.74,15.8
V001,Ganga Glory,HALDIA,16.9701,88.868,11.3,280.78,7.34,2.39,5,566.77,40.93
V001,Ganga Glory,HALDIA,16.504,84.5686,10.21,35.68,3.32,0.98,7,713.45,51.69
V004,Steel Infinity,HALDIA,20.497,89.7916,14.12,79.42,14.87,2.93,6,245.97,16.02
V006,Himalaya Dawn,PARADIP,20.2093,84.259,11.61,49.47,15.69,2.79,11,246.59,21.93
V007,Ocean Sapphire,HALDIA,16.8876,86.6933,13.29,46.06,34.52,4.16,9,587.32,53.44
V001,Ganga Glory,SMPK,16.4083,89.035,9.44,21.12,3.52,1.8,7,687.25,57.88
V006,Himalaya Dawn,VIZAG,18.9012,86.2109,8.32,100.61,8.47,2.65,5,337.46,34.03
V001,Ganga Glory,SMPK,20.9661,90.1149,8.67,341.17,9.32,1.88,11,257.18,27.33
V006,Himalaya Dawn,HALDIA,23.7829,87.1698,13.04,104.9,8.75,3.77,7,217.21,15.95
V002,Bharat Star,SMPK,23.2185,84.0499,10.82,274.57,17.26,1.9,4,441.68,33.67
V001,Ganga Glory,HALDIA,24.8273,93.5635,9.57,57.91,15.78,4.08,10,642.92,73.91
V001,Ganga Glory,PARADIP,14.2781,84.0559,14.27,126.81,34.27,0.82,12,724.82,53.2
V004,Steel Infinity,VIZAG,14.6997,83.485,10.49,282.99,17.42,3.69,1,333.23,27.29
V001,Ganga Glory,SMPK,25.9304,86.141,14.06,287.5,12.6,3.24,5,434.95,27.89
V005,Eastern Titan,VIZAG,22.7921,85.0653,13.62,53.9,2.7,3.34,4,597.09,36.12
V006,Himalaya Dawn,VIZAG,17.3806,86.7085,14.64,30.57,13.93,1.89,3,365.13,19.52
V007,Ocean Sapphire,VIZAG,10.6834,82.5083,11.88,224.61,20.85,4.24,8,783.52,72.15
V001,Ganga Glory,PARADIP,25.7931,82.8089,8.96,77.59,31.64,1.99,5,722.65,75.98
V002,Bharat Star,VIZAG,16.7457,81.5307,9.41,330.84,33.49,4.11,5,213.41,24.61
V003,Odisha Queen,PARADIP,20.7596,83.8045,12.02,43.63,18.88,3.84,1,297.21,21.65
V007,Ocean Sapphire,HALDIA,24.6376,83.3436,11.03,122.5,4.78,1.18,6,563.21,37.98
V005,Eastern Titan,VIZAG,14.0681,84.3384,8.87,180.55,30.4,3.4,1,418.33,43.18
V003,Odisha Queen,HALDIA,18.7201,87.1734,13.9,262.74,15.91,2.94,2,377.31,22.6
V004,Steel Infinity,VIZAG,20.6401,89.5261,9.03,40.03,20.65,1.81,1,733.36,62.75
V001,Ganga Glory,PARADIP,24.4355,86.5338,10.32,121.23,34.63,0.29,10,457.71,42.86
V004,Steel Infinity,PARADIP,17.6235,83.3655,8.74,50.08,19.66,4.22,8,454.95,56.49
V002,Bharat Star,PARADIP,24.4587,85.6636,9.88,81.1,26.87,3.95,9,470.59,54.4
V001,Ganga Glory,SMPK,19.9313,89.6308,9.36,102.97,27.69,4.49,2,322.2,34.04
V002,Bharat Star,SMPK,17.6867,87.8008,9.66,16.81,12.02,3.78,10,543.28,59.22
V003,Odisha Queen,SMPK,21.0765,92.6236,11.12,45.52,4.05,2.52,11,475.43,39.73
V002,Bharat Star,SMPK,19.2119,84.2703,9.12,228.74,14.29,2.56,7,559.43,56.12
V002,Bharat Star,VIZAG,16.1233,81.984,8.61,31.18,14.59,2.63,4,222.17,22.01
V004,Steel Infinity,VIZAG,16.0905,84.7587,11.77,346.97,24.15,4.29,6,237.45,21.5
V005,Eastern Titan,PARADIP,20.562,90.4893,8.59,177.21,20.02,2.02,2,404.04,37.8
V001,Ganga Glory,HALDIA,16.4484,87.1651,8.52,137.01,19.08,2.32,3,625.51,61.56
V004,Steel Infinity,VIZAG,14.3442,80.4337,12.54,358.75,23.22,1.61,9,480.54,36.65
V006,Himalaya Dawn,SMPK,21.3559,93.2303,14.91,65.43,20.06,2.38,9,525.49,34.79
V004,Steel Infinity,SMPK,27.5836,89.5117,8.19,128.38,8.12,3.74,7,572.85,66.58
V006,Himalaya Dawn,PARADIP,22.7688,89.013,11.45,216.87,12.47,3.25,12,367.94,34.24
V003,Odisha Queen,VIZAG,14.0135,79.9086,14.24,311.24,21.99,0.63,10,545.09,34.51
V004,Steel Infinity,HALDIA,23.105,82.3444,11.86,243.13,27.04,0.66,2,599.37,38.69
V003,Odisha Queen,PARADIP,19.7914,80.7006,10.62,332.24,5.56,0.92,8,621.04,44.97
V005,Eastern Titan,PARADIP,15.5248,84.4346,12.36,39.43,21.27,4.45,1,581.14,43.38
V004,Steel Infinity,VIZAG,21.1554,80.4955,12.04,299.83,2.29,2.3,11,483.44,36.18
V001,Ganga Glory,HALDIA,21.5458,90.771,12.67,188.41,30.37,1.15,2,284.65,18.27
V002,Bharat Star,SMPK,18.4516,89.8411,10.15,320.16,27.85,3.31,12,483.14,56.33
V006,Himalaya Dawn,VIZAG,20.2987,81.1885,8.7,196.74,13.1,1.9,11,363.99,39.75
V004,Steel Infinity,VIZAG,24.3334,82.0645,9.27,123.67,5.62,3.22,7,749.39,72.86
V002,Bharat Star,VIZAG,19.3972,76.5693,14.58,156.3,17.8,4.44,1,732.41,45.36
V001,Ganga Glory,VIZAG,16.7566,77.4754,12.96,259.58,18.06,4.05,12,625.14,56.24
V002,Bharat Star,HALDIA,18.3316,86.9547,10.41,105.18,8.92,0.63,9,424.98,32.29
V004,Steel Infinity,PARADIP,18.7843,92.7188,11.8,267.2,32.45,0.22,5,661.42,46.93
V004,Steel Infinity,SMPK,24.4602,85.7659,13.9,301.46,5.82,2.75,9,334.48,22.02
V003,Odisha Queen,VIZAG,12.7279,87.816,9.81,161.93,23.33,2.08,4,735.62,65.44
V007,Ocean Sapphire,SMPK,25.0881,89.8298,10.43,221.12,29.56,2.4,0,322.27,25.65
V007,Ocean Sapphire,SMPK,18.1702,89.3698,11.0,191.56,15.46,2.74,9,499.61,44.54
V004,Steel Infinity,HALDIA,15.1941,85.5832,10.57,133.05,30.14,1.9,9,801.51,77.64
V001,Ganga Glory,VIZAG,13.4178,78.2381,10.8,39.98,34.73,1.22,11,719.17,70.33
V002,Bharat Star,SMPK,23.9663,82.5953,9.95,155.19,27.91,2.66,6,603.63,59.79
V001,Ganga Glory,SMPK,26.5555,88.0128,14.97,225.05,4.58,1.44,12,446.33,26.08
V004,Steel Infinity,SMPK,20.6683,89.0573,14.91,173.22,29.97,3.0,1,223.41,13.35
V003,Odisha Queen,PARADIP,24.6969,88.1168,13.46,25.91,15.01,0.54,7,510.38,29.85
V005,Eastern Titan,VIZAG,17.9899,79.6265,11.69,195.32,21.87,0.22,0,388.14,22.27
V002,Bharat Star,SMPK,20.7182,83.7308,10.16,211.51,20.74,2.04,2,514.29,40.93
V002,Bharat Star,HALDIA,27.2011,83.7444,8.23,346.17,18.24,2.11,4,723.41,74.15
V002,Bharat Star,PARADIP,25.2477,85.5404,11.84,301.99,23.0,3.37,6,558.99,47.19
V003,Odisha Queen,VIZAG,14.7386,84.2232,8.85,222.6,8.05,1.37,8,343.28,31.66
V007,Ocean Sapphire,PARADIP,22.3984,89.3596,10.18,256.33,17.17,1.02,10,365.9,32.16
V004,Steel Infinity,SMPK,29.0251,86.6181,8.59,157.54,22.57,0.66,2,739.4,63.71
V002,Bharat Star,HALDIA,23.4381,83.2638,12.67,287.18,2.87,1.41,12,516.87,35.07
V002,Bharat Star,HALDIA,17.0707,86.5224,12.31,222.74,22.82,3.73,9,572.35,51.1
V005,Eastern Titan,PARADIP,15.5875,83.8722,12.48,158.46,26.82,1.11,1,601.11,37.0
V003,Odisha Queen,PARADIP,18.8528,80.8843,11.8,310.11,10.26,2.61,0,622.58,38.89
V001,Ganga Glory,PARADIP,19.0482,85.2982,12.45,270.37,3.49,3.25,6,197.86,13.78
V001,Ganga Glory,HALDIA,25.0203,88.4611,11.62,304.98,28.62,2.5,10,337.22,31.34
V007,Ocean Sapphire,VIZAG,17.0735,90.4789,10.52,38.01,4.44,1.46,3,766.94,51.13
V006,Himalaya Dawn,VIZAG,18.2,85.8478,11.55,208.15,17.03,2.95,4,277.49,21.32
V005,Eastern Titan,VIZAG,22.4209,79.792,9.77,170.3,33.02,1.59,8,639.81,65.36
V006,Himalaya Dawn,SMPK,21.9104,91.4606,10.46,330.41,9.41,0.41,0,332.99,19.53
V006,Himalaya Dawn,HALDIA,22.49,81.2876,11.85,356.83,21.69,1.75,1,698.97,45.72
V007,Ocean Sapphire,HALDIA,19.0178,87.7475,13.91,204.73,14.36,0.91,2,334.31,17.0
V002,Bharat Star,HALDIA,20.0831,90.2276,8.95,242.14,31.92,0.87,11,310.65,35.1
V002,Bharat Star,HALDIA,19.3311,92.402,8.6,149.88,19.23,3.29,5,541.05,59.5
V005,Eastern Titan,VIZAG,14.3562,89.6547,12.67,332.33,18.42,3.19,12,775.49,67.64
V007,Ocean Sapphire,PARADIP,17.2378,84.7711,13.12,173.23,5.93,4.21,12,394.13,32.68
V001,Ganga Glory,SMPK,22.3113,92.3304,13.45,280.03,31.44,3.58,10,415.09,36.26
V006,Himalaya Dawn,HALDIA,20.728,83.653,8.66,270.44,2.52,3.53,8,478.07,51.01
V004,Steel Infinity,PARADIP,21.3946,93.8038,10.28,161.45,20.56,0.81,7,755.89,61.88
V001,Ganga Glory,VIZAG,13.3483,84.4445,12.73,66.63,31.22,4.43,5,498.63,42.73
V002,Bharat Star,SMPK,22.7903,92.7574,12.74,315.43,19.5,2.27,3,458.11,30.13
V005,Eastern Titan,PARADIP,13.4426,85.759,8.15,43.22,9.51,0.77,2,770.19,63.48
V005,Eastern Titan,VIZAG,19.289,86.4879,8.9,135.52,4.98,3.65,0,382.15,32.84
V003,Odisha Queen,SMPK,23.3025,91.7545,14.83,301.74,2.09,1.93,8,363.53,19.94
V001,Ganga Glory,HALDIA,21.5567,81.1919,14.0,215.98,32.02,0.71,2,710.89,40.48
V002,Bharat Star,HALDIA,24.074,83.4551,13.73,209.5,9.4,0.72,3,524.06,26.21
V005,Eastern Titan,PARADIP,13.5834,88.8023,8.17,126.0,29.33,3.22,10,784.16,108.97
V002,Bharat Star,HALDIA,17.5125,87.5761,8.89,300.87,34.75,2.66,10,502.66,64.12
V002,Bharat Star,SMPK,22.8713,86.502,11.91,309.25,12.18,3.2,9,187.86,15.61
V006,Himalaya Dawn,PARADIP,24.305,88.9596,9.27,3.94,10.06,3.58,2,504.22,45.47
V004,Steel Infinity,PARADIP,24.3517,85.3264,10.86,28.36,13.55,0.3,7,467.62,32.82
V001,Ganga Glory,HALDIA,19.0392,83.9647,9.98,231.12,6.01,3.23,11,539.38,53.75
V007,Ocean Sapphire,VIZAG,17.7951,90.5266,11.46,79.51,14.21,0.28,8,767.5,52.51
V006,Himalaya Dawn,SMPK,19.3835,87.4525,12.2,168.53,15.64,1.34,9,362.92,26.34
V001,Ganga Glory,PARADIP,20.4996,83.9024,8.42,140.95,3.05,3.55,6,283.91,29.8
V007,Ocean Sapphire,VIZAG,14.7243,87.064,12.77,28.95,4.93,4.18,12,521.48,44.06
V001,Ganga Glory,VIZAG,17.6374,78.7128,9.64,110.46,11.18,2.89,1,483.93,39.15
V004,Steel Infinity,VIZAG,16.9858,87.7474,11.74,337.13,23.97,1.15,11,480.58,39.86
V007,Ocean Sapphire,VIZAG,17.6295,86.3194,11.45,326.59,11.08,2.94,0,322.11,21.37
V004,Steel Infinity,SMPK,15.6893,88.6522,11.34,341.94,32.05,1.45,8,763.77,66.15
V005,Eastern Titan,SMPK,25.6815,90.872,8.58,291.99,23.52,2.79,0,435.15,41.52
V001,Ganga Glory,SMPK,28.8843,91.5708,11.84,207.41,32.71,0.28,5,776.71,55.26
V007,Ocean Sapphire,SMPK,22.5143,84.9108,14.18,6.62,23.8,0.76,9,348.11,22.14
V004,Steel Infinity,HALDIA,25.814,83.8675,9.87,171.75,26.34,1.27,11,600.35,60.78
V004,Steel Infinity,SMPK,28.6987,91.9599,12.38,180.27,2.68,2.36,0,775.8,42.78
V006,Himalaya Dawn,PARADIP,21.182,93.7447,13.16,323.05,32.4,4.47,1,746.94,55.96
V005,Eastern Titan,PARADIP,17.0867,91.3468,14.49,200.53,7.41,1.12,3,614.01,29.6
V007,Ocean Sapphire,VIZAG,14.4348,79.3255,14.0,25.61,24.12,1.11,12,556.33,39.49
V006,Himalaya Dawn,PARADIP,17.2358,87.4263,8.37,230.93,24.14,1.87,5,353.29,37.48
V005,Eastern Titan,VIZAG,11.7622,84.3597,9.22,331.62,16.19,0.75,5,669.27,55.83
V007,Ocean Sapphire,VIZAG,18.576,80.3991,9.93,327.45,26.36,2.42,2,319.97,27.8
V003,Odisha Queen,VIZAG,20.4345,83.0613,8.16,180.83,4.39,2.51,3,306.04,28.62
V003,Odisha Queen,VIZAG,16.6721,80.7308,14.73,228.14,20.29,0.58,6,293.51,16.02
V003,Odisha Queen,VIZAG,18.6949,81.3654,13.98,21.73,23.47,2.51,9,231.06,16.86
V006,Himalaya Dawn,SMPK,19.5042,84.7692,12.4,107.42,20.23,2.23,2,498.95,32.86
V005,Eastern Titan,HALDIA,16.3879,87.6056,14.5,280.71,22.6,4.47,10,626.96,50.82
V006,Himalaya Dawn,VIZAG,21.877,83.6377,11.3,6.08,16.54,1.63,4,467.07,33.24
V001,Ganga Glory,SMPK,17.8058,84.8961,11.07,14.01,11.56,2.68,3,635.92,46.84
V004,Steel Infinity,PARADIP,16.1084,83.7942,14.89,255.26,4.35,3.43,4,555.28,31.3
V007,Ocean Sapphire,PARADIP,20.4203,83.6822,12.42,48.87,17.42,0.2,4,306.44,17.84
V006,Himalaya Dawn,VIZAG,12.0274,83.3182,14.52,115.31,27.6,1.42,11,629.67,44.2
V005,Eastern Titan,SMPK,26.9586,83.4785,12.47,335.05,9.59,0.3,2,690.75,35.72
V007,Ocean Sapphire,VIZAG,22.3902,80.9252,10.47,206.17,9.29,4.11,0,577.59,44.85
V006,Himalaya Dawn,VIZAG,12.7779,77.9511,11.77,217.8,22.75,0.71,10,790.53,61.3
V002,Bharat Star,PARADIP,14.8223,90.4238,11.46,242.3,11.75,4.45,4,732.21,60.42
V006,Himalaya Dawn,PARADIP,18.0975,89.6634,10.87,261.47,27.98,3.4,5,403.95,37.41
V004,Steel Infinity,HALDIA,22.7392,92.8811,11.93,245.17,3.62,2.17,11,502.29,37.94
V002,Bharat Star,PARADIP,22.5658,89.5096,8.72,320.9,16.78,3.83,0,389.59,37.44
V007,Ocean Sapphire,SMPK,28.9659,88.4727,14.58,228.04,13.53,2.71,12,713.62,50.59
V005,Eastern Titan,SMPK,18.4838,87.8643,12.24,271.4,24.17,4.03,12,454.41,44.89
V003,Odisha Queen,VIZAG,14.6173,83.4141,9.14,257.52,33.91,1.61,2,341.96,32.15
V002,Bharat Star,HALDIA,22.5004,86.2869,9.43,17.99,22.22,1.56,3,190.45,16.39
V001,Ganga Glory,PARADIP,21.7571,87.64,13.39,31.97,9.02,0.56,4,191.68,9.94
V003,Odisha Queen,PARADIP,19.3455,91.5574,14.69,52.33,7.81,3.63,7,527.67,33.85
V006,Himalaya Dawn,PARADIP,19.5392,82.461,14.43,108.54,7.9,0.51,6,443.34,22.15
V002,Bharat Star,HALDIA,24.3936,82.5953,11.37,174.35,30.33,0.75,1,618.12,41.71
V001,Ganga Glory,SMPK,27.4198,89.3332,11.43,354.3,27.58,2.65,9,551.41,51.03
V005,Eastern Titan,HALDIA,23.6868,92.8836,9.2,34.39,12.86,2.46,9,528.22,54.2
V007,Ocean Sapphire,HALDIA,25.4088,88.165,9.58,295.49,31.84,3.26,7,378.08,42.44
V003,Odisha Queen,VIZAG,14.2302,82.8587,14.22,310.41,31.93,3.02,12,387.34,32.47
V002,Bharat Star,VIZAG,21.8952,88.1063,13.58,96.05,2.96,3.29,8,688.08,46.13
V004,Steel Infinity,HALDIA,22.869,80.8987,12.89,46.13,27.54,3.67,5,742.1,58.78
V003,Odisha Queen,PARADIP,21.6973,88.7475,10.8,104.47,26.81,0.49,0,268.74,17.71
V003,Odisha Queen,PARADIP,17.4392,87.1291,10.79,256.64,11.4,2.05,0,324.78,21.45
V003,Odisha Queen,VIZAG,20.7429,85.4352,10.68,319.01,22.24,1.51,12,407.96,38.56
V006,Himalaya Dawn,SMPK,26.4268,87.3304,14.72,324.92,21.1,2.81,6,442.1,28.58
V002,Bharat Star,PARADIP,15.4997,81.7974,11.73,18.28,28.93,2.31,10,739.9,67.37
V002,Bharat Star,HALDIA,17.8256,91.2181,10.66,137.1,6.71,3.84,3,570.46,45.76
V005,Eastern Titan,PARADIP,17.0797,81.9626,12.38,65.74,12.14,4.01,4,608.56,45.3
V007,Ocean Sapphire,SMPK,26.9483,84.7481,11.46,1.12,18.09,0.2,9,606.4,43.63
V007,Ocean Sapphire,VIZAG,15.9187,79.7695,11.85,38.64,11.9,3.52,1,422.39,29.19
V005,Eastern Titan,PARADIP,22.4505,86.6986,13.61,151.16,21.54,0.83,11,237.05,16.25
V007,Ocean Sapphire,SMPK,19.119,86.8331,10.26,76.19,2.74,3.88,4,410.83,34.32
V005,Eastern Titan,HALDIA,25.9732,93.1343,13.25,166.03,10.45,1.28,9,678.04,43.29
V006,Himalaya Dawn,SMPK,21.0442,84.4149,12.2,95.51,9.71,0.77,11,434.63,30.06
V003,Odisha Queen,VIZAG,13.9553,79.4896,8.8,140.49,24.75,1.14,3,580.35,52.91
V001,Ganga Glory,SMPK,20.5451,83.1412,9.37,225.25,27.76,2.65,7,578.18,62.24
V006,Himalaya Dawn,HALDIA,27.5477,85.3087,9.76,38.16,7.8,2.48,12,675.44,67.46
V002,Bharat Star,VIZAG,13.7608,84.9902,13.88,227.72,17.24,3.4,5,473.69,32.08
V007,Ocean Sapphire,VIZAG,23.9569,86.1294,9.06,345.31,33.31,1.43,9,757.08,84.68
V002,Bharat Star,PARADIP,19.9417,88.7696,8.2,151.33,22.0,2.95,0,228.33,22.81
V007,Ocean Sapphire,PARADIP,16.7354,91.037,13.03,359.29,20.56,3.16,4,612.89,43.32
V001,Ganga Glory,HALDIA,24.5176,88.9224,14.15,340.72,17.96,0.62,7,292.42,16.78
V003,Odisha Queen,PARADIP,17.8448,88.9369,14.31,202.1,29.76,0.84,12,367.44,26.08
V001,Ganga Glory,SMPK,25.5461,88.5662,9.4,236.16,19.73,0.81,2,334.24,26.04
V004,Steel Infinity,HALDIA,28.0397,91.0231,8.91,144.26,2.32,1.76,10,733.84,69.4
V007,Ocean Sapphire,SMPK,21.0389,89.3826,10.94,349.05,27.21,1.96,0,201.81,14.64
V004,Steel Infinity,VIZAG,18.8116,80.4823,11.48,155.58,25.68,1.46,3,320.68,23.08
V005,Eastern Titan,SMPK,15.9977,86.6128,8.31,159.72,27.17,3.72,6,749.77,94.58
V003,Odisha Queen,HALDIA,26.6258,87.1947,11.76,120.82,16.97,0.36,0,520.68,28.86
V005,Eastern Titan,PARADIP,14.6442,86.8235,10.1,35.33,24.82,2.54,6,631.49,59.91
V004,Steel Infinity,HALDIA,22.3914,95.1821,11.64,204.03,11.22,4.4,9,734.39,67.23
V005,Eastern Titan,PARADIP,26.4839,88.4215,8.9,33.29,12.59,2.56,4,709.59,66.69
V006,Himalaya Dawn,HALDIA,23.7591,90.558,8.74,41.21,30.53,3.28,3,321.41,35.4
V003,Odisha Queen,VIZAG,23.3736,85.7088,8.01,139.73,33.7,3.03,3,680.66,82.09
V001,Ganga Glory,VIZAG,16.6607,81.0282,11.82,207.36,23.92,0.79,10,265.19,20.78
V005,Eastern Titan,HALDIA,18.8592,86.2056,12.42,16.3,32.17,3.96,2,400.09,31.71
V005,Eastern Titan,SMPK,21.0395,89.4127,12.25,36.13,20.03,3.87,7,203.49,17.24
V002,Bharat Star,HALDIA,22.273,85.9982,12.35,55.23,24.42,2.18,6,214.36,16.19
V003,Odisha Queen,PARADIP,21.2383,83.2912,9.62,142.97,14.52,3.62,3,360.81,33.3
V005,Eastern Titan,HALDIA,21.7563,89.9422,9.17,112.2,11.36,2.08,8,196.25,18.96
V007,Ocean Sapphire,VIZAG,20.4299,82.2082,14.0,162.07,26.38,1.29,7,324.81,21.13
V006,Himalaya Dawn,PARADIP,24.4316,87.8193,14.86,301.08,12.48,1.71,4,473.51,25.0
V005,Eastern Titan,PARADIP,24.1609,84.8226,9.31,11.35,15.31,1.73,5,465.41,41.2
V002,Bharat Star,PARADIP,18.492,88.2633,9.37,79.14,18.25,2.02,3,266.49,23.21
V006,Himalaya Dawn,HALDIA,22.7325,81.8787,12.06,11.52,11.61,0.48,3,640.61,36.43
V004,Steel Infinity,HALDIA,20.3696,89.0599,9.49,56.57,9.99,0.37,1,209.8,14.0
V004,Steel Infinity,PARADIP,21.7478,82.4013,13.71,18.31,21.97,2.4,4,465.71,30.02
V003,Odisha Queen,SMPK,16.7701,90.6105,8.51,138.09,6.26,4.44,2,686.68,69.64
V007,Ocean Sapphire,PARADIP,17.8168,89.2606,11.45,85.25,22.97,0.26,6,393.02,27.5
V001,Ganga Glory,VIZAG,13.823,80.5282,10.52,46.61,30.87,4.48,10,521.13,61.16
V007,Ocean Sapphire,PARADIP,14.9712,89.2705,8.06,183.49,19.6,0.65,4,657.68,62.28
V004,Steel Infinity,SMPK,19.3541,84.796,12.11,124.51,12.88,0.75,10,508.56,35.54
V002,Bharat Star,HALDIA,16.8823,88.3284,12.12,36.75,28.04,0.31,11,570.87,44.42
V002,Bharat Star,HALDIA,28.1086,86.8096,8.42,323.82,14.58,1.51,3,689.71,62.59
V004,Steel Infinity,SMPK,19.0122,88.7905,12.16,195.85,22.86,2.76,1,396.67,27.32
V001,Ganga Glory,PARADIP,22.3463,83.1744,12.83,351.74,31.39,3.53,8,422.03,36.76
V006,Himalaya Dawn,PARADIP,26.6315,88.9052,10.44,319.51,12.92,4.17,1,739.44,60.97
V003,Odisha Queen,HALDIA,19.8322,81.3799,10.06,303.89,20.34,3.0,0,734.76,59.36
V004,Steel Infinity,SMPK,17.4617,86.6151,9.73,43.68,6.49,1.9,0,592.52,41.32
V002,Bharat Star,VIZAG,13.7033,82.7932,11.26,255.53,32.3,2.32,2,446.35,35.33
V004,Steel Infinity,PARADIP,14.3684,86.2441,10.68,177.42,21.18,4.3,12,662.99,74.94
V002,Bharat Star,VIZAG,21.3652,86.3866,8.58,0.5,20.64,3.06,3,522.44,54.27
V001,Ganga Glory,VIZAG,17.5557,85.93,12.55,97.77,33.57,2.09,7,281.23,22.63
V007,Ocean Sapphire,VIZAG,17.8188,78.7215,13.45,172.18,8.39,3.54,12,482.94,37.94
V005,Eastern Titan,HALDIA,23.7043,87.1489,12.58,227.14,26.74,2.59,5,210.25,15.86
V006,Himalaya Dawn,SMPK,22.5938,82.0745,10.16,84.01,8.13,1.3,1,639.19,42.44
V003,Odisha Queen,VIZAG,14.0655,86.6032,14.32,329.9,26.42,3.86,6,537.32,39.51
V006,Himalaya Dawn,PARADIP,18.598,80.912,13.79,28.04,24.26,0.98,10,628.28,42.92
V002,Bharat Star,VIZAG,13.999,77.2748,10.34,51.4,16.12,2.07,1,762.16,56.15
V002,Bharat Star,PARADIP,18.5523,87.957,9.46,93.31,10.18,2.19,1,241.43,18.77
V001,Ganga Glory,HALDIA,26.0824,93.2417,9.02,257.3,14.62,2.6,0,694.05,58.48
V006,Himalaya Dawn,HALDIA,20.1342,88.7952,9.06,288.77,30.2,0.75,11,222.09,24.27
V003,Odisha Queen,HALDIA,16.2921,85.671,12.0,76.76,34.87,3.86,8,683.48,66.23
V007,Ocean Sapphire,PARADIP,23.6167,85.3686,8.69,157.99,19.53,0.76,0,388.61,30.72
V002,Bharat Star,VIZAG,21.5816,84.7764,13.46,75.9,21.42,1.04,3,460.22,26.56
V001,Ganga Glory,HALDIA,21.642,91.3989,12.97,231.89,22.41,3.01,4,347.07,24.71
V002,Bharat Star,HALDIA,25.2965,86.8467,14.07,56.8,9.36,0.46,0,385.76,16.88
V007,Ocean Sapphire,HALDIA,20.892,86.1961,13.91,270.7,15.23,1.66,5,229.48,13.52
V007,Ocean Sapphire,PARADIP,20.7077,91.6297,8.64,209.95,27.39,4.04,2,523.48,58.26
V004,Steel Infinity,PARADIP,19.5046,90.279,8.64,236.51,3.16,1.78,8,393.13,36.88
V004,Steel Infinity,HALDIA,26.7262,88.1132,10.68,149.05,6.53,0.81,8,524.44,37.74
V001,Ganga Glory,VIZAG,21.9708,82.9481,8.85,152.75,4.4,3.29,2,477.27,42.44
V006,Himalaya Dawn,SMPK,25.2885,90.4279,9.8,61.79,13.17,2.52,7,373.49,34.5
V007,Ocean Sapphire,HALDIA,27.2229,84.773,12.58,232.45,22.26,0.86,5,668.04,43.21
V003,Odisha Queen,PARADIP,18.1401,89.0915,8.51,183.49,16.45,2.79,3,355.07,35.48
V007,Ocean Sapphire,PARADIP,15.3152,86.1226,12.95,288.51,27.92,4.39,1,558.99,41.28
V001,Ganga Glory,HALDIA,23.8038,86.9467,12.59,79.74,7.48,3.58,4,229.75,15.83
V004,Steel Infinity,PARADIP,21.9915,83.0019,8.88,77.44,4.31,3.75,2,418.68,38.32
V007,Ocean Sapphire,HALDIA,18.6603,90.8929,13.07,12.95,28.52,4.4,1,475.34,34.93
V007,Ocean Sapphire,PARADIP,21.9481,91.6608,12.79,251.79,21.78,2.77,5,553.22,40.2
V006,Himalaya Dawn,HALDIA,26.3547,82.7584,8.9,100.17,24.05,2.39,3,722.73,70.78
V003,Odisha Queen,VIZAG,19.0681,85.9041,11.38,212.22,20.22,3.19,1,316.47,23.55
V007,Ocean Sapphire,HALDIA,21.0045,84.5881,8.42,162.3,12.1,4.37,10,376.16,48.92
V005,Eastern Titan,HALDIA,25.9576,88.4722,10.31,24.67,21.53,4.26,4,440.94,42.51
V005,Eastern Titan,HALDIA,22.5745,85.6808,14.05,53.63,31.28,2.62,11,252.7,20.36
V001,Ganga Glory,PARADIP,21.9405,81.9411,13.06,342.2,6.15,2.71,3,517.63,31.11
V004,Steel Infinity,VIZAG,13.3473,87.2059,13.2,289.96,12.17,1.85,5,640.31,39.39
V001,Ganga Glory,HALDIA,24.7981,93.4811,14.89,320.58,25.07,1.22,5,634.05,36.33
V004,Steel Infinity,VIZAG,11.6438,80.3463,12.36,20.69,19.5,2.47,11,742.61,62.27
V007,Ocean Sapphire,SMPK,19.0519,88.1034,12.94,321.28,14.58,3.3,5,389.51,27.61
V001,Ganga Glory,VIZAG,19.8241,83.9358,14.73,134.46,18.57,2.17,1,247.14,13.1
V007,Ocean Sapphire,PARADIP,24.4752,86.8575,12.29,205.62,19.48,0.35,11,462.68,33.28
V006,Himalaya Dawn,PARADIP,17.4788,88.8965,11.85,218.31,18.12,3.67,7,396.42,33.87
V005,Eastern Titan,VIZAG,22.6388,88.2255,10.7,250.17,27.79,4.09,9,754.34,81.63
V006,Himalaya Dawn,PARADIP,14.9135,88.6321,10.49,117.69,32.92,0.54,6,637.84,53.63
V003,Odisha Queen,HALDIA,18.1799,85.7408,8.86,229.65,29.4,3.13,4,489.9,53.81
V007,Ocean Sapphire,HALDIA,24.5034,86.9924,8.09,35.59,13.16,2.14,3,297.93,29.2
V006,Himalaya Dawn,VIZAG,16.5316,84.9531,8.23,256.13,18.9,0.45,6,219.56,20.99
V004,Steel Infinity,VIZAG,20.1233,85.5009,13.47,114.52,10.01,3.56,0,357.46,20.89
V006,Himalaya Dawn,SMPK,23.776,94.0055,12.14,119.51,16.4,2.06,0,598.95,36.54
V005,Eastern Titan,SMPK,20.7145,90.9949,12.89,318.16,20.47,3.25,6,345.31,26.14
V007,Ocean Sapphire,SMPK,19.713,82.3493,12.64,215.65,20.02,1.69,5,693.03,46.68
V002,Bharat Star,VIZAG,13.1912,85.3186,10.51,358.65,19.7,0.63,10,545.86,45.99
V003,Odisha Queen,SMPK,23.366,82.24,13.66,5.18,20.65,3.92,11,627.01,52.75
V004,Steel Infinity,HALDIA,23.5583,86.5094,12.45,222.24,2.27,3.57,0,234.32,14.03
V002,Bharat Star,PARADIP,22.3251,86.3801,13.7,102.38,8.12,4.03,11,224.34,17.48
V003,Odisha Queen,VIZAG,14.4425,87.0041,8.97,357.26,20.91,1.19,12,537.3,58.5
V004,Steel Infinity,PARADIP,24.2701,85.8078,12.91,89.3,3.21,3.54,10,447.11,33.74
V002,Bharat Star,HALDIA,28.418,85.1478,14.67,59.4,32.37,2.21,2,770.32,46.48
V005,Eastern Titan,SMPK,17.1862,84.6685,9.47,131.59,11.27,2.0,6,706.97,62.53
V006,Himalaya Dawn,HALDIA,27.7108,90.3283,9.48,250.0,19.69,3.95,8,673.89,75.87
V001,Ganga Glory,PARADIP,23.7115,85.4632,9.09,64.84,13.97,3.08,2,395.51,36.08
V001,Ganga Glory,SMPK,18.6227,88.2033,12.83,298.47,12.33,2.26,4,436.81,27.8
V005,Eastern Titan,VIZAG,21.2293,82.1643,14.93,79.17,25.44,2.63,9,410.56,28.64
V005,Eastern Titan,VIZAG,16.8955,78.5966,12.42,295.68,7.37,0.34,0,505.0,24.35
V004,Steel Infinity,HALDIA,27.0252,90.2455,9.81,191.15,10.66,3.79,2,599.85,52.05
V001,Ganga Glory,VIZAG,13.3963,85.5524,11.71,19.24,3.72,4.09,0,535.89,35.77
V007,Ocean Sapphire,HALDIA,19.6692,90.3316,9.62,69.91,17.99,3.25,11,351.37,39.53
V006,Himalaya Dawn,VIZAG,16.3534,77.3729,12.26,75.48,30.93,2.82,5,645.37,52.07
V006,Himalaya Dawn,PARADIP,18.0484,85.8094,12.7,88.56,33.01,1.85,10,266.55,22.35
V006,Himalaya Dawn,VIZAG,15.5488,89.9625,12.29,271.77,25.53,4.06,3,750.69,59.79
V002,Bharat Star,VIZAG,17.932,78.6025,9.32,234.13,17.74,4.1,4,495.9,51.15
V001,Ganga Glory,VIZAG,19.0468,78.2338,11.77,216.24,21.11,3.78,3,553.45,44.01
V003,Odisha Queen,SMPK,21.4195,83.8511,11.75,232.68,27.32,1.42,3,475.61,33.76
V003,Odisha Queen,SMPK,25.8408,87.8151,10.01,189.65,6.47,2.67,11,369.21,35.32
V003,Odisha Queen,VIZAG,15.0651,86.7474,14.59,58.88,12.86,0.91,8,471.16,26.4
V001,Ganga Glory,HALDIA,19.7542,82.4955,9.45,285.02,8.02,1.49,4,630.1,49.63
V003,Odisha Queen,HALDIA,25.6051,88.3391,10.73,275.58,26.58,0.79,11,400.77,36.12
V002,Bharat Star,HALDIA,25.5652,88.0177,10.52,53.35,5.43,2.81,7,395.34,32.83
V001,Ganga Glory,VIZAG,18.4703,77.3237,8.46,223.4,19.78,3.69,6,635.52,75.08
V006,Himalaya Dawn,HALDIA,24.9355,90.6684,8.49,132.8,29.91,1.42,1,420.21,39.71
V005,Eastern Titan,PARADIP,18.1259,91.7693,14.92,8.43,25.28,2.22,7,593.1,38.34
V006,Himalaya Dawn,VIZAG,12.3152,81.3262,11.03,320.24,28.59,2.32,6,633.38,55.61
V002,Bharat Star,HALDIA,21.1237,91.5635,8.2,344.26,3.94,3.0,4,375.45,37.13
V006,Himalaya Dawn,HALDIA,24.3311,89.4142,8.67,87.02,4.78,4.0,1,292.87,27.23
V007,Ocean Sapphire,VIZAG,23.0402,86.3124,8.27,284.74,16.03,0.78,5,673.6,62.68
V003,Odisha Queen,HALDIA,25.9445,87.8088,13.8,252.02,7.44,1.2,1,438.24,21.12
V004,Steel Infinity,SMPK,29.2915,86.1294,14.61,265.7,16.11,1.03,5,780.36,41.98
V001,Ganga Glory,VIZAG,21.8507,87.4616,13.19,242.84,15.43,1.41,0,636.7,33.81
V002,Bharat Star,VIZAG,13.054,83.0339,14.1,160.47,15.11,4.38,5,516.18,36.17
V007,Ocean Sapphire,PARADIP,19.1161,88.1501,8.96,218.35,14.17,4.24,11,208.73,26.23
V003,Odisha Queen,PARADIP,17.2026,87.5825,10.21,359.55,12.95,0.32,4,361.15,24.88
V003,Odisha Queen,SMPK,19.9287,89.4228,12.96,233.62,16.31,1.36,12,313.84,23.13
V005,Eastern Titan,HALDIA,20.4863,86.9957,13.63,205.46,28.63,0.43,11,202.16,14.18
V002,Bharat Star,PARADIP,13.4381,87.3487,8.46,357.85,2.93,0.75,12,769.14,73.83
V005,Eastern Titan,HALDIA,17.7428,91.584,8.82,201.86,13.67,0.53,9,600.71,55.61
V007,Ocean Sapphire,PARADIP,23.0299,84.319,8.52,290.29,7.63,2.0,8,383.82,38.53
V007,Ocean Sapphire,PARADIP,17.3282,90.403,11.05,289.56,15.97,1.13,4,518.79,36.17
V005,Eastern Titan,SMPK,23.4748,92.4071,13.43,347.11,31.12,1.38,9,432.72,32.06
V007,Ocean Sapphire,HALDIA,20.5213,84.9166,14.19,309.4,4.57,4.18,0,365.37,20.37
V002,Bharat Star,HALDIA,20.3568,84.8888,8.99,101.68,20.78,4.11,1,376.68,37.76
V006,Himalaya Dawn,SMPK,22.7816,95.2371,12.25,341.16,29.88,1.03,7,712.2,53.32
V006,Himalaya Dawn,HALDIA,26.4826,88.1568,13.22,205.52,12.84,1.34,5,497.43,29.52
V005,Eastern Titan,VIZAG,23.3393,79.9367,11.48,192.4,15.3,0.98,11,718.12,56.26
V006,Himalaya Dawn,VIZAG,14.0949,79.6035,12.44,282.75,23.11,1.71,1,560.65,35.17
V002,Bharat Star,PARADIP,26.4758,87.325,10.57,201.44,33.77,2.58,10,688.26,73.03
V004,Steel Infinity,VIZAG,11.4759,84.5309,8.69,263.81,17.21,0.71,12,703.95,74.05
V004,Steel Infinity,HALDIA,22.2182,83.7767,9.21,277.61,18.51,3.66,0,441.83,40.22
V002,Bharat Star,VIZAG,14.2025,80.9413,13.29,40.15,9.84,4.11,5,461.39,32.58
V005,Eastern Titan,HALDIA,26.3746,89.5407,13.98,53.83,3.82,2.46,12,508.02,34.29
V001,Ganga Glory,SMPK,19.7214,88.7236,14.03,301.38,25.11,2.86,5,317.58,21.63
V005,Eastern Titan,PARADIP,21.7577,82.0347,9.83,221.82,13.44,1.75,10,501.98,47.0
V007,Ocean Sapphire,PARADIP,24.6384,85.6612,14.5,191.12,27.86,0.88,7,490.17,30.21
V006,Himalaya Dawn,VIZAG,15.6226,83.1034,13.12,213.4,33.96,3.9,11,230.65,21.85
V001,Ganga Glory,PARADIP,17.3683,84.2849,12.73,245.83,15.01,1.9,8,409.99,28.94
V005,Eastern Titan,SMPK,25.41,89.9001,12.99,64.36,7.13,4.31,0,357.15,22.33
V002,Bharat Star,VIZAG,19.2879,79.432,8.69,71.65,5.75,2.55,0,442.96,36.17
V001,Ganga Glory,VIZAG,19.9295,84.4284,11.12,175.59,2.14,1.54,9,276.81,20.1
V007,Ocean Sapphire,HALDIA,29.2483,88.1983,12.04,289.34,6.15,4.28,3,804.98,58.69
V004,Steel Infinity,SMPK,21.1564,83.1322,13.4,272.87,6.33,0.75,7,555.36,30.84
V007,Ocean Sapphire,VIZAG,11.085,80.2058,9.72,29.37,8.68,1.86,6,805.54,67.29
V003,Odisha Queen,VIZAG,24.207,84.6624,9.92,21.73,8.04,4.2,11,738.72,80.32
V003,Odisha Queen,PARADIP,15.4888,84.4751,14.83,345.96,2.28,4.4,12,583.14,42.28
V006,Himalaya Dawn,SMPK,25.4571,82.5553,13.7,337.0,26.25,1.53,8,666.97,46.18
V001,Ganga Glory,VIZAG,15.4964,87.3099,13.83,343.43,5.3,3.84,6,493.84,32.73
V003,Odisha Queen,SMPK,24.6974,89.197,12.02,234.45,14.46,1.47,9,255.67,18.85
V004,Steel Infinity,HALDIA,22.9648,89.9106,14.32,36.45,5.07,0.25,11,217.76,11.76
V003,Odisha Queen,VIZAG,19.2904,81.3388,11.44,238.39,19.05,2.53,0,271.24,18.5
V001,Ganga Glory,HALDIA,24.9867,82.5224,13.3,113.69,6.02,3.18,10,654.43,47.66
V001,Ganga Glory,SMPK,17.6839,84.4995,9.61,45.31,30.99,0.87,11,670.89,70.09
V001,Ganga Glory,VIZAG,21.1936,82.3956,10.61,14.92,17.8,2.1,7,400.46,34.26
V006,Himalaya Dawn,SMPK,17.2259,91.1998,12.06,129.79,17.98,3.83,6,665.08,54.97
V002,Bharat Star,SMPK,24.1588,87.2896,8.35,139.14,27.64,3.32,7,206.5,26.01
V004,Steel Infinity,VIZAG,17.9533,85.3077,14.64,112.52,17.53,2.55,11,216.64,15.21
V004,Steel Infinity,PARADIP,19.436,82.9252,12.63,58.18,24.74,1.18,9,398.67,29.59
V002,Bharat Star,VIZAG,15.376,82.5435,10.11,64.78,4.1,2.25,6,269.01,21.48
V002,Bharat Star,VIZAG,22.4922,84.2121,8.35,188.46,5.5,0.91,7,542.77,48.73
V004,Steel Infinity,PARADIP,17.7519,84.5023,11.47,202.57,17.8,0.31,4,362.05,23.1
V006,Himalaya Dawn,SMPK,24.6627,89.4004,14.06,173.27,24.01,0.45,12,260.3,17.49
V005,Eastern Titan,SMPK,24.5285,93.5246,10.66,348.52,4.25,0.61,7,576.19,39.01
V002,Bharat Star,HALDIA,22.4843,92.2955,10.44,171.17,22.66,4.27,10,439.07,48.86
V002,Bharat Star,VIZAG,22.3629,83.733,9.38,24.21,8.56,1.01,2,521.75,37.81
V003,Odisha Queen,HALDIA,17.7015,91.4804,11.48,310.73,31.01,1.98,11,597.83,56.45
V002,Bharat Star,HALDIA,17.903,88.4119,8.68,225.89,4.63,2.74,9,458.15,47.83
V001,Ganga Glory,HALDIA,29.0102,86.6078,8.05,80.83,30.73,0.64,0,791.88,72.9
V005,Eastern Titan,SMPK,23.8492,90.3544,9.37,186.18,8.07,2.07,8,254.86,23.47
V007,Ocean Sapphire,PARADIP,23.8338,89.2718,11.17,65.18,23.72,2.2,1,476.74,34.62
V003,Odisha Queen,HALDIA,20.1441,85.7389,13.04,295.28,22.88,0.36,9,317.86,21.17
V004,Steel Infinity,VIZAG,22.3388,81.1433,8.33,179.24,2.96,0.31,7,563.03,46.89
V002,Bharat Star,HALDIA,17.8011,86.9516,10.68,95.52,31.49,0.75,4,482.13,37.99
V007,Ocean Sapphire,SMPK,21.4703,82.2823,10.94,204.2,30.77,3.96,9,631.83,67.55
V002,Bharat Star,HALDIA,21.6204,93.8814,12.44,341.49,29.81,1.65,4,602.48,42.9
V004,Steel Infinity,VIZAG,12.6161,88.0851,13.76,61.31,4.15,1.44,12,764.24,48.41
V003,Odisha Queen,PARADIP,23.9819,80.8034,8.92,189.22,26.12,3.21,8,724.17,86.07
V007,Ocean Sapphire,VIZAG,16.2192,89.1068,11.41,256.45,23.35,0.38,4,640.92,43.24
V005,Eastern Titan,SMPK,17.4206,86.8779,12.74,246.89,17.54,2.95,1,589.39,37.86
V004,Steel Infinity,SMPK,27.8183,85.5691,10.59,60.82,4.61,1.15,6,646.98,45.24
V006,Himalaya Dawn,SMPK,27.6865,88.0738,13.57,302.98,17.43,3.3,3,571.61,37.34
V001,Ganga Glory,PARADIP,23.9251,89.1071,14.21,21.31,21.36,2.88,8,475.7,33.69
V007,Ocean Sapphire,VIZAG,17.5994,85.3288,10.02,4.25,9.44,1.7,4,217.33,16.6
V003,Odisha Queen,SMPK,27.6221,85.2137,9.18,162.33,6.82,0.51,2,643.88,44.97
V001,Ganga Glory,HALDIA,29.0696,88.5348,11.59,142.15,6.54,4.06,3,786.43,58.82
V006,Himalaya Dawn,HALDIA,25.2608,85.935,11.69,288.12,32.75,1.75,12,421.31,39.8
V004,Steel Infinity,SMPK,22.8675,84.886,11.99,255.33,2.94,1.04,12,351.95,24.46
V006,Himalaya Dawn,VIZAG,15.7869,84.0158,8.42,108.14,12.89,1.71,5,225.66,21.66
V001,Ganga Glory,VIZAG,22.4479,82.7493,10.28,100.42,14.07,1.16,7,531.95,42.53
V004,Steel Infinity,SMPK,29.2302,89.976,10.11,40.62,14.19,3.65,9,761.45,77.92
V005,Eastern Titan,SMPK,25.1526,92.9652,10.6,335.88,11.83,2.23,5,555.67,43.7
V006,Himalaya Dawn,PARADIP,21.3999,84.1554,14.36,98.56,6.43,0.21,9,282.84,14.68
V001,Ganga Glory,PARADIP,25.9998,87.0991,8.47,180.51,31.69,3.29,8,633.46,82.49
V001,Ganga Glory,PARADIP,14.652,88.4995,11.39,143.34,2.79,4.21,9,660.99,57.74
V003,Odisha Queen,SMPK,23.1153,84.5227,14.55,234.02,34.55,2.85,11,392.17,31.59
V001,Ganga Glory,SMPK,22.2032,81.6924,13.83,358.92,11.72,3.26,8,680.44,47.59
V007,Ocean Sapphire,HALDIA,28.5434,87.138,9.34,159.56,22.4,1.29,7,732.36,69.41
V002,Bharat Star,PARADIP,23.8466,89.0043,10.63,320.44,18.07,3.02,5,462.71,40.11
V003,Odisha Queen,VIZAG,24.3154,81.2482,8.37,60.52,34.56,0.24,6,766.26,79.95
V003,Odisha Queen,VIZAG,11.6846,83.9714,9.49,156.33,6.35,2.06,3,671.89,52.97
V002,Bharat Star,VIZAG,14.4239,85.6151,8.69,203.94,2.76,2.22,10,440.61,44.51
V004,Steel Infinity,VIZAG,17.3275,76.7558,10.44,154.24,33.99,2.7,6,692.98,68.15
V004,Steel Infinity,HALDIA,24.9768,89.5951,9.41,270.05,28.46,1.72,12,365.14,41.56
V002,Bharat Star,SMPK,20.3517,91.0072,11.16,2.12,18.35,2.66,4,371.79,29.24
V004,Steel Infinity,SMPK,20.9539,85.0091,11.1,330.61,29.88,4.36,8,383.4,40.17
V006,Himalaya Dawn,HALDIA,18.0865,89.0358,13.79,118.94,8.51,0.78,2,448.01,21.64
V002,Bharat Star,HALDIA,20.4297,84.5509,14.16,284.83,30.0,0.3,0,403.94,20.5
V007,Ocean Sapphire,SMPK,25.5521,91.6372,10.66,316.03,4.89,0.29,0,475.62,26.01
V006,Himalaya Dawn,VIZAG,22.5682,87.2599,8.25,26.22,12.54,1.58,12,683.18,78.14
V005,Eastern Titan,PARADIP,18.983,88.2144,11.47,261.0,17.56,0.94,1,223.55,13.78
V001,Ganga Glory,SMPK,17.7013,84.2266,11.6,228.03,21.92,1.89,2,686.58,47.74
V001,Ganga Glory,SMPK,23.6593,95.4102,8.74,226.72,13.95,2.35,1,737.51,64.59
V003,Odisha Queen,HALDIA,23.224,90.6658,11.23,137.02,29.27,0.38,12,299.59,26.1
V002,Bharat Star,SMPK,28.9087,90.5364,12.33,186.74,15.32,2.16,8,741.64,55.19
V003,Odisha Queen,HALDIA,23.3984,85.9927,12.63,235.11,19.14,1.36,3,262.3,16.24
V005,Eastern Titan,PARADIP,14.4509,85.3283,8.65,359.23,2.04,3.59,11,666.84,76.46
V005,Eastern Titan,VIZAG,15.1605,84.1113,14.24,347.36,10.72,3.49,0,294.91,16.31
V002,Bharat Star,HALDIA,21.9885,85.1792,10.53,359.99,3.39,1.3,0,297.01,17.74
V004,Steel Infinity,PARADIP,20.993,88.8846,11.49,348.75,16.0,2.67,8,247.22,20.58
V002,Bharat Star,HALDIA,26.9322,91.7218,11.86,256.3,4.75,0.82,11,660.88,45.27
V002,Bharat Star,HALDIA,24.6874,83.7319,9.59,70.58,10.5,4.31,9,532.72,58.56
V003,Odisha Queen,VIZAG,16.7835,79.5716,12.18,251.96,27.39,0.35,1,406.51,24.32
V002,Bharat Star,PARADIP,21.7321,88.3055,11.33,17.96,27.57,2.39,11,235.06,22.6
V007,Ocean Sapphire,VIZAG,12.8982,80.2091,12.92,56.22,31.71,3.07,5,626.35,48.93
V002,Bharat Star,PARADIP,17.7222,82.8385,12.28,0.38,21.97,4.25,2,491.34,37.71
V001,Ganga Glory,SMPK,24.8548,84.9605,14.29,222.77,31.38,1.26,1,425.74,23.89
V007,Ocean Sapphire,VIZAG,17.553,88.7972,13.93,270.71,28.52,1.37,1,584.88,33.25
V005,Eastern Titan,VIZAG,20.1739,79.4011,11.38,15.37,22.4,4.33,6,492.64,45.75
V001,Ganga Glory,PARADIP,24.9628,85.8254,12.06,124.84,14.09,2.69,10,522.65,42.94
V006,Himalaya Dawn,HALDIA,20.7874,85.4413,10.07,117.84,5.62,0.82,6,303.28,21.86
V004,Steel Infinity,HALDIA,23.9661,85.6895,9.01,287.17,13.07,1.18,0,325.85,24.42
V002,Bharat Star,SMPK,20.6815,94.6808,13.05,61.19,27.77,2.99,2,691.48,47.86
V006,Himalaya Dawn,VIZAG,15.9952,81.8694,10.69,206.5,22.44,1.73,8,240.93,21.11
V001,Ganga Glory,PARADIP,23.5602,80.7387,14.5,30.4,30.98,3.55,0,705.41,43.77
V002,Bharat Star,SMPK,19.2443,85.7596,10.7,315.56,16.12,3.06,7,452.47,40.59
V005,Eastern Titan,SMPK,17.8908,88.6899,13.06,25.02,26.34,4.24,10,519.67,47.17
V002,Bharat Star,VIZAG,11.9702,84.1592,13.96,46.1,13.95,2.45,1,642.99,35.51
V001,Ganga Glory,HALDIA,20.2164,87.2658,14.79,109.68,20.56,3.77,4,215.78,13.98
V007,Ocean Sapphire,HALDIA,23.3079,86.062,8.16,241.91,17.89,2.53,10,250.71,30.92
V007,Ocean Sapphire,PARADIP,17.2126,80.5214,14.91,70.17,2.47,3.93,6,729.03,44.22
V006,Himalaya Dawn,SMPK,26.7672,93.9434,8.05,312.19,17.8,1.07,0,738.13,63.71
V005,Eastern Titan,SMPK,25.4437,84.6662,12.43,300.35,28.52,1.06,7,489.63,35.84
V006,Himalaya Dawn,PARADIP,17.7889,80.4851,10.06,84.87,2.98,1.81,1,703.45,47.14
V003,Odisha Queen,SMPK,17.7168,84.3728,8.94,327.25,34.19,1.48,11,675.86,80.99
V002,Bharat Star,VIZAG,20.0596,76.6847,13.65,334.96,22.61,3.85,2,742.17,50.2
V005,Eastern Titan,SMPK,16.9723,87.1544,13.61,126.76,32.3,3.02,6,631.68,48.11
V003,Odisha Queen,PARADIP,17.2525,86.9166,13.63,209.34,3.49,3.96,0,342.51,19.44
V003,Odisha Queen,PARADIP,13.6156,84.9824,14.6,153.45,4.66,3.44,6,765.54,46.52
V007,Ocean Sapphire,VIZAG,20.4977,89.663,9.57,181.22,5.07,3.66,5,739.69,68.08
V006,Himalaya Dawn,PARADIP,21.5252,84.06,9.25,270.74,21.09,0.3,12,297.74,29.36
V003,Odisha Queen,HALDIA,20.0559,86.1754,10.57,230.22,19.79,2.84,9,292.35,28.13
V003,Odisha Queen,SMPK,25.2797,89.3119,11.85,129.76,5.92,0.67,2,320.48,17.45
V004,Steel Infinity,SMPK,25.5112,93.9701,10.32,73.84,33.96,3.49,10,663.22,76.27
V003,Odisha Queen,HALDIA,28.3016,91.1747,12.41,193.72,29.34,4.33,12,766.52,78.39
V004,Steel Infinity,SMPK,18.573,85.2588,8.92,111.49,21.73,0.77,9,543.83,54.19
V003,Odisha Queen,VIZAG,20.6392,89.4249,11.71,328.01,7.82,4.15,7,723.84,60.35
V003,Odisha Queen,VIZAG,20.7254,83.4915,8.23,1.39,23.58,0.61,8,338.25,35.71
V004,Steel Infinity,VIZAG,16.7325,84.8542,8.41,174.53,31.09,0.4,12,198.22,23.41
V004,Steel Infinity,SMPK,22.1528,91.7788,13.2,263.88,8.94,3.55,11,360.47,28.35
V005,Eastern Titan,PARADIP,22.3232,82.886,12.83,196.72,8.39,2.51,0,446.31,25.1
V007,Ocean Sapphire,VIZAG,19.5699,87.2683,12.19,316.31,15.47,1.72,10,469.33,35.89
V006,Himalaya Dawn,VIZAG,20.4487,81.3788,13.55,48.96,23.13,2.61,9,366.08,27.68
V007,Ocean Sapphire,VIZAG,17.2957,87.8374,12.71,323.53,10.15,2.15,12,485.3,36.97
V005,Eastern Titan,SMPK,27.3687,91.1691,8.67,219.27,24.19,1.69,10,608.82,69.61
V002,Bharat Star,SMPK,16.9291,89.9554,14.05,150.63,27.67,1.44,5,648.56,40.77
V003,Odisha Queen,HALDIA,21.3245,90.3085,9.45,201.27,21.65,3.5,11,244.54,29.15
V002,Bharat Star,PARADIP,14.2677,86.6273,12.66,144.83,18.54,3.34,7,672.99,52.84
V004,Steel Infinity,PARADIP,18.2782,84.1013,8.03,123.96,4.71,1.61,2,348.43,30.02
V003,Odisha Queen,SMPK,23.8199,85.9832,9.72,126.68,4.66,2.82,10,275.71,26.49
V001,Ganga Glory,SMPK,21.4448,84.1741,11.09,183.07,28.73,3.46,2,442.75,37.36
V007,Ocean Sapphire,HALDIA,23.1393,93.6998,10.75,296.71,20.03,1.53,0,592.48,40.31
V004,Steel Infinity,VIZAG,15.8855,79.8142,12.08,297.21,18.81,3.01,9,419.96,35.55
V001,Ganga Glory,HALDIA,19.9367,88.1397,9.7,263.11,15.57,1.74,12,230.69,23.25
V004,Steel Infinity,VIZAG,19.8301,80.5592,11.22,45.01,2.91,2.02,0,372.39,22.08
V001,Ganga Glory,SMPK,22.7161,86.2736,9.04,21.38,6.18,2.62,0,208.79,16.53
V003,Odisha Queen,SMPK,21.2042,82.5162,10.23,184.28,7.61,1.08,11,615.24,51.18
V001,Ganga Glory,HALDIA,17.1386,93.2759,10.44,54.86,17.95,4.08,3,769.26,68.91
V001,Ganga Glory,HALDIA,24.4973,88.2954,14.81,282.22,33.21,4.13,9,277.62,22.45
V005,Eastern Titan,PARADIP,19.8086,91.6529,9.88,273.69,12.54,2.55,1,528.71,41.13
V005,Eastern Titan,HALDIA,21.654,85.4264,10.91,207.42,24.79,4.32,7,274.7,27.67
V002,Bharat Star,VIZAG,12.885,87.6742,10.36,339.39,25.86,0.36,3,712.35,52.44
V003,Odisha Queen,HALDIA,23.6573,91.2994,12.72,282.57,8.73,1.64,4,379.14,22.59
V003,Odisha Queen,SMPK,24.5356,90.1858,8.25,328.0,4.56,0.75,5,292.74,24.72
V001,Ganga Glory,VIZAG,12.7612,80.5406,10.51,21.23,31.11,0.65,10,621.84,57.23
V001,Ganga Glory,PARADIP,20.9261,81.4107,10.92,48.81,8.47,3.87,12,546.28,54.11
V001,Ganga Glory,PARADIP,23.7448,86.3029,12.07,264.78,34.92,1.72,1,382.22,26.81
V006,Himalaya Dawn,SMPK,24.0118,84.2756,10.55,275.69,10.45,2.38,12,442.0,41.34
V005,Eastern Titan,HALDIA,21.2442,92.9243,10.16,274.12,6.98,1.72,1,509.94,34.69
V006,Himalaya Dawn,HALDIA,20.2201,82.0293,11.1,323.88,24.99,3.6,11,656.39,68.42
V002,Bharat Star,SMPK,21.1104,85.9009,9.82,258.81,34.03,1.55,2,294.86,25.72
V002,Bharat Star,VIZAG,20.9302,78.4509,8.61,303.07,5.57,2.88,4,621.7,58.74
V002,Bharat Star,VIZAG,17.8621,86.2616,9.29,24.35,30.34,4.27,0,316.29,31.85
V002,Bharat Star,PARADIP,14.5729,88.3508,10.43,64.71,7.92,2.25,7,664.88,54.39
V005,Eastern Titan,SMPK,18.4822,89.0103,10.85,310.85,13.39,3.44,6,458.33,39.81
V002,Bharat Star,HALDIA,15.4465,90.9409,8.83,305.11,25.86,4.48,4,790.28,92.48
V001,Ganga Glory,SMPK,17.0679,90.5497,14.97,301.65,27.78,1.78,6,653.39,40.54
V003,Odisha Queen,PARADIP,16.9588,85.1704,13.01,178.16,20.78,1.25,7,403.74,27.05
V001,Ganga Glory,HALDIA,21.4829,90.2118,11.11,171.75,34.72,1.47,11,229.84,22.22
V007,Ocean Sapphire,VIZAG,17.1052,89.0042,12.18,198.33,31.78,3.93,6,610.83,54.71
V005,Eastern Titan,HALDIA,16.5509,87.4779,8.76,339.29,12.25,4.47,11,610.08,78.59
V006,Himalaya Dawn,PARADIP,16.0674,84.201,9.96,153.89,2.85,1.1,5,537.46,38.18
V005,Eastern Titan,SMPK,21.1842,84.7867,9.81,353.93,9.37,1.97,4,393.05,31.31
V004,Steel Infinity,HALDIA,24.4292,91.3356,12.7,16.55,21.27,3.65,0,429.39,28.83
V005,Eastern Titan,VIZAG,21.1607,85.6955,13.04,132.84,24.26,3.5,0,461.59,30.48
V004,Steel Infinity,HALDIA,19.9433,86.8905,8.2,332.37,2.77,3.22,6,259.91,27.28
V004,Steel Infinity,HALDIA,26.8678,85.9638,12.38,65.66,29.68,2.1,3,580.31,41.62
V003,Odisha Queen,VIZAG,13.5134,88.9066,14.69,195.54,7.52,0.83,0,760.64,32.41
V003,Odisha Queen,SMPK,27.1568,89.5358,9.2,96.51,8.77,0.48,2,527.19,37.29
V003,Odisha Queen,PARADIP,17.4039,81.7593,11.61,323.18,30.31,0.4,4,605.51,42.41
V006,Himalaya Dawn,SMPK,19.6974,84.9073,11.29,188.32,22.22,3.2,4,473.71,39.17
V003,Odisha Queen,HALDIA,24.2372,85.8345,11.61,7.14,4.71,4.4,2,336.33,24.69
V002,Bharat Star,VIZAG,14.3531,79.1968,12.12,29.92,32.49,0.32,1,572.75,35.7
V004,Steel Infinity,VIZAG,21.887,85.9304,12.41,91.24,24.38,4.24,5,542.82,45.34
V005,Eastern Titan,VIZAG,20.9232,87.1149,12.41,111.9,9.94,3.34,8,539.57,41.77
V006,Himalaya Dawn,HALDIA,20.04,88.305,11.21,299.1,15.9,2.93,4,220.52,17.3
V005,Eastern Titan,VIZAG,14.6997,80.8038,8.54,354.39,21.15,0.98,7,424.8,42.61
V003,Odisha Queen,VIZAG,20.5199,82.0521,13.55,206.16,15.4,4.39,0,340.08,21.62
V002,Bharat Star,PARADIP,17.9321,82.9952,8.0,39.45,32.84,3.08,10,464.2,66.71
V006,Himalaya Dawn,VIZAG,15.4015,77.7386,10.93,333.98,5.0,1.22,6,643.08,43.97
V006,Himalaya Dawn,HALDIA,24.1866,89.1119,8.26,73.26,24.14,1.25,9,264.86,30.08
V002,Bharat Star,HALDIA,21.7743,90.6968,12.73,303.65,22.4,3.1,4,273.31,19.94
V004,Steel Infinity,PARADIP,21.773,79.5249,10.66,126.21,28.74,0.57,3,753.74,55.99
V004,Steel Infinity,HALDIA,23.9069,81.1908,8.13,258.59,5.21,3.23,1,734.15,69.16
V003,Odisha Queen,PARADIP,18.9531,88.0987,14.48,348.58,13.24,0.7,1,216.98,10.03
V001,Ganga Glory,HALDIA,24.6947,82.6372,11.45,330.66,23.87,3.83,6,628.85,56.81
V001,Ganga Glory,HALDIA,26.3939,92.8345,8.1,169.83,9.59,1.63,2,686.95,61.15
V001,Ganga Glory,SMPK,29.0785,86.1901,10.39,153.17,2.43,0.34,3,755.98,45.36
V001,Ganga Glory,VIZAG,21.5677,83.179,8.17,82.85,31.82,0.61,12,431.31,53.53
V005,Eastern Titan,PARADIP,18.3995,91.9891,10.45,124.51,8.17,1.82,12,602.32,53.54
V001,Ganga Glory,VIZAG,12.2166,80.821,10.98,323.91,23.08,2.63,12,663.42,66.35
V006,Himalaya Dawn,SMPK,24.4976,86.3823,13.96,19.9,24.03,0.37,11,291.75,19.19
V002,Bharat Star,VIZAG,14.4108,87.8301,10.99,229.47,3.0,1.24,0,607.69,34.5
V006,Himalaya Dawn,HALDIA,19.76,85.6451,8.76,212.42,11.66,0.72,8,354.29,32.22
V004,Steel Infinity,SMPK,20.9262,89.4085,9.61,106.88,9.45,4.2,0,213.8,18.21
V006,Himalaya Dawn,HALDIA,21.0505,90.9925,11.28,196.4,34.94,1.32,8,321.54,28.31
V004,Steel Infinity,PARADIP,22.2951,93.3475,10.59,39.3,10.38,0.34,11,730.62,56.43
V006,Himalaya Dawn,VIZAG,21.6276,83.5739,8.88,52.89,21.39,1.6,2,438.92,38.91
V004,Steel Infinity,PARADIP,23.4121,81.6256,12.1,11.52,6.14,0.53,0,619.47,30.83
V002,Bharat Star,SMPK,21.0802,83.2568,14.92,131.84,24.43,1.99,5,545.63,32.81
V001,Ganga Glory,PARADIP,19.7303,79.8114,13.8,84.69,8.39,4.14,6,714.27,49.46
V002,Bharat Star,HALDIA,23.9536,89.4591,13.47,141.22,28.87,1.38,8,259.26,18.41
V006,Himalaya Dawn,HALDIA,23.0845,89.9549,12.47,295.03,13.82,3.39,3,228.35,15.94
V007,Ocean Sapphire,VIZAG,17.045,81.1947,13.29,172.09,28.12,4.16,2,232.63,17.02
V003,Odisha Queen,PARADIP,18.0899,88.4104,14.29,229.43,29.05,3.71,6,311.17,23.07
V003,Odisha Queen,PARADIP,18.277,88.2378,14.53,8.43,26.66,3.87,7,283.6,21.12
V003,Odisha Queen,HALDIA,27.074,91.0643,10.45,252.27,31.24,3.79,0,639.78,55.97
V006,Himalaya Dawn,PARADIP,16.8931,87.6191,8.2,199.14,6.35,2.87,4,395.32,39.42
V007,Ocean Sapphire,SMPK,18.5789,89.2664,14.42,81.69,10.9,1.27,2,452.88,22.24
V006,Himalaya Dawn,HALDIA,25.8105,87.2206,10.52,99.78,19.31,2.73,5,431.12,37.34
V002,Bharat Star,SMPK,18.1339,84.4941,8.39,314.58,30.99,3.92,4,631.24,77.53
V002,Bharat Star,PARADIP,18.7062,82.754,10.48,131.13,31.04,1.51,10,443.12,43.43
V004,Steel Infinity,HALDIA,23.3422,92.8984,9.07,73.91,13.56,3.96,12,518.02,64.29
V004,Steel Infinity,VIZAG,14.4408,78.7713,12.02,19.55,31.76,0.44,7,602.12,44.62
V001,Ganga Glory,PARADIP,21.0162,88.4565,10.13,232.73,20.88,0.7,10,206.16,18.29
V006,Himalaya Dawn,HALDIA,21.0171,91.0206,11.85,335.3,10.39,1.09,3,325.55,19.63
V004,Steel Infinity,SMPK,18.6005,82.5121,12.08,93.11,28.22,0.21,7,745.43,52.59
V005,Eastern Titan,SMPK,23.4771,84.2323,9.43,164.3,8.95,1.48,8,428.86,37.72
V006,Himalaya Dawn,SMPK,29.6442,87.5329,13.82,71.79,9.58,3.44,3,792.54,48.65
V004,Steel Infinity,HALDIA,19.5744,82.5478,9.96,3.01,20.78,2.14,11,633.71,65.04
V002,Bharat Star,PARADIP,22.0347,89.3586,9.19,301.93,23.06,1.67,8,342.01,34.85
V007,Ocean Sapphire,HALDIA,24.9531,86.6932,9.28,206.66,9.79,1.88,1,355.69,27.45
V005,Eastern Titan,SMPK,20.3342,84.7682,14.29,16.54,2.66,1.67,3,440.79,21.69
V005,Eastern Titan,HALDIA,18.6961,88.1043,14.28,320.57,12.99,2.95,5,368.52,22.86
V001,Ganga Glory,HALDIA,28.341,85.1165,10.41,131.83,13.22,1.91,3,763.65,57.19
V006,Himalaya Dawn,SMPK,20.5208,88.6668,14.89,238.48,30.38,1.91,3,228.81,13.53
V001,Ganga Glory,VIZAG,22.5084,80.0236,8.45,186.97,28.29,2.58,9,634.51,79.44
V005,Eastern Titan,PARADIP,20.4856,80.9078,9.55,114.18,11.39,3.53,11,595.58,65.76
V007,Ocean Sapphire,HALDIA,28.3651,87.4197,9.22,118.46,12.4,2.74,8,709.58,72.13
V004,Steel Infinity,SMPK,24.3598,92.0513,8.54,117.67,23.87,2.4,4,432.32,45.31
V004,Steel Infinity,SMPK,27.5955,88.5072,13.0,148.19,4.01,0.51,3,561.42,27.76
V006,Himalaya Dawn,PARADIP,18.674,84.5421,13.39,353.61,30.26,2.68,3,284.49,19.67
V006,Himalaya Dawn,SMPK,22.3619,91.2346,11.81,29.66,12.42,3.12,0,302.29,19.87
V004,Steel Infinity,PARADIP,24.7154,88.9615,14.03,65.23,34.18,0.58,2,544.68,31.13
V004,Steel Infinity,PARADIP,23.5545,81.3118,13.59,155.37,5.03,4.28,3,654.96,41.99
V003,Odisha Queen,PARADIP,26.5237,84.2324,9.71,42.79,18.29,2.86,1,731.5,61.61
V002,Bharat Star,HALDIA,20.0523,84.6271,12.87,37.26,29.01,2.36,3,417.51,29.17
V004,Steel Infinity,SMPK,19.4454,91.3314,10.95,157.86,5.63,2.71,9,467.08,38.86
V003,Odisha Queen,PARADIP,15.939,92.3325,13.88,266.82,12.15,3.47,3,775.54,48.35
V001,Ganga Glory,PARADIP,26.0504,89.427,13.08,75.28,8.28,0.27,1,698.73,33.02
V004,Steel Infinity,HALDIA,19.1853,81.8039,8.65,320.63,3.11,1.58,12,722.84,73.04
V003,Odisha Queen,VIZAG,20.1254,83.4449,12.46,109.36,25.84,0.22,12,271.36,20.5
V007,Ocean Sapphire,HALDIA,16.3961,87.5378,12.83,132.23,24.68,1.51,7,626.64,44.64
V006,Himalaya Dawn,VIZAG,21.7574,88.0328,9.52,290.88,5.17,2.28,12,672.22,66.42
V005,Eastern Titan,HALDIA,22.5484,86.1245,10.01,169.43,10.46,3.03,8,207.96,19.6
V002,Bharat Star,PARADIP,20.7336,89.5321,14.96,135.72,19.94,3.0,3,306.71,18.12
V006,Himalaya Dawn,SMPK,20.4677,94.4173,8.82,59.42,30.79,1.2,10,673.79,76.63
V002,Bharat Star,SMPK,24.8386,89.5626,13.83,321.34,26.46,0.36,12,285.11,19.71
V007,Ocean Sapphire,SMPK,25.1066,85.7301,13.95,178.58,11.32,4.15,4,386.17,25.61
V001,Ganga Glory,HALDIA,19.9651,84.6875,11.86,321.61,2.21,2.2,3,417.46,25.76
V001,Ganga Glory,HALDIA,21.4719,84.9242,11.86,251.09,26.45,3.93,2,329.35,26.38
V007,Ocean Sapphire,VIZAG,15.9698,84.6896,8.61,128.84,29.24,3.22,6,243.09,29.07
V001,Ganga Glory,PARADIP,25.1037,83.2657,14.7,142.53,10.46,2.43,9,633.41,39.87
V005,Eastern Titan,VIZAG,13.8588,84.9448,12.45,291.61,28.9,0.65,7,461.74,32.85
V006,Himalaya Dawn,PARADIP,18.2031,87.0113,8.05,243.53,17.82,2.42,7,238.94,27.56
V003,Odisha Queen,VIZAG,13.0763,85.8656,13.75,7.56,22.24,1.26,2,583.08,32.77
V004,Steel Infinity,VIZAG,19.203,88.3847,8.46,302.75,26.19,1.51,3,564.09,55.49
V005,Eastern Titan,HALDIA,21.9114,84.9633,9.04,281.88,30.05,2.23,7,319.53,35.22
V007,Ocean Sapphire,VIZAG,16.0523,89.0269,13.68,67.82,14.35,1.45,4,638.01,36.37
V002,Bharat Star,PARADIP,22.5501,86.3755,9.01,62.66,30.5,1.31,6,249.26,25.34
V007,Ocean Sapphire,SMPK,23.2128,82.3464,9.05,188.42,6.31,1.62,2,614.31,47.64
V006,Himalaya Dawn,PARADIP,14.6258,85.0734,14.18,184.13,20.04,3.74,0,654.05,39.25
V002,Bharat Star,SMPK,24.0458,81.9987,12.38,100.4,29.33,3.51,7,664.61,57.73
V003,Odisha Queen,VIZAG,13.9048,87.3469,13.39,253.82,8.7,0.4,11,605.32,36.64
V001,Ganga Glory,SMPK,21.4381,83.002,11.65,32.81,32.18,3.13,0,560.01,42.47
V004,Steel Infinity,HALDIA,22.8744,85.5967,9.25,134.59,8.91,3.68,7,270.79,27.91
V007,Ocean Sapphire,SMPK,17.7168,85.5244,10.25,74.1,23.72,4.38,1,610.52,55.53
V002,Bharat Star,SMPK,20.9641,84.4151,14.35,30.75,10.78,1.27,9,438.23,25.88
V005,Eastern Titan,VIZAG,15.8491,80.4699,11.4,117.92,27.61,4.12,2,362.49,30.75
V004,Steel Infinity,SMPK,18.6809,88.3123,8.35,58.95,10.32,0.52,8,430.23,39.89
V003,Odisha Queen,VIZAG,19.8266,84.0272,13.65,217.51,22.22,2.59,9,250.26,18.64
V002,Bharat Star,PARADIP,17.0545,83.7532,11.62,16.05,23.8,3.01,4,472.23,37.86
V002,Bharat Star,SMPK,19.5239,83.1539,9.08,352.7,5.66,2.87,8,631.15,62.58
V007,Ocean Sapphire,HALDIA,19.8198,90.5844,13.23,137.48,22.3,4.42,8,357.84,30.19
V002,Bharat Star,PARADIP,20.1262,89.1858,11.69,58.88,3.93,0.36,4,268.58,14.96
V007,Ocean Sapphire,HALDIA,24.0814,91.6607,11.95,271.67,8.26,0.31,2,434.46,23.19
V004,Steel Infinity,VIZAG,10.6157,83.0666,13.3,189.42,6.57,1.11,1,786.96,38.76
V002,Bharat Star,PARADIP,22.3814,87.9932,8.96,2.0,2.5,1.03,0,269.74,18.35
V002,Bharat Star,SMPK,21.9726,92.5919,12.27,294.98,30.03,2.58,3,446.29,33.39
V004,Steel Infinity,VIZAG,14.3392,79.4877,11.12,74.05,22.33,1.02,3,550.5,38.66
V004,Steel Infinity,HALDIA,28.2824,84.4278,11.06,106.8,30.94,2.67,2,787.33,64.28
V003,Odisha Queen,HALDIA,20.0514,81.5976,8.03,42.53,6.02,2.96,10,705.11,83.7
V006,Himalaya Dawn,VIZAG,22.1982,87.961,12.08,75.05,18.87,0.3,3,700.36,41.63
V002,Bharat Star,HALDIA,23.4935,94.9821,10.05,2.1,22.22,2.64,9,728.63,73.95
V005,Eastern Titan,VIZAG,11.8964,83.3482,12.31,3.49,17.45,4.38,6,644.26,53.82
V004,Steel Infinity,HALDIA,21.4427,93.7346,8.74,2.6,8.34,1.72,10,589.51,59.5
V003,Odisha Queen,VIZAG,18.8374,88.0305,9.55,281.62,3.26,3.86,9,517.57,52.77
V006,Himalaya Dawn,PARADIP,18.9161,89.8749,13.51,70.2,12.73,1.29,0,374.94,18.84
V007,Ocean Sapphire,SMPK,17.1419,90.8959,8.16,15.43,7.2,1.19,2,659.74,55.18
V007,Ocean Sapphire,SMPK,22.0249,82.011,8.46,36.15,8.94,1.07,3,649.64,54.13
V001,Ganga Glory,PARADIP,24.6179,82.3887,8.79,11.69,15.12,3.39,1,645.97,60.97
V005,Eastern Titan,PARADIP,22.7002,80.8532,9.44,218.71,19.4,2.18,6,652.56,62.27
V003,Odisha Queen,HALDIA,20.1089,83.8357,12.13,73.13,20.86,1.15,12,486.62,39.04
V007,Ocean Sapphire,VIZAG,16.533,80.397,14.29,234.52,20.77,0.28,9,332.29,19.72
V007,Ocean Sapphire,SMPK,25.4219,88.3599,14.15,127.86,32.27,2.32,1,319.4,19.54
V006,Himalaya Dawn,PARADIP,16.2855,84.6589,12.94,278.06,15.22,3.66,5,494.06,36.04
V003,Odisha Queen,HALDIA,22.9208,84.3817,12.97,41.53,31.0,1.46,1,391.29,24.45
V007,Ocean Sapphire,VIZAG,12.4842,78.3607,14.0,72.58,19.97,2.42,10,783.44,56.71
V007,Ocean Sapphire,PARADIP,18.9798,88.14,11.52,208.1,23.13,2.3,4,218.04,16.74
V004,Steel Infinity,HALDIA,23.5952,94.4115,10.47,338.16,9.05,0.78,4,674.42,45.57
V007,Ocean Sapphire,HALDIA,17.3776,87.2801,11.26,152.07,13.26,2.48,4,521.53,38.7
V005,Eastern Titan,PARADIP,21.1262,80.8628,11.67,117.92,10.57,3.22,0,605.39,40.04
V002,Bharat Star,SMPK,23.5307,93.1551,11.86,189.08,2.36,2.3,4,508.6,32.54
V005,Eastern Titan,HALDIA,21.259,82.4329,13.14,294.81,15.32,1.2,2,587.55,32.63
V004,Steel Infinity,VIZAG,16.8828,80.8828,12.89,91.35,4.8,0.95,11,269.87,17.21
V005,Eastern Titan,PARADIP,17.6587,90.2052,11.12,17.9,31.48,1.43,1,479.19,34.96
V003,Odisha Queen,VIZAG,18.8975,84.6594,9.36,274.23,26.14,0.28,9,198.07,18.73
V002,Bharat Star,SMPK,19.5562,82.9725,10.04,91.53,27.93,2.12,0,645.24,51.81
V003,Odisha Queen,HALDIA,20.3032,82.0395,11.21,38.79,2.57,0.61,8,652.47,42.38
V005,Eastern Titan,VIZAG,18.8852,76.8753,12.64,215.73,9.78,4.35,12,689.08,61.41
V006,Himalaya Dawn,SMPK,27.0629,88.0107,12.6,200.96,9.16,4.24,10,502.66,42.5
V006,Himalaya Dawn,HALDIA,24.9146,85.3476,13.36,118.05,33.79,1.47,8,425.25,31.67
V007,Ocean Sapphire,PARADIP,20.5401,92.445,13.29,74.19,2.92,1.58,5,607.43,33.73
V005,Eastern Titan,SMPK,21.0179,83.9327,9.29,67.84,6.95,2.23,3,482.02,39.5
V006,Himalaya Dawn,VIZAG,16.5563,81.5623,14.7,48.01,21.24,3.46,5,221.83,14.62
V007,Ocean Sapphire,PARADIP,18.3068,81.4125,14.68,202.08,25.86,2.29,2,590.48,34.28
V002,Bharat Star,HALDIA,21.0341,86.4727,13.62,354.4,24.69,4.04,8,196.81,15.99
V005,Eastern Titan,HALDIA,26.0236,87.3664,14.88,96.6,30.5,0.95,6,451.82,27.11
V005,Eastern Titan,HALDIA,25.4644,84.4433,10.17,265.93,3.07,2.32,2,531.97,37.85
V002,Bharat Star,PARADIP,18.9439,82.4981,11.83,157.17,10.62,3.15,10,457.99,38.66
V001,Ganga Glory,VIZAG,22.0776,79.7218,11.91,44.42,17.87,0.94,4,613.48,39.7
V001,Ganga Glory,SMPK,22.2522,86.092,10.44,19.42,13.49,3.21,7,229.39,20.92
V006,Himalaya Dawn,HALDIA,21.9038,84.0167,8.03,173.51,32.19,0.71,1,417.14,40.29
V001,Ganga Glory,PARADIP,16.5361,91.242,13.82,300.13,22.68,3.17,5,643.93,44.72
V004,Steel Infinity,PARADIP,23.7941,90.6844,10.81,142.5,5.68,2.8,10,569.72,49.52
V001,Ganga Glory,HALDIA,18.8447,89.7079,10.1,34.45,22.74,2.43,8,391.61,38.22
V002,Bharat Star,HALDIA,19.7418,88.4721,11.86,97.8,13.27,4.42,2,255.82,19.46
V002,Bharat Star,HALDIA,20.5915,91.6881,12.13,38.09,18.83,0.92,6,407.6,27.45
V003,Odisha Queen,SMPK,26.6141,89.9006,8.52,260.71,13.02,4.15,5,479.99,54.13
V004,Steel Infinity,SMPK,29.2392,88.5564,9.57,133.53,9.54,1.94,1,744.25,55.82
V006,Himalaya Dawn,HALDIA,24.0957,88.9566,8.12,26.97,24.35,1.55,12,249.4,31.58
V003,Odisha Queen,PARADIP,18.2685,88.2284,13.4,176.3,28.83,2.96,4,283.77,20.32
V003,Odisha Queen,PARADIP,21.5819,84.3478,8.77,319.93,13.32,3.83,9,274.52,32.59
V006,Himalaya Dawn,SMPK,23.1813,90.3949,8.76,208.58,20.28,0.48,5,225.82,20.04
V005,Eastern Titan,SMPK,22.3049,86.1743,8.47,172.77,23.42,3.5,5,220.18,25.6
V001,Ganga Glory,VIZAG,16.8815,88.9025,8.82,76.42,2.32,2.47,11,603.66,62.5
V007,Ocean Sapphire,VIZAG,16.667,79.3027,11.03,38.76,22.15,2.86,3,437.56,35.24
V007,Ocean Sapphire,HALDIA,22.1042,85.0761,13.72,84.81,23.54,2.92,3,307.68,20.19
V004,Steel Infinity,SMPK,27.9096,88.029,12.78,351.51,32.27,1.74,8,596.58,46.83
V001,Ganga Glory,HALDIA,19.6193,87.9449,12.72,37.96,8.41,2.4,12,266.1,20.37
V006,Himalaya Dawn,HALDIA,26.7884,85.5503,9.39,298.11,3.93,1.33,0,588.93,39.75
V003,Odisha Queen,HALDIA,18.6898,89.8019,11.79,305.07,28.1,1.94,11,411.42,37.01
V006,Himalaya Dawn,HALDIA,19.4183,92.0215,8.31,120.28,26.52,3.23,3,502.75,56.62
V004,Steel Infinity,SMPK,23.7531,90.612,11.8,232.98,9.37,3.8,5,271.6,21.09
V003,Odisha Queen,PARADIP,23.3587,81.7397,9.88,351.04,29.51,0.5,2,606.46,47.3
V003,Odisha Queen,PARADIP,26.9122,86.7935,8.44,254.56,33.39,1.79,2,733.23,75.31
V006,Himalaya Dawn,HALDIA,17.728,91.5206,14.36,123.87,18.48,0.77,10,597.98,36.91
V003,Odisha Queen,SMPK,25.9777,91.5265,11.92,231.45,11.17,0.73,10,502.19,35.07
V003,Odisha Queen,PARADIP,22.0255,84.8401,9.53,248.88,14.04,1.68,3,264.61,21.41
V004,Steel Infinity,PARADIP,15.7711,84.2914,9.88,21.85,8.28,1.29,1,562.51,38.41
V004,Steel Infinity,HALDIA,24.8751,87.1068,10.2,303.32,25.93,4.3,3,333.09,32.5
V007,Ocean Sapphire,HALDIA,24.6193,93.9162,10.74,342.22,22.38,3.6,12,664.57,72.06
V005,Eastern Titan,SMPK,27.6813,93.2726,13.95,247.38,23.57,0.41,4,758.88,42.04
V005,Eastern Titan,SMPK,23.3606,90.5919,14.49,93.57,7.04,4.3,6,251.37,16.61
V001,Ganga Glory,VIZAG,20.3908,84.3089,8.5,300.83,33.11,0.42,10,319.19,36.23
V003,Odisha Queen,VIZAG,14.9261,81.9737,11.3,198.93,21.91,1.06,12,337.47,29.1
V004,Steel Infinity,SMPK,28.9251,88.0776,12.57,282.89,29.74,1.95,2,709.23,48.26
V001,Ganga Glory,VIZAG,13.0831,85.3206,9.4,229.87,8.24,0.6,1,556.99,37.67
V001,Ganga Glory,VIZAG,16.313,87.2906,13.17,22.11,24.28,0.68,0,453.1,24.37
V005,Eastern Titan,VIZAG,16.4511,81.6792,14.17,278.5,21.54,1.85,3,218.93,12.75
V004,Steel Infinity,HALDIA,16.8316,91.6879,10.75,200.92,28.01,0.35,8,690.04,56.6
V001,Ganga Glory,PARADIP,19.5754,83.3101,13.19,354.86,17.02,4.32,8,355.72,28.96
V007,Ocean Sapphire,SMPK,25.0679,88.3794,9.46,25.48,25.56,0.22,2,280.1,21.68
V002,Bharat Star,PARADIP,14.7366,88.0737,11.04,347.62,30.21,0.46,5,639.67,48.54
V007,Ocean Sapphire,HALDIA,18.6688,90.5917,10.51,112.25,16.31,1.08,4,455.71,33.35
V004,Steel Infinity,VIZAG,18.6147,80.6558,11.41,139.91,30.09,2.21,10,295.71,27.72
V006,Himalaya Dawn,HALDIA,18.6404,87.1774,8.0,149.06,6.33,2.67,7,385.82,41.97
V005,Eastern Titan,SMPK,23.6046,91.9455,11.92,275.4,9.32,4.23,8,390.91,33.33
V004,Steel Infinity,VIZAG,20.7017,84.3299,9.76,314.44,25.75,2.14,8,352.56,35.64
V004,Steel Infinity,PARADIP,20.6891,82.9532,8.16,186.39,26.61,0.34,11,384.09,43.99
V007,Ocean Sapphire,PARADIP,18.1252,89.429,13.71,122.8,29.78,0.49,4,382.79,22.77
V007,Ocean Sapphire,VIZAG,14.1314,79.2305,11.6,248.69,23.89,2.06,8,586.52,48.98
V006,Himalaya Dawn,VIZAG,15.3189,85.2849,14.26,275.24,32.67,2.69,12,339.4,27.92
V003,Odisha Queen,PARADIP,22.0162,91.0025,12.2,332.99,12.77,2.88,6,491.98,36.42
V001,Ganga Glory,VIZAG,16.3541,81.4189,14.15,160.31,19.17,3.73,4,247.42,16.56
V006,Himalaya Dawn,VIZAG,20.2688,88.6198,8.44,105.17,7.42,2.72,5,630.38,62.51
V002,Bharat Star,VIZAG,18.8289,85.1675,8.43,12.13,29.48,2.12,0,236.14,22.82
V007,Ocean Sapphire,PARADIP,27.0939,85.5796,8.1,6.72,23.11,2.78,8,760.62,94.99
V005,Eastern Titan,PARADIP,23.9474,86.4283,12.28,53.29,25.77,0.97,2,403.83,25.53
V005,Eastern Titan,PARADIP,16.74,89.8226,13.65,43.83,14.79,3.77,2,521.94,33.4
V004,Steel Infinity,HALDIA,24.6692,92.8631,13.18,206.16,30.09,2.93,1,572.55,38.55
V002,Bharat Star,VIZAG,19.6486,84.2909,15.0,341.53,7.24,1.54,2,242.43,11.36
V006,Himalaya Dawn,HALDIA,26.7289,92.368,11.58,5.17,29.34,1.44,8,682.3,56.75
V006,Himalaya Dawn,VIZAG,15.0633,78.945,13.68,303.81,26.02,2.31,10,546.93,41.89
V005,Eastern Titan,SMPK,17.44,88.7481,8.59,314.72,31.84,1.8,2,570.13,56.97
V006,Himalaya Dawn,SMPK,28.1874,85.8496,12.25,38.72,28.3,3.06,0,673.4,47.22
V001,Ganga Glory,VIZAG,17.4697,76.9162,8.69,59.53,21.41,2.25,11,674.98,80.38
V002,Bharat Star,SMPK,19.2369,92.3959,12.5,99.51,4.7,3.87,5,562.75,40.12
V007,Ocean Sapphire,SMPK,20.5187,92.5746,13.23,77.29,4.7,0.45,11,496.45,29.46
V007,Ocean Sapphire,PARADIP,24.5211,86.8852,14.25,160.01,26.41,1.72,10,467.93,33.14
V003,Odisha Queen,SMPK,22.8325,81.1707,14.3,318.03,26.15,4.15,1,731.98,47.79
V004,Steel Infinity,SMPK,19.5243,94.665,14.03,146.67,27.35,1.64,8,741.19,50.91
V007,Ocean Sapphire,VIZAG,16.1899,79.3842,8.09,8.68,6.49,3.59,4,446.69,47.59
V004,Steel Infinity,HALDIA,18.3047,89.5232,14.95,212.02,4.98,2.14,1,439.4,20.67
V003,Odisha Queen,SMPK,22.1686,84.8664,9.44,41.37,29.81,0.75,10,355.62,36.34
V005,Eastern Titan,VIZAG,20.1998,80.6922,14.46,10.44,11.05,2.7,7,389.79,24.33
V004,Steel Infinity,HALDIA,28.063,85.5972,9.32,259.02,30.53,0.37,4,717.27,62.54
V002,Bharat Star,SMPK,25.4393,82.5131,9.28,273.94,28.16,2.31,6,669.8,69.65
V001,Ganga Glory,HALDIA,18.383,91.8327,10.51,294.92,20.55,1.58,8,563.54,49.0
V002,Bharat Star,PARADIP,17.1079,86.89,8.2,75.76,17.87,0.39,6,358.3,33.95
V002,Bharat Star,PARADIP,17.7866,87.9329,9.33,214.34,12.53,1.02,11,313.67,29.66
V007,Ocean Sapphire,SMPK,18.6169,86.2967,13.65,128.82,19.34,4.22,7,484.49,37.51
V007,Ocean Sapphire,SMPK,23.7765,86.9571,8.57,87.4,32.0,1.34,3,193.51,19.35
V006,Himalaya Dawn,HALDIA,25.7906,82.6318,9.56,171.91,30.64,3.78,10,693.56,85.87
V002,Bharat Star,HALDIA,21.7736,84.0448,10.25,128.85,15.63,0.2,0,415.09,25.76
V004,Steel Infinity,PARADIP,15.3798,88.8611,12.39,41.0,25.34,1.92,9,598.31,47.93
V006,Himalaya Dawn,SMPK,27.5764,89.2846,8.67,210.99,9.8,2.55,1,567.63,49.31
V005,Eastern Titan,HALDIA,20.391,82.8344,10.36,115.85,29.76,4.37,12,570.81,70.26
V004,Steel Infinity,PARADIP,25.2404,82.8281,12.02,62.74,7.07,2.04,2,671.06,40.78
V003,Odisha Queen,VIZAG,19.8175,89.0429,8.69,107.18,26.4,2.85,9,651.2,79.67
V004,Steel Infinity,SMPK,22.8588,95.5203,12.59,46.64,6.11,1.48,5,741.37,44.25
V002,Bharat Star,SMPK,24.3315,86.407,10.59,262.54,12.1,4.37,9,276.64,27.93
V007,Ocean Sapphire,PARADIP,22.9485,84.0444,12.33,263.82,12.06,3.78,2,395.33,27.53
V005,Eastern Titan,SMPK,25.1003,89.3907,9.83,31.94,12.71,0.57,12,304.51,26.96
V004,Steel Infinity,HALDIA,16.5665,91.6495,13.86,60.86,3.17,3.7,10,712.85,50.66
V005,Eastern Titan,PARADIP,17.6746,81.6573,9.48,240.23,8.08,2.33,11,598.91,59.68
V003,Odisha Queen,HALDIA,27.5236,92.3238,12.65,234.37,19.85,2.66,1,748.97,48.28
V006,Himalaya Dawn,VIZAG,18.9173,88.6572,10.85,148.41,25.6,1.08,9,583.8,50.38
V002,Bharat Star,PARADIP,20.2775,80.9812,10.77,337.77,19.05,0.97,9,588.05,48.25
V004,Steel Infinity,VIZAG,21.11,87.4502,9.21,56.16,29.56,3.76,0,579.51,56.85
V001,Ganga Glory,HALDIA,25.6843,87.9606,10.21,45.06,31.93,2.5,1,408.69,34.97
V001,Ganga Glory,PARADIP,16.995,80.1397,10.23,300.9,18.37,0.89,2,776.25,55.32
V005,Eastern Titan,PARADIP,15.4867,85.8059,14.64,319.85,12.04,4.49,9,544.3,40.05
V007,Ocean Sapphire,SMPK,24.6743,83.1914,11.15,171.22,14.33,3.28,11,571.52,54.22
V002,Bharat Star,HALDIA,20.1754,83.4673,8.41,210.96,33.53,0.25,6,518.26,53.48
V003,Odisha Queen,PARADIP,20.694,93.4135,14.81,98.85,7.86,1.35,0,708.7,31.39
V006,Himalaya Dawn,VIZAG,13.611,81.9624,9.78,51.96,34.35,2.97,7,474.99,52.13
V006,Himalaya Dawn,VIZAG,20.9499,82.6833,9.26,223.43,12.92,0.2,8,367.85,30.61
V007,Ocean Sapphire,SMPK,26.0049,87.7415,10.74,12.04,9.94,0.26,8,388.31,27.27
V007,Ocean Sapphire,HALDIA,18.6727,92.4006,9.81,272.9,4.89,1.37,0,585.16,38.24
V007,Ocean Sapphire,SMPK,27.4085,91.6835,14.14,212.07,11.37,3.48,0,638.78,35.69
V001,Ganga Glory,HALDIA,24.0714,82.3514,13.56,117.11,24.78,0.68,11,627.42,43.78
V002,Bharat Star,HALDIA,24.3642,93.5708,10.02,166.18,28.45,0.91,11,621.04,61.3
V004,Steel Infinity,PARADIP,21.7951,84.2868,14.0,13.95,32.02,0.59,8,292.44,19.3
V003,Odisha Queen,HALDIA,17.4623,85.5641,9.37,254.45,10.44,4.28,12,569.13,68.42
V005,Eastern Titan,SMPK,21.0688,86.1638,10.74,184.87,7.41,3.42,3,275.24,21.38
V002,Bharat Star,HALDIA,19.7004,81.8792,14.16,334.16,3.81,0.77,10,691.6,38.27
V001,Ganga Glory,SMPK,28.7606,84.6805,10.57,50.92,22.37,2.58,3,779.94,64.4
V006,Himalaya Dawn,HALDIA,25.6934,84.2289,9.09,76.08,33.02,1.85,11,565.21,67.75
V003,Odisha Queen,HALDIA,24.0486,90.4847,8.11,248.02,24.39,1.36,6,336.07,36.47
V003,Odisha Queen,PARADIP,19.151,91.2592,9.99,178.97,33.33,3.44,2,502.63,48.36
V005,Eastern Titan,VIZAG,22.2079,81.8453,8.8,135.11,11.17,0.2,4,524.26,40.82
V005,Eastern Titan,SMPK,27.2166,91.9213,14.26,62.64,7.6,3.28,9,634.48,42.88
V002,Bharat Star,VIZAG,21.7857,87.3375,8.97,173.16,15.88,3.1,5,622.6,63.38
V001,Ganga Glory,HALDIA,25.3139,86.7066,9.67,328.04,17.22,1.51,5,392.37,33.36
V006,Himalaya Dawn,PARADIP,16.1912,82.638,10.64,179.94,11.8,1.67,10,622.48,52.82
V003,Odisha Queen,VIZAG,15.5908,89.1263,10.94,296.69,8.05,2.77,6,665.1,52.63
V003,Odisha Queen,HALDIA,27.4147,87.4454,13.06,295.88,20.11,0.62,11,604.17,42.02
V006,Himalaya Dawn,HALDIA,23.8592,94.9667,9.01,279.83,32.5,2.49,4,736.45,77.9
V007,Ocean Sapphire,VIZAG,19.9001,85.0224,12.25,59.14,10.15,2.61,5,306.64,21.2
V006,Himalaya Dawn,VIZAG,16.4174,85.3779,11.06,334.74,34.4,3.75,4,264.12,24.86
V001,Ganga Glory,VIZAG,16.9472,78.8558,10.96,238.37,17.17,2.94,7,476.84,41.7
V007,Ocean Sapphire,SMPK,21.4755,86.1886,10.03,262.17,4.67,2.93,2,248.29,19.01
V005,Eastern Titan,PARADIP,26.4541,84.3288,10.2,346.86,28.6,2.33,8,720.99,71.96
V004,Steel Infinity,PARADIP,24.6435,82.9786,12.34,220.43,3.4,1.2,2,609.09,32.62
V001,Ganga Glory,PARADIP,17.8176,93.0811,9.99,258.02,7.57,0.25,6,733.71,51.56
V003,Odisha Queen,HALDIA,28.4539,89.1197,11.68,28.1,15.23,0.52,6,724.4,47.66
V002,Bharat Star,PARADIP,25.9225,88.8139,12.65,273.41,20.19,0.46,6,662.09,41.64
V006,Himalaya Dawn,SMPK,26.1527,91.9028,10.78,218.12,32.88,1.57,5,541.86,46.42
V003,Odisha Queen,SMPK,25.0435,87.0379,11.11,67.68,19.29,4.14,0,305.54,23.89
V005,Eastern Titan,VIZAG,12.381,80.9854,12.87,49.55,17.29,2.59,3,639.66,41.92
V001,Ganga Glory,SMPK,19.985,93.2207,13.76,223.17,9.52,1.37,1,584.17,29.13
V006,Himalaya Dawn,HALDIA,22.8386,83.6657,9.76,327.36,20.9,3.22,4,460.96,43.78
V002,Bharat Star,HALDIA,27.8389,91.1812,11.42,324.52,31.11,0.3,6,720.42,53.96
V002,Bharat Star,SMPK,21.7155,85.5514,9.93,303.08,30.92,2.85,1,297.92,26.64
V005,Eastern Titan,HALDIA,19.7064,89.6512,13.54,39.8,25.04,1.65,6,304.87,20.32
V007,Ocean Sapphire,HALDIA,28.6329,87.7072,11.09,354.52,20.79,2.51,0,737.28,52.41
V007,Ocean Sapphire,HALDIA,23.7319,85.2862,12.89,297.55,18.17,3.78,5,342.65,25.77
V002,Bharat Star,HALDIA,21.4287,81.9361,10.53,359.34,16.91,2.53,5,635.86,53.38
V005,Eastern Titan,HALDIA,17.0051,91.4962,11.47,316.82,22.09,2.1,2,662.8,47.37
V007,Ocean Sapphire,SMPK,23.8759,85.919,11.61,97.82,17.63,1.3,11,284.5,23.0
V007,Ocean Sapphire,HALDIA,23.823,87.4342,9.27,157.06,11.37,3.08,2,211.54,18.59
V003,Odisha Queen,PARADIP,23.4845,88.8582,11.78,255.52,16.53,2.99,0,420.85,28.28
V001,Ganga Glory,HALDIA,23.7086,91.0358,13.68,45.35,9.52,0.75,7,358.65,20.07
V004,Steel Infinity,SMPK,20.5665,85.9356,12.84,78.92,9.57,3.62,9,329.27,25.66
V001,Ganga Glory,VIZAG,18.5534,88.0729,10.96,68.83,32.65,0.61,7,515.5,42.69
V005,Eastern Titan,VIZAG,21.4331,85.266,8.55,109.88,19.93,2.72,0,465.3,43.28
V004,Steel Infinity,HALDIA,20.8541,84.1965,11.44,124.57,29.23,4.14,10,420.02,44.02
V004,Steel Infinity,PARADIP,23.3067,87.5451,9.93,116.21,11.14,3.73,12,345.56,37.97
V003,Odisha Queen,HALDIA,22.8832,91.5175,12.11,344.08,33.51,3.83,4,368.34,31.64
V001,Ganga Glory,SMPK,19.0502,82.9028,12.79,155.15,19.86,1.49,10,682.66,50.53
V002,Bharat Star,SMPK,25.15,84.7146,14.52,172.51,21.94,4.35,8,465.3,35.54
V005,Eastern Titan,VIZAG,12.8326,84.6281,10.49,220.82,16.68,0.67,11,559.13,47.29
V003,Odisha Queen,PARADIP,24.4771,86.801,10.64,135.0,33.0,0.57,2,462.62,34.54
V003,Odisha Queen,VIZAG,15.8424,85.1213,10.49,276.26,8.3,3.7,2,283.96,22.54
V002,Bharat Star,PARADIP,22.3196,86.2543,9.06,6.67,4.26,0.45,4,225.55,16.39
V007,Ocean Sapphire,SMPK,23.2899,83.1452,11.46,205.71,31.12,0.91,10,534.28,45.94
V004,Steel Infinity,SMPK,22.6746,82.6712,9.23,145.79,7.49,0.58,4,577.91,42.95
V006,Himalaya Dawn,SMPK,21.9098,85.691,8.89,206.03,6.66,2.08,3,277.81,23.48
V005,Eastern Titan,PARADIP,26.0193,85.5509,12.25,213.97,4.39,2.15,12,643.08,48.58
V005,Eastern Titan,HALDIA,20.6375,82.7629,13.19,128.17,4.88,4.15,1,569.47,35.18
V003,Odisha Queen,SMPK,25.2014,86.155,8.94,43.28,21.05,3.07,9,366.71,42.72
V002,Bharat Star,HALDIA,25.9381,82.1543,14.26,104.55,32.93,2.66,0,741.99,44.86
V004,Steel Infinity,SMPK,17.8687,91.2943,11.56,117.51,11.14,4.49,1,607.05,45.62
V004,Steel Infinity,SMPK,28.0252,90.3193,11.48,63.66,21.82,2.72,3,641.73,49.1
V004,Steel Infinity,SMPK,27.4654,87.4019,9.36,60.84,29.39,3.3,3,554.01,56.63
V003,Odisha Queen,SMPK,24.3994,83.9321,11.04,80.87,3.3,0.98,11,490.62,36.13
V004,Steel Infinity,SMPK,18.4108,91.6359,9.54,108.95,30.72,1.75,6,576.63,57.16
V001,Ganga Glory,VIZAG,20.9394,78.9765,8.85,272.71,25.15,3.32,9,578.27,71.02
V002,Bharat Star,SMPK,18.5477,90.6437,10.87,74.98,23.23,2.76,11,507.51,50.63
V005,Eastern Titan,SMPK,26.4326,93.808,10.63,129.21,6.9,4.31,9,704.84,68.27
V002,Bharat Star,HALDIA,20.44,91.2857,13.62,36.55,30.44,1.51,11,377.16,28.98
V005,Eastern Titan,VIZAG,22.2898,88.5653,14.83,167.62,7.25,0.49,2,752.58,32.62
V006,Himalaya Dawn,HALDIA,23.1567,90.3772,14.83,186.88,16.9,3.16,7,269.91,17.68
V003,Odisha Queen,SMPK,18.9223,91.3301,9.1,296.39,16.2,0.79,11,511.82,50.18
V004,Steel Infinity,SMPK,20.1655,89.3812,10.01,299.25,9.9,4.15,6,287.81,27.76
V001,Ganga Glory,HALDIA,23.34,81.0863,8.35,144.32,31.95,1.01,1,730.54,69.19
V002,Bharat Star,SMPK,22.7174,85.5341,10.89,331.7,31.24,3.85,2,284.48,25.41
V002,Bharat Star,HALDIA,26.5571,86.1641,9.16,10.92,15.38,1.89,8,540.87,53.16
V006,Himalaya Dawn,VIZAG,21.5772,79.1566,8.55,253.52,22.66,3.81,1,610.91,63.95
V005,Eastern Titan,HALDIA,16.8139,88.1306,14.29,315.62,7.14,0.86,7,577.83,30.6
V002,Bharat Star,SMPK,27.1309,87.8423,12.53,42.76,24.93,3.16,3,511.46,37.64
V002,Bharat Star,HALDIA,22.9674,89.6912,8.75,274.03,3.4,1.34,8,198.54,17.77
V006,Himalaya Dawn,PARADIP,24.9293,86.8307,10.52,335.29,8.7,3.92,10,512.98,50.68
V004,Steel Infinity,SMPK,18.2584,86.6179,12.63,30.47,21.75,1.84,2,508.36,32.33
V001,Ganga Glory,VIZAG,18.2727,90.3238,14.08,174.31,30.45,4.4,12,747.75,68.12
V007,Ocean Sapphire,VIZAG,17.9959,81.2875,10.53,101.93,26.17,1.24,8,213.63,18.85
V005,Eastern Titan,SMPK,19.3263,93.1884,11.96,270.03,28.58,3.64,11,621.37,61.63
V005,Eastern Titan,VIZAG,10.5357,84.4595,10.77,5.45,25.82,2.84,4,805.61,69.85
V004,Steel Infinity,SMPK,26.9712,91.8236,12.1,113.68,2.9,4.0,7,606.76,46.87
V002,Bharat Star,SMPK,23.7308,95.2138,12.66,52.55,24.04,2.8,9,718.94,59.26
V003,Odisha Queen,PARADIP,23.2714,80.3,12.98,281.47,19.85,1.86,12,730.26,57.28
V005,Eastern Titan,SMPK,20.5661,87.0811,12.09,155.58,21.85,3.02,2,254.07,18.31
V007,Ocean Sapphire,PARADIP,21.8119,91.4999,14.81,300.36,20.35,2.94,1,532.79,29.99
V002,Bharat Star,PARADIP,20.392,91.1323,11.91,34.21,6.62,4.22,2,470.47,33.69
V002,Bharat Star,PARADIP,21.9385,87.4704,11.24,117.91,29.44,1.38,9,200.42,17.53
V001,Ganga Glory,HALDIA,20.7137,93.4383,13.6,238.36,33.9,3.72,9,575.26,49.68
V001,Ganga Glory,SMPK,26.7036,84.9429,10.59,36.31,4.88,2.23,5,573.04,42.77
V002,Bharat Star,SMPK,24.9592,86.5287,10.93,131.3,33.12,3.24,8,322.88,32.78
V006,Himalaya Dawn,HALDIA,23.8883,87.7931,12.88,336.81,25.16,1.08,7,210.63,14.54
V001,Ganga Glory,HALDIA,19.2313,88.6632,12.26,180.33,33.8,0.94,10,315.29,25.87
V002,Bharat Star,PARADIP,13.2262,87.1293,11.94,217.1,3.91,3.14,0,790.66,48.45
V002,Bharat Star,VIZAG,20.0812,80.76,11.35,160.53,28.03,1.39,7,375.46,30.72
V001,Ganga Glory,SMPK,20.0682,83.7371,10.48,105.0,33.05,0.32,11,547.28,51.15
V001,Ganga Glory,PARADIP,24.928,90.4158,9.32,167.77,24.21,1.83,2,643.58,56.38
V003,Odisha Queen,VIZAG,17.4601,88.332,13.95,179.47,18.13,0.52,10,536.12,33.31
V003,Odisha Queen,PARADIP,14.3363,86.9743,10.84,253.18,6.39,2.34,11,666.42,57.36
V004,Steel Infinity,VIZAG,16.579,86.9426,11.57,17.91,27.08,2.53,9,408.31,36.92
V002,Bharat Star,SMPK,19.9069,91.1226,8.9,224.74,21.65,0.57,5,414.67,36.87
V002,Bharat Star,SMPK,22.2156,90.3846,13.01,186.44,26.25,1.74,11,217.53,17.27
V002,Bharat Star,PARADIP,18.9739,90.1667,11.28,274.66,26.86,1.77,4,400.42,31.06
V005,Eastern Titan,VIZAG,12.1141,84.4127,10.19,242.42,8.16,2.72,9,631.83,57.63
V007,Ocean Sapphire,HALDIA,28.6476,87.9263,11.19,177.2,7.56,1.25,4,738.19,47.95
V005,Eastern Titan,HALDIA,20.5484,90.8014,10.53,236.78,7.72,1.48,7,327.24,24.89
V001,Ganga Glory,PARADIP,13.613,88.5522,10.83,268.31,31.06,2.67,2,773.53,64.58
V005,Eastern Titan,PARADIP,24.7033,82.965,12.99,140.38,9.29,0.7,7,615.15,36.01
V006,Himalaya Dawn,SMPK,17.7262,89.7515,12.47,320.62,15.93,2.06,11,557.36,43.87
V001,Ganga Glory,PARADIP,24.0815,86.2937,14.52,61.14,29.84,2.01,5,419.61,26.94
V005,Eastern Titan,PARADIP,14.7634,82.1499,8.78,43.21,8.67,2.38,0,778.55,63.49
V001,Ganga Glory,VIZAG,12.0003,81.7666,14.51,328.27,7.26,1.27,1,653.22,30.06
V004,Steel Infinity,HALDIA,25.5066,92.7407,8.47,111.87,8.46,0.96,6,614.78,54.68
V005,Eastern Titan,SMPK,24.0718,87.0224,14.48,145.54,18.4,3.86,12,213.66,17.03
V001,Ganga Glory,PARADIP,17.617,81.9077,9.25,143.09,6.52,1.62,1,579.49,42.81
V005,Eastern Titan,HALDIA,23.3389,89.8352,14.57,259.56,4.68,1.84,1,234.53,11.03
V005,Eastern Titan,HALDIA,20.7433,85.8655,10.71,323.43,4.84,0.69,12,267.34,20.5
V005,Eastern Titan,PARADIP,19.9973,91.1038,11.77,80.03,8.23,4.08,7,469.39,38.86
V005,Eastern Titan,HALDIA,21.8035,90.067,8.72,226.75,6.89,2.38,10,208.33,21.94
V006,Himalaya Dawn,SMPK,24.2678,92.0022,10.46,179.34,18.04,2.75,3,423.29,34.7
V005,Eastern Titan,VIZAG,13.5538,86.3656,11.38,130.65,9.92,4.46,8,566.26,51.54
V007,Ocean Sapphire,VIZAG,23.749,81.554,9.28,178.23,7.65,2.83,2,697.21,58.5
V001,Ganga Glory,SMPK,22.9367,81.9464,13.27,175.1,17.59,4.31,1,652.93,44.03
V004,Steel Infinity,PARADIP,25.6642,87.3927,8.92,345.68,5.48,4.49,7,599.48,66.12
V003,Odisha Queen,SMPK,20.4656,89.3779,8.62,203.95,8.42,3.86,1,257.2,24.42
V005,Eastern Titan,VIZAG,16.3054,87.6673,10.14,350.37,27.15,2.36,11,491.26,52.49
V005,Eastern Titan,HALDIA,23.636,86.8305,12.41,51.93,33.15,3.24,5,220.38,18.28
V005,Eastern Titan,SMPK,19.3278,92.4177,14.53,95.78,6.87,3.98,11,557.82,40.47
V004,Steel Infinity,PARADIP,25.3381,90.4492,12.63,279.98,5.15,0.36,10,682.05,41.28
V004,Steel Infinity,HALDIA,23.8363,85.9219,8.28,347.98,33.71,1.62,3,298.63,31.87
V002,Bharat Star,HALDIA,18.7853,93.1054,14.26,26.42,24.02,3.28,4,636.37,42.36
V007,Ocean Sapphire,PARADIP,23.465,84.3377,11.94,110.53,7.44,1.56,6,421.57,27.7
V005,Eastern Titan,SMPK,24.0466,93.9395,12.5,211.36,7.48,2.24,0,599.45,33.66
V004,Steel Infinity,PARADIP,19.7644,90.7834,10.05,271.48,30.19,1.75,9,439.27,44.3
V004,Steel Infinity,PARADIP,18.88,82.8322,14.91,123.1,18.74,0.97,5,427.84,22.91
V006,Himalaya Dawn,PARADIP,21.6628,79.7904,8.74,334.14,20.59,1.2,5,724.49,68.34
V005,Eastern Titan,HALDIA,16.2055,90.5558,10.95,352.14,29.86,1.88,4,696.61,57.26
V005,Eastern Titan,VIZAG,17.9476,85.8597,10.48,298.0,14.32,0.31,8,274.59,20.62
V007,Ocean Sapphire,HALDIA,24.0496,88.1796,14.46,167.74,17.33,3.89,5,227.12,15.25
V006,Himalaya Dawn,PARADIP,17.7079,86.8525,12.16,154.81,25.2,1.43,12,291.48,24.57
V007,Ocean Sapphire,VIZAG,16.8661,90.3595,13.5,177.09,19.43,3.27,11,757.19,61.33
V007,Ocean Sapphire,PARADIP,19.348,81.335,12.7,308.7,20.83,1.44,6,563.24,38.24
V003,Odisha Queen,HALDIA,21.7322,85.1105,11.06,205.13,7.77,1.78,11,305.93,24.98
V003,Odisha Queen,PARADIP,21.2852,83.1347,9.21,179.49,8.06,0.84,2,377.84,27.38
V007,Ocean Sapphire,HALDIA,21.6829,81.898,9.86,231.8,30.27,2.31,6,636.97,63.19
V006,Himalaya Dawn,PARADIP,16.7042,83.9719,13.04,239.28,34.81,2.2,7,489.47,38.49
V007,Ocean Sapphire,PARADIP,24.9898,86.4158,10.6,96.31,9.84,4.37,8,519.68,50.45
V003,Odisha Queen,HALDIA,16.3819,86.5053,11.84,340.61,21.11,2.41,6,646.74,50.6
V007,Ocean Sapphire,PARADIP,17.0014,84.4112,14.99,224.23,8.44,0.63,4,436.23,20.22
V006,Himalaya Dawn,SMPK,28.6295,90.91,9.54,213.77,4.72,3.13,11,724.83,74.32
V007,Ocean Sapphire,HALDIA,21.4035,81.6223,9.45,304.41,25.2,1.25,10,668.44,68.46
V007,Ocean Sapphire,VIZAG,21.8261,88.2427,13.68,245.76,9.79,3.92,10,693.58,53.09
V004,Steel Infinity,VIZAG,17.1363,86.7929,11.19,160.33,15.08,3.5,3,377.76,29.85
V003,Odisha Queen,HALDIA,22.1739,93.9821,10.94,43.6,2.07,3.22,9,610.4,51.43
V003,Odisha Queen,VIZAG,23.3003,80.8341,11.53,235.93,18.21,3.46,9,673.8,61.32
V007,Ocean Sapphire,VIZAG,20.0866,83.3883,11.52,217.82,29.02,1.66,11,266.73,24.25
V003,Odisha Queen,PARADIP,19.719,81.5843,8.97,348.33,14.6,3.25,12,530.32,63.95
V004,Steel Infinity,HALDIA,25.5215,90.7692,11.01,44.46,34.14,2.62,12,477.95,51.17
V005,Eastern Titan,PARADIP,16.2774,90.7365,10.45,66.64,7.28,3.42,3,625.16,49.86
V002,Bharat Star,SMPK,29.0124,87.4594,13.67,294.43,18.4,1.39,7,723.5,45.78
V001,Ganga Glory,PARADIP,17.2971,90.7314,10.03,347.36,15.65,2.5,12,547.9,56.47
V004,Steel Infinity,HALDIA,19.7346,93.7584,9.82,291.59,32.92,4.25,11,643.77,82.69
V004,Steel Infinity,SMPK,25.8215,84.4064,13.9,87.41,28.59,2.52,6,536.88,37.89
V004,Steel Infinity,HALDIA,21.9386,85.7677,11.7,341.88,29.02,2.07,9,236.5,20.78
V007,Ocean Sapphire,PARADIP,20.5532,89.5275,11.12,174.1,3.92,2.53,4,304.05,21.39
V005,Eastern Titan,PARADIP,20.4934,81.7901,13.16,232.39,9.53,4.24,11,503.71,41.8
V006,Himalaya Dawn,PARADIP,25.7603,88.4596,14.09,137.01,32.34,0.7,3,633.51,36.9
V002,Bharat Star,SMPK,20.0807,94.4894,10.11,79.92,4.51,2.25,2,697.36,50.22
V007,Ocean Sapphire,SMPK,24.7437,90.0153,10.97,306.46,33.77,1.52,12,300.04,29.95
V002,Bharat Star,PARADIP,26.744,84.4658,13.1,335.52,9.43,3.33,5,747.26,50.61
V004,Steel Infinity,SMPK,17.9896,84.5707,11.44,184.62,32.1,1.33,9,639.02,55.74
V002,Bharat Star,HALDIA,26.9957,86.0766,13.95,91.19,22.57,3.8,4,589.55,41.07
V007,Ocean Sapphire,HALDIA,25.1928,87.6054,8.52,109.22,15.91,3.48,10,356.92,44.35
V005,Eastern Titan,VIZAG,13.0005,78.656,8.39,276.23,21.11,4.06,12,719.43,101.93
V001,Ganga Glory,SMPK,27.1158,85.9063,14.92,295.54,27.94,0.32,9,562.19,33.93
V005,Eastern Titan,PARADIP,23.4989,86.5497,11.95,251.84,19.52,4.11,0,353.56,25.69
V006,Himalaya Dawn,SMPK,26.2833,92.2101,12.77,354.29,14.2,1.88,6,573.55,38.09
V001,Ganga Glory,SMPK,17.8454,83.3376,9.47,206.87,32.85,3.17,7,735.94,83.66
V001,Ganga Glory,HALDIA,23.7425,87.0076,10.16,142.57,22.81,1.77,5,220.76,18.98
V004,Steel Infinity,PARADIP,22.152,91.8929,10.05,176.16,6.32,2.46,2,583.19,43.52
V006,Himalaya Dawn,VIZAG,16.1758,76.4649,10.69,132.44,10.05,3.62,8,744.18,68.22
V004,Steel Infinity,VIZAG,13.645,79.5962,10.3,354.95,3.91,3.2,10,598.14,55.47
V006,Himalaya Dawn,PARADIP,19.7243,81.5092,12.7,4.48,22.68,2.85,10,538.02,44.99
V002,Bharat Star,SMPK,21.4683,83.4677,11.44,214.1,24.82,1.0,10,512.45,42.45
V003,Odisha Queen,VIZAG,19.4226,84.1891,13.5,210.94,25.4,3.79,11,215.17,18.71
V003,Odisha Queen,HALDIA,17.5215,83.8547,14.1,8.76,33.09,2.93,10,665.28,53.85
V004,Steel Infinity,VIZAG,19.7044,86.9047,9.21,330.02,7.66,0.23,8,442.61,35.43
V007,Ocean Sapphire,VIZAG,12.4993,86.5302,14.72,305.79,23.15,0.36,9,674.38,39.85
V002,Bharat Star,PARADIP,23.591,88.4957,10.44,199.58,31.2,2.49,11,411.94,44.29
V007,Ocean Sapphire,VIZAG,16.4032,84.5709,9.88,164.66,14.34,2.4,6,198.26,17.71
V001,Ganga Glory,PARADIP,17.3626,84.8117,9.52,82.87,25.81,2.88,1,379.93,34.35
V002,Bharat Star,HALDIA,26.805,86.3713,10.88,103.78,22.08,4.5,3,559.91,50.65
V001,Ganga Glory,HALDIA,17.8708,89.1835,13.33,83.84,14.94,1.94,0,475.0,25.88
V007,Ocean Sapphire,VIZAG,17.9016,79.598,10.11,295.06,4.82,3.59,6,390.54,34.68
V004,Steel Infinity,VIZAG,19.5426,83.6651,9.6,173.93,22.15,2.77,5,209.95,20.38
V006,Himalaya Dawn,HALDIA,20.0147,85.7673,9.38,176.65,3.96,0.72,1,325.35,21.46
V007,Ocean Sapphire,PARADIP,18.2009,92.525,14.57,322.87,4.71,1.23,11,663.06,38.28
V006,Himalaya Dawn,SMPK,23.9445,85.4828,9.9,258.89,21.8,3.76,0,326.92,28.45
V002,Bharat Star,SMPK,25.6226,86.2506,13.6,94.52,25.59,1.27,0,399.99,21.99
V003,Odisha Queen,SMPK,23.9003,86.7628,12.65,115.95,19.78,4.33,12,217.29,20.59
V005,Eastern Titan,SMPK,16.9116,91.1543,10.27,233.45,23.24,2.74,8,694.42,68.27
V005,Eastern Titan,HALDIA,17.5068,84.5869,9.62,88.75,21.63,2.87,6,618.65,61.64
V001,Ganga Glory,PARADIP,19.6422,89.3426,13.21,180.26,8.47,2.41,7,294.32,19.32
V006,Himalaya Dawn,SMPK,23.0993,91.6391,12.63,246.43,32.55,0.25,7,347.62,24.31
V001,Ganga Glory,PARADIP,13.9982,85.7456,10.71,190.57,11.74,0.5,10,709.06,54.32
V003,Odisha Queen,SMPK,18.3174,89.3968,14.24,189.81,28.05,1.88,1,484.31,27.82
V002,Bharat Star,VIZAG,15.5219,85.6323,11.34,180.77,4.38,2.07,10,347.76,26.95
V006,Himalaya Dawn,HALDIA,23.6667,86.5317,8.01,29.6,26.41,1.25,10,241.79,29.46
V004,Steel Infinity,SMPK,20.9393,86.8484,13.75,213.21,28.37,3.68,5,233.56,17.44
V007,Ocean Sapphire,SMPK,25.3793,87.8004,8.12,142.49,15.05,0.95,1,318.67,27.22
V007,Ocean Sapphire,PARADIP,22.2887,86.2828,14.97,53.74,30.4,1.04,9,221.68,14.31
V002,Bharat Star,VIZAG,19.9159,85.9474,14.19,202.55,14.06,1.73,6,374.27,22.1
V005,Eastern Titan,SMPK,28.9967,91.3819,12.69,112.04,4.97,1.98,11,780.33,55.18
V003,Odisha Queen,PARADIP,26.0311,90.9116,11.64,93.66,31.3,2.17,6,771.67,64.71
V004,Steel Infinity,PARADIP,24.4309,92.3773,9.04,149.5,16.27,1.38,4,747.74,65.16
V001,Ganga Glory,PARADIP,16.9566,91.6929,12.43,220.78,30.49,2.35,0,652.25,43.69
V006,Himalaya Dawn,PARADIP,17.884,88.6308,9.49,98.98,26.55,2.11,1,343.51,29.75
V005,Eastern Titan,PARADIP,24.2099,85.1382,12.6,231.93,21.37,0.89,3,458.61,27.94
V001,Ganga Glory,VIZAG,22.741,85.897,9.82,1.52,4.61,1.33,9,624.45,51.47
V005,Eastern Titan,PARADIP,17.4604,81.2012,13.93,58.11,22.84,3.85,12,652.68,55.59
V005,Eastern Titan,VIZAG,17.2036,78.9309,8.93,98.67,24.61,2.22,3,464.49,45.0
V001,Ganga Glory,HALDIA,21.5681,82.0661,9.9,59.75,6.88,4.3,12,620.78,69.07
V004,Steel Infinity,VIZAG,15.3572,82.5859,9.26,312.87,27.15,4.44,6,269.74,31.87
V003,Odisha Queen,HALDIA,19.388,93.9051,8.75,109.64,9.33,1.69,7,674.18,63.62
V006,Himalaya Dawn,SMPK,16.5322,91.8548,9.07,183.19,19.63,1.06,2,765.73,62.97
V007,Ocean Sapphire,HALDIA,19.4004,86.0478,12.34,32.96,17.96,4.43,5,357.76,29.25
V004,Steel Infinity,PARADIP,22.2393,90.8133,14.08,358.89,10.74,0.76,6,484.03,25.95
V006,Himalaya Dawn,PARADIP,20.0211,89.454,8.47,14.85,5.14,3.97,8,297.66,34.12
V007,Ocean Sapphire,PARADIP,22.111,83.4234,14.94,295.7,12.68,2.37,5,386.57,21.94
V006,Himalaya Dawn,PARADIP,18.3524,83.7397,8.11,228.19,4.9,3.94,1,373.08,36.95
V006,Himalaya Dawn,PARADIP,18.5702,88.8767,13.09,358.38,10.63,1.72,12,306.33,21.99
V006,Himalaya Dawn,SMPK,20.959,92.5911,10.97,286.91,12.71,3.64,12,477.14,47.68
V001,Ganga Glory,PARADIP,23.4192,91.0607,10.31,140.53,34.14,1.4,1,573.29,45.86
V006,Himalaya Dawn,SMPK,20.7892,85.1968,11.88,163.34,17.49,4.35,7,375.7,33.3
V003,Odisha Queen,VIZAG,20.057,79.7868,13.16,282.19,15.74,3.02,4,452.03,30.34
V005,Eastern Titan,VIZAG,15.7501,83.306,13.11,165.78,25.42,2.55,4,215.72,15.03
V007,Ocean Sapphire,HALDIA,19.0212,94.124,8.19,111.5,22.51,4.5,4,713.51,88.35
V001,Ganga Glory,HALDIA,22.9589,92.4034,13.23,201.34,17.3,1.22,6,458.53,28.63
V004,Steel Infinity,SMPK,20.9927,90.3882,12.62,260.37,33.66,3.47,8,276.55,24.73
V003,Odisha Queen,SMPK,18.0755,82.9751,12.8,108.2,16.94,1.99,7,745.41,52.14
V001,Ganga Glory,PARADIP,15.9417,84.3893,10.8,259.4,2.6,1.79,4,540.87,36.53
V003,Odisha Queen,HALDIA,25.0307,82.758,13.75,289.6,2.28,2.74,8,636.32,40.22
V005,Eastern Titan,SMPK,21.7435,86.535,12.46,344.69,10.54,2.12,5,202.69,13.32
V003,Odisha Queen,PARADIP,15.1575,91.153,13.9,46.24,15.14,3.64,11,748.19,58.65
V002,Bharat Star,SMPK,21.0596,85.4758,12.23,285.6,31.56,4.04,8,335.36,31.61
V003,Odisha Queen,SMPK,17.4304,86.4684,12.9,130.32,13.43,0.61,5,600.56,34.58
V007,Ocean Sapphire,PARADIP,21.4944,84.7261,13.31,50.98,3.4,4.31,4,236.12,15.73
V006,Himalaya Dawn,PARADIP,14.8569,89.2029,11.64,190.36,17.25,0.34,8,666.26,46.29
V004,Steel Infinity,HALDIA,22.1653,90.0152,9.75,122.4,20.69,2.55,7,202.19,19.83
V003,Odisha Queen,VIZAG,22.4367,78.9225,14.4,169.2,16.14,1.86,1,696.81,36.29
V007,Ocean Sapphire,PARADIP,21.7078,85.1997,11.77,215.3,18.96,1.57,8,213.42,16.36
V006,Himalaya Dawn,VIZAG,14.1677,84.9578,10.3,57.35,23.26,2.11,8,430.78,40.46
V005,Eastern Titan,PARADIP,27.1384,86.8298,8.3,228.82,11.98,4.38,11,758.47,102.37
V003,Odisha Queen,SMPK,19.5932,89.8138,14.7,204.97,18.85,1.76,12,364.36,24.87
V004,Steel Infinity,VIZAG,16.0121,90.0987,13.71,35.47,27.58,0.94,5,749.18,46.54
V001,Ganga Glory,SMPK,22.8816,84.1011,13.27,90.17,19.89,3.48,7,432.24,32.96
V004,Steel Infinity,HALDIA,17.1456,82.8168,9.89,37.99,16.61,3.47,12,770.74,86.7
V006,Himalaya Dawn,HALDIA,25.2368,88.2814,14.14,97.06,29.86,0.83,4,359.51,21.27
V001,Ganga Glory,HALDIA,27.0099,87.6501,8.27,54.13,25.89,0.58,1,557.51,49.42
V003,Odisha Queen,PARADIP,22.4792,88.6138,14.51,89.03,33.8,2.39,10,316.61,24.18
V005,Eastern Titan,PARADIP,19.0052,82.08,14.07,25.46,20.33,2.75,0,497.34,28.25
V006,Himalaya Dawn,HALDIA,24.2088,85.6943,8.91,67.74,9.72,1.36,2,343.95,27.27
V007,Ocean Sapphire,SMPK,23.3414,91.5141,13.67,335.57,17.99,3.5,11,340.66,27.41
V005,Eastern Titan,VIZAG,15.933,88.6913,9.53,291.04,23.44,3.2,7,608.18,64.86
V001,Ganga Glory,PARADIP,23.8559,85.0595,8.64,48.55,18.34,1.46,10,424.76,45.94
V004,Steel Infinity,VIZAG,23.6996,81.0873,13.45,315.49,13.63,0.49,11,706.04,44.74
V007,Ocean Sapphire,VIZAG,20.1277,79.7452,8.68,255.79,32.79,2.53,2,460.12,48.01
V002,Bharat Star,HALDIA,21.6529,92.7243,10.93,212.82,29.32,4.21,7,483.06,49.54
V005,Eastern Titan,PARADIP,19.5168,82.9625,9.97,318.97,30.87,0.79,7,392.65,35.73
V002,Bharat Star,PARADIP,18.5434,85.2151,9.89,321.53,20.4,2.45,3,246.43,21.27
V005,Eastern Titan,VIZAG,18.5303,89.2582,12.08,291.96,22.62,1.98,2,638.65,43.13
V006,Himalaya Dawn,HALDIA,20.4151,90.6953,11.89,140.97,24.3,4.24,9,325.68,31.35
V002,Bharat Star,PARADIP,25.4395,85.1476,8.02,357.31,5.81,1.97,4,588.89,55.78
V002,Bharat Star,HALDIA,16.9312,87.1737,14.85,9.21,32.57,3.52,8,572.32,43.33
V006,Himalaya Dawn,HALDIA,17.8994,84.7791,11.91,179.66,2.13,3.74,6,571.35,42.7
V006,Himalaya Dawn,PARADIP,22.1376,84.4239,10.55,196.92,20.77,3.28,4,304.39,26.83
V005,Eastern Titan,VIZAG,18.6886,79.6837,11.88,158.34,21.81,1.62,11,395.79,33.06
V005,Eastern Titan,HALDIA,26.4629,87.3397,14.33,177.36,3.71,0.25,7,500.5,24.26
V001,Ganga Glory,PARADIP,20.941,84.768,11.59,135.94,9.87,0.9,5,204.72,13.05
V001,Ganga Glory,HALDIA,25.8094,84.5034,14.08,210.01,13.98,2.98,11,555.98,40.81
V004,Steel Infinity,HALDIA,29.0817,87.3799,10.5,92.07,10.71,3.07,9,789.29,72.96
V007,Ocean Sapphire,HALDIA,24.1674,86.432,9.09,13.33,19.97,2.02,6,292.01,28.72
V006,Himalaya Dawn,HALDIA,19.6414,84.9063,12.69,179.48,9.97,1.38,9,420.44,28.16
V001,Ganga Glory,HALDIA,19.4214,87.4085,10.32,31.56,23.57,4.35,6,295.71,30.54
V005,Eastern Titan,PARADIP,24.8702,87.8637,9.96,197.49,16.25,0.93,4,521.81,39.81
V001,Ganga Glory,SMPK,27.1088,93.2427,13.49,81.43,5.16,0.86,5,711.0,37.28
V006,Himalaya Dawn,VIZAG,14.1352,85.8817,8.9,127.34,7.08,1.63,2,483.34,38.38
V001,Ganga Glory,HALDIA,22.0498,92.8233,9.93,189.34,18.78,2.1,4,490.99,41.84
V001,Ganga Glory,VIZAG,15.6275,83.699,13.51,17.2,20.73,0.57,0,233.65,11.82
V007,Ocean Sapphire,HALDIA,19.7525,94.595,8.37,263.16,6.97,3.65,2,723.75,71.1
V003,Odisha Queen,SMPK,24.2178,89.4117,8.82,37.08,2.66,1.44,11,217.4,20.74
V005,Eastern Titan,VIZAG,21.8919,79.6825,10.07,184.74,20.62,4.46,4,599.9,59.57
V002,Bharat Star,HALDIA,18.2025,86.6831,14.83,126.97,11.72,1.69,9,447.11,26.61
V001,Ganga Glory,PARADIP,22.8689,83.2183,8.7,277.76,22.41,2.65,8,451.65,51.81
V007,Ocean Sapphire,HALDIA,17.7199,84.4122,11.27,216.81,30.17,1.42,12,610.73,57.51
V002,Bharat Star,SMPK,21.1126,95.3565,14.97,344.13,27.57,3.88,6,745.61,52.84
V004,Steel Infinity,VIZAG,15.6758,80.3385,11.04,157.41,20.95,0.58,3,385.11,26.05
V001,Ganga Glory,PARADIP,24.94,84.4399,13.9,25.11,11.4,2.72,1,560.29,31.11
V004,Steel Infinity,SMPK,24.2107,89.8099,8.25,153.24,15.01,0.51,8,240.51,23.48
V001,Ganga Glory,HALDIA,21.173,80.8589,11.91,81.0,10.73,3.23,12,750.26,66.22
V007,Ocean Sapphire,VIZAG,18.7647,78.7712,8.38,70.62,21.95,0.33,4,490.94,44.43
V004,Steel Infinity,VIZAG,15.7113,76.8794,12.95,260.66,20.65,1.64,1,716.25,42.19
V001,Ganga Glory,SMPK,20.1934,93.5292,12.0,66.17,13.56,2.48,8,601.48,46.48
V006,Himalaya Dawn,PARADIP,17.0428,86.3261,8.68,119.49,9.69,1.43,8,365.72,35.0
V007,Ocean Sapphire,HALDIA,22.6784,90.7209,11.06,202.06,9.81,3.33,7,283.57,23.99
V007,Ocean Sapphire,HALDIA,25.9087,84.6826,12.92,14.94,18.13,3.91,6,552.85,42.91
V007,Ocean Sapphire,VIZAG,12.7149,87.7487,11.55,93.61,26.67,1.53,0,731.97,48.62
V001,Ganga Glory,HALDIA,18.7792,89.1229,14.02,358.36,18.72,3.99,12,375.93,31.27
V001,Ganga Glory,VIZAG,17.8871,86.5758,8.96,322.34,8.32,1.62,5,349.64,30.2
V004,Steel Infinity,VIZAG,16.233,87.6029,11.49,305.07,12.9,2.59,5,487.46,36.6
V001,Ganga Glory,PARADIP,18.5737,92.384,13.31,120.22,23.09,0.62,9,634.74,42.33
V007,Ocean Sapphire,VIZAG,12.9444,79.7894,10.99,145.42,12.07,2.49,12,646.9,59.26
V002,Bharat Star,PARADIP,15.1536,83.6269,9.7,240.84,25.2,2.91,2,656.07,59.8
V006,Himalaya Dawn,PARADIP,16.2968,87.1788,13.36,107.72,22.2,2.17,12,451.23,35.72
V001,Ganga Glory,SMPK,28.221,90.455,12.34,335.97,11.03,4.32,0,666.67,45.05
V002,Bharat Star,HALDIA,27.088,90.1744,12.78,149.84,30.15,1.71,12,603.75,51.13
V002,Bharat Star,VIZAG,20.2147,87.0035,10.89,316.52,28.96,3.97,0,481.78,40.34
V006,Himalaya Dawn,HALDIA,19.0775,91.7229,14.19,133.46,10.09,4.32,0,501.74,29.29
V003,Odisha Queen,SMPK,28.1159,90.8569,9.36,98.45,17.31,4.27,12,670.07,84.2
V004,Steel Infinity,PARADIP,14.7915,89.068,9.55,174.53,6.14,1.51,7,667.23,55.42
V007,Ocean Sapphire,HALDIA,19.1512,89.5275,10.92,78.4,20.82,0.64,11,352.67,29.53
V005,Eastern Titan,PARADIP,18.3623,92.6001,12.23,176.11,15.76,1.64,0,664.05,38.77
V004,Steel Infinity,SMPK,20.399,93.8264,11.42,19.6,18.36,1.99,6,619.78,47.86
V007,Ocean Sapphire,SMPK,26.2656,90.4218,10.81,167.11,3.67,0.86,5,465.65,30.07
V002,Bharat Star,VIZAG,19.9376,87.2005,12.84,337.09,16.29,2.23,6,482.4,33.22
V005,Eastern Titan,VIZAG,14.2845,85.8326,14.42,85.6,10.82,3.17,11,466.71,33.17
V001,Ganga Glory,HALDIA,28.3632,87.7207,9.13,313.47,24.88,4.0,4,707.27,77.35
V002,Bharat Star,VIZAG,17.6852,87.4867,12.15,222.78,19.91,3.5,8,445.64,38.09
V006,Himalaya Dawn,VIZAG,18.0823,85.7707,11.85,351.83,29.39,3.86,2,267.16,21.7
V004,Steel Infinity,HALDIA,17.7222,87.1088,9.67,27.51,9.19,1.6,6,487.04,40.21
V003,Odisha Queen,HALDIA,22.706,85.3193,8.52,42.77,4.18,3.18,1,292.27,25.98
V006,Himalaya Dawn,HALDIA,26.7614,86.571,8.69,124.93,2.68,1.7,9,549.41,51.96
V007,Ocean Sapphire,VIZAG,21.5382,88.6043,13.11,251.61,26.01,1.05,8,702.8,49.06
V001,Ganga Glory,HALDIA,23.0771,86.5178,10.2,193.5,2.9,0.66,6,197.89,13.55
V005,Eastern Titan,SMPK,22.0801,84.1215,9.29,264.36,4.67,3.64,7,432.98,42.99
V007,Ocean Sapphire,VIZAG,15.8742,83.847,9.71,72.33,5.91,2.61,6,210.74,18.28
V002,Bharat Star,VIZAG,15.8053,84.5386,12.72,302.57,22.17,2.08,0,248.75,15.11
V003,Odisha Queen,PARADIP,24.7851,90.2843,9.56,282.34,2.91,0.94,11,622.89,52.6
V004,Steel Infinity,SMPK,26.6171,90.3244,12.28,16.04,7.12,3.98,0,496.38,32.1
V002,Bharat Star,VIZAG,20.6691,83.6261,14.48,352.44,31.62,1.84,1,333.25,19.22
V007,Ocean Sapphire,HALDIA,19.7535,85.1338,9.39,114.41,32.38,2.8,6,394.15,42.95
V004,Steel Infinity,PARADIP,19.4068,88.897,13.55,117.97,17.85,3.7,1,258.87,16.47
V004,Steel Infinity,VIZAG,14.9818,89.8767,14.84,59.24,13.75,2.43,10,765.51,50.05
V005,Eastern Titan,HALDIA,22.5435,91.5584,12.4,203.21,10.3,0.81,3,364.82,20.53
V004,Steel Infinity,VIZAG,18.7103,78.9,10.84,149.67,30.81,2.72,3,476.36,40.91
V003,Odisha Queen,HALDIA,22.3725,84.0861,11.62,116.72,18.69,1.53,11,411.11,34.08
V002,Bharat Star,HALDIA,19.6914,90.4609,10.01,349.68,8.19,2.31,1,358.74,26.2
V004,Steel Infinity,HALDIA,26.4808,89.811,10.59,330.3,23.51,3.87,7,527.85,52.87
V007,Ocean Sapphire,SMPK,19.9048,82.2282,8.78,118.1,4.84,4.39,11,694.58,84.62
V006,Himalaya Dawn,VIZAG,13.0565,81.5964,10.65,144.74,2.1,3.74,7,545.91,46.76
V007,Ocean Sapphire,SMPK,21.683,92.0115,8.28,83.43,10.22,4.07,10,394.29,50.49
V002,Bharat Star,PARADIP,19.4391,88.3359,14.62,290.03,2.21,2.72,4,204.42,10.95
V005,Eastern Titan,PARADIP,17.9051,86.6403,14.55,197.17,30.89,3.48,3,268.53,18.02
V002,Bharat Star,PARADIP,17.1975,92.5517,13.15,74.78,22.43,4.15,0,714.44,48.15
V003,Odisha Queen,PARADIP,18.6547,90.2676,9.23,198.24,23.68,0.98,11,424.82,44.15
V004,Steel Infinity,HALDIA,26.3859,92.0154,9.61,169.4,11.48,2.26,8,630.53,58.98
V003,Odisha Queen,HALDIA,17.3482,92.7848,12.64,96.45,28.2,4.11,8,716.4,64.33
V003,Odisha Queen,VIZAG,15.8062,82.3479,8.38,356.76,32.7,3.74,6,231.78,30.0
V002,Bharat Star,SMPK,17.5212,84.9414,8.58,77.96,32.19,0.75,5,660.05,66.78
V005,Eastern Titan,VIZAG,14.393,85.8633,14.22,224.62,31.09,1.42,2,458.9,26.86
V002,Bharat Star,VIZAG,22.1414,88.6884,10.62,48.12,8.0,1.72,9,751.3,60.8
V005,Eastern Titan,VIZAG,14.463,85.5716,12.63,74.39,2.02,0.55,8,434.38,24.79
V005,Eastern Titan,PARADIP,22.8587,84.3493,8.99,132.85,10.35,3.57,2,367.14,34.17
V006,Himalaya Dawn,VIZAG,18.1952,88.3038,8.77,86.36,9.44,1.99,1,534.4,43.88
V002,Bharat Star,HALDIA,16.7247,84.5578,8.84,220.6,24.68,1.52,10,692.99,77.08
V006,Himalaya Dawn,VIZAG,12.9774,78.3238,9.81,29.84,15.45,0.73,4,746.24,56.52
V003,Odisha Queen,PARADIP,22.8029,88.9852,8.37,213.17,10.83,3.93,12,368.83,48.65
V003,Odisha Queen,VIZAG,19.843,84.838,10.02,308.77,4.97,1.56,1,290.2,19.44
V002,Bharat Star,SMPK,28.0715,91.1061,9.6,307.4,27.21,1.51,4,675.58,60.64
V004,Steel Infinity,SMPK,28.276,91.3046,13.3,157.43,32.78,1.62,3,704.5,46.49
V006,Himalaya Dawn,PARADIP,23.0653,87.813,12.27,187.34,34.96,0.44,3,329.21,22.03
V002,Bharat Star,PARADIP,21.4261,90.3998,13.61,313.28,24.91,4.46,1,411.51,28.54
V006,Himalaya Dawn,PARADIP,24.7945,84.4881,9.62,278.05,4.46,4.19,2,543.54,47.39
V003,Odisha Queen,HALDIA,18.9321,89.96,14.9,330.19,24.84,2.59,4,395.34,24.21
V005,Eastern Titan,SMPK,22.0296,93.2277,10.8,249.58,4.06,3.95,3,510.26,39.95
V006,Himalaya Dawn,HALDIA,17.7306,83.756,11.73,345.57,6.05,0.51,5,654.88,38.56
V007,Ocean Sapphire,PARADIP,17.8206,90.5014,11.7,355.22,25.79,0.94,11,493.54,41.0
V001,Ganga Glory,VIZAG,18.0469,87.1477,12.88,140.87,11.93,1.4,10,411.23,28.25
V006,Himalaya Dawn,PARADIP,15.6382,85.4084,11.67,308.32,5.93,0.72,1,536.12,28.94
V002,Bharat Star,PARADIP,21.7518,85.0944,14.4,326.89,21.06,3.69,5,224.54,15.31
V005,Eastern Titan,SMPK,22.3956,92.894,13.87,128.79,34.12,0.89,8,472.33,32.63
V004,Steel Infinity,PARADIP,16.3774,85.1304,8.3,287.35,18.24,2.08,11,465.72,56.07
V005,Eastern Titan,SMPK,21.0879,94.7134,11.42,195.99,3.56,1.07,7,681.65,44.61
V007,Ocean Sapphire,HALDIA,26.5775,88.7067,8.17,325.4,31.44,3.21,3,512.09,60.41
V004,Steel Infinity,HALDIA,24.0769,81.2679,11.01,212.8,4.02,4.45,3,731.89,58.16
V003,Odisha Queen,HALDIA,19.1957,90.1689,13.6,129.33,2.82,3.34,12,382.23,28.15
V006,Himalaya Dawn,PARADIP,23.8327,91.3198,12.96,143.29,9.23,2.6,2,622.06,37.2
V007,Ocean Sapphire,SMPK,23.5136,86.3605,11.72,315.57,33.77,3.71,5,225.54,20.44
V004,Steel Infinity,PARADIP,23.6678,84.9439,14.95,226.62,25.42,2.78,11,410.4,30.23
V006,Himalaya Dawn,HALDIA,16.011,84.0533,11.72,1.02,7.8,0.32,1,788.78,41.58
V004,Steel Infinity,SMPK,21.6388,91.9585,10.61,75.14,12.69,3.91,0,390.3,30.18
V002,Bharat Star,PARADIP,24.6705,88.654,13.62,256.04,24.02,1.07,8,526.92,34.93
V005,Eastern Titan,SMPK,25.6685,83.1088,13.65,214.09,8.49,0.2,4,630.64,30.92
V006,Himalaya Dawn,VIZAG,15.4692,83.5156,14.81,158.56,25.53,2.33,11,248.21,17.93
V007,Ocean Sapphire,PARADIP,18.6712,88.9634,11.57,80.55,17.46,2.2,11,306.51,26.57
V006,Himalaya Dawn,PARADIP,26.1313,84.1637,11.08,1.41,24.73,0.83,10,693.16,58.48
V003,Odisha Queen,PARADIP,18.8591,85.1266,8.43,182.28,27.51,4.02,3,225.53,26.43
V004,Steel Infinity,SMPK,20.0183,82.589,10.63,164.62,34.53,3.38,8,655.18,69.53
V006,Himalaya Dawn,HALDIA,22.9408,81.2162,12.09,109.24,33.05,0.49,7,710.7,53.02
V007,Ocean Sapphire,SMPK,24.5774,93.7244,9.69,138.4,19.66,4.36,1,596.99,56.0
V007,Ocean Sapphire,VIZAG,17.7562,77.5758,12.47,108.33,25.09,2.98,3,604.2,44.22
V001,Ganga Glory,PARADIP,17.3952,80.8185,13.63,45.04,31.21,1.89,2,691.6,43.63
V003,Odisha Queen,SMPK,27.1646,86.3349,9.44,86.78,18.2,3.55,10,550.06,62.92
V003,Odisha Queen,VIZAG,20.2374,84.9288,10.75,120.21,34.81,4.42,2,332.11,31.69
V001,Ganga Glory,PARADIP,15.7399,90.3457,8.4,77.67,9.9,3.12,6,643.77,68.99
V003,Odisha Queen,PARADIP,19.1635,89.8793,12.73,141.89,17.79,0.62,3,364.54,20.92
V004,Steel Infinity,SMPK,27.0109,90.6982,9.06,224.06,18.79,4.08,6,551.92,62.01
V002,Bharat Star,HALDIA,22.7245,84.3431,8.56,275.36,33.9,0.77,2,390.37,37.01
V001,Ganga Glory,HALDIA,15.658,87.6531,9.31,293.41,34.92,3.63,3,707.61,76.68
V004,Steel Infinity,VIZAG,21.4292,88.2491,9.31,191.75,18.73,1.17,1,666.18,51.94
V007,Ocean Sapphire,PARADIP,14.0756,84.6364,14.75,269.09,11.71,3.23,8,725.58,47.48
V005,Eastern Titan,SMPK,23.1412,91.9248,12.55,74.6,15.32,2.65,6,377.2,27.2
V001,Ganga Glory,PARADIP,18.0938,89.9672,8.59,192.25,18.92,4.08,8,429.87,53.56
V002,Bharat Star,SMPK,24.1286,90.3361,8.8,335.18,10.19,0.83,8,272.07,24.55
V001,Ganga Glory,SMPK,17.2805,90.1944,10.31,147.95,16.94,2.98,3,618.48,51.87
V003,Odisha Queen,SMPK,18.308,92.493,9.14,189.75,28.38,3.82,6,642.84,74.75
V006,Himalaya Dawn,SMPK,24.2212,86.2877,12.08,316.33,7.77,3.36,3,276.96,19.1
V004,Steel Infinity,HALDIA,17.9637,89.6372,13.52,180.82,17.39,3.53,4,479.14,32.76
V003,Odisha Queen,PARADIP,20.8531,80.98,9.33,299.2,16.65,1.96,8,590.05,57.74
V002,Bharat Star,PARADIP,21.3997,83.4526,13.23,76.4,13.95,3.55,2,350.32,22.68
V004,Steel Infinity,VIZAG,15.8084,76.7518,9.31,29.62,4.77,3.16,4,725.84,64.37
V002,Bharat Star,SMPK,23.4351,91.3961,11.6,80.82,7.17,3.28,1,331.84,22.3
V001,Ganga Glory,HALDIA,24.4536,81.5543,11.28,297.25,13.2,2.51,2,718.01,50.45
V004,Steel Infinity,HALDIA,25.9473,89.2793,13.41,134.6,24.45,2.39,8,454.98,33.73
V005,Eastern Titan,PARADIP,18.2934,88.8671,10.63,174.79,7.89,1.93,6,326.16,24.89
V004,Steel Infinity,SMPK,25.7885,90.2735,9.99,233.2,16.97,1.41,2,412.0,30.98
V005,Eastern Titan,SMPK,18.4001,90.8947,8.45,282.3,28.99,4.12,3,534.74,63.47
V005,Eastern Titan,HALDIA,25.692,87.3297,14.71,67.71,19.91,1.9,1,416.09,21.87
V007,Ocean Sapphire,PARADIP,21.3668,91.6393,9.53,326.38,22.65,3.54,7,534.4,57.97
V005,Eastern Titan,PARADIP,13.9833,88.1461,13.75,164.13,9.34,2.83,2,723.0,41.46
V007,Ocean Sapphire,VIZAG,15.6167,78.2919,13.95,354.93,4.06,2.44,2,579.2,30.56
V001,Ganga Glory,SMPK,17.8575,86.0915,12.61,206.84,12.05,2.8,0,570.37,34.24
V002,Bharat Star,PARADIP,20.8779,84.2317,11.55,155.87,17.21,4.32,0,256.21,19.23
V006,Himalaya Dawn,PARADIP,19.7351,89.7926,14.17,26.55,26.38,2.26,6,337.76,22.66
V007,Ocean Sapphire,SMPK,27.5743,89.305,11.55,142.76,22.62,4.12,9,567.77,55.3
V006,Himalaya Dawn,SMPK,17.9382,92.2539,14.9,54.92,30.83,3.44,4,658.02,44.17
V007,Ocean Sapphire,SMPK,15.5426,89.7504,14.74,87.07,18.94,2.57,6,793.93,49.69
V003,Odisha Queen,HALDIA,22.5841,89.8993,13.3,331.8,31.06,1.48,4,199.71,13.26
V005,Eastern Titan,VIZAG,12.9397,81.4548,13.65,228.81,34.34,0.52,7,563.29,37.67
V005,Eastern Titan,VIZAG,19.5086,86.0478,11.75,284.57,8.28,3.85,9,354.91,30.44
V004,Steel Infinity,SMPK,17.378,90.6238,13.55,314.03,10.56,1.41,10,624.23,40.36
V001,Ganga Glory,SMPK,26.6735,84.8464,9.93,4.75,13.87,0.32,7,576.22,44.43
V005,Eastern Titan,VIZAG,16.443,86.3649,12.5,209.91,19.9,2.77,2,356.02,24.09
V006,Himalaya Dawn,HALDIA,25.7878,85.2787,11.15,175.23,26.46,2.38,10,506.32,47.94
V003,Odisha Queen,HALDIA,22.0111,81.0608,8.16,184.25,21.27,3.57,7,721.49,90.8
V003,Odisha Queen,PARADIP,17.9464,90.18,13.78,48.95,8.31,0.9,2,457.7,22.32
V005,Eastern Titan,SMPK,24.0061,86.4681,12.99,312.21,8.32,2.16,3,247.44,14.58
V007,Ocean Sapphire,VIZAG,15.6087,84.4368,9.69,9.22,20.7,0.55,1,262.19,19.02
V005,Eastern Titan,PARADIP,16.0457,83.9745,14.65,256.24,15.03,1.76,11,551.32,35.89
V004,Steel Infinity,VIZAG,20.5611,89.0144,14.5,205.73,24.71,3.81,9,681.7,52.55
V002,Bharat Star,HALDIA,27.4412,91.5596,10.21,28.27,14.42,2.95,8,699.65,66.13
V003,Odisha Queen,SMPK,25.2943,89.1326,10.64,271.07,26.49,0.88,9,316.67,27.63
V002,Bharat Star,SMPK,25.6043,92.3182,10.7,327.45,4.33,0.42,5,530.73,33.46
V006,Himalaya Dawn,HALDIA,18.7815,93.4872,8.45,33.24,8.81,0.22,8,669.83,59.0
V004,Steel Infinity,HALDIA,17.5883,83.836,9.59,15.73,15.97,0.92,6,660.97,55.01
V007,Ocean Sapphire,VIZAG,12.1015,83.7306,9.51,86.2,31.14,2.85,12,623.29,76.94
V005,Eastern Titan,SMPK,19.12,90.2408,12.39,110.37,21.53,1.37,9,431.43,32.32
V006,Himalaya Dawn,PARADIP,21.3465,89.8628,12.43,328.85,28.52,3.91,7,355.79,31.39
V004,Steel Infinity,HALDIA,27.739,86.9804,10.94,351.7,31.36,0.81,9,646.26,56.54
V001,Ganga Glory,PARADIP,16.42,90.5405,12.09,79.98,9.85,3.86,5,599.28,45.75
V007,Ocean Sapphire,PARADIP,25.8386,83.4664,8.29,173.47,29.11,2.61,6,693.18,82.8
V007,Ocean Sapphire,VIZAG,11.0994,81.1736,13.74,182.04,6.87,0.31,6,767.11,39.17
V007,Ocean Sapphire,HALDIA,18.1393,91.0959,14.83,253.82,23.47,0.32,10,534.53,32.08
V001,Ganga Glory,SMPK,21.0778,85.4121,10.86,148.49,16.13,1.79,6,340.1,26.77
V003,Odisha Queen,VIZAG,20.2922,80.9326,10.32,25.69,30.49,3.71,4,380.3,37.38
V006,Himalaya Dawn,VIZAG,20.1099,85.1373,8.49,167.71,7.71,3.85,3,332.53,33.74
V002,Bharat Star,PARADIP,18.7336,91.3642,11.93,180.33,30.16,1.31,1,527.52,35.28
V005,Eastern Titan,VIZAG,18.0223,78.8897,11.89,168.44,9.35,2.6,3,466.12,31.26
V003,Odisha Queen,PARADIP,24.1002,86.6258,10.78,207.36,10.58,1.74,4,420.33,30.2
V006,Himalaya Dawn,SMPK,26.6607,93.6415,8.95,271.47,3.68,0.41,6,707.33,54.35
V006,Himalaya Dawn,SMPK,20.9737,83.1621,11.78,156.97,26.39,2.29,6,558.75,45.17
V003,Odisha Queen,SMPK,24.3769,90.7674,8.01,307.49,19.21,1.7,8,323.41,36.86
V003,Odisha Queen,SMPK,16.556,86.9177,11.01,151.93,22.79,1.7,2,682.04,49.61
V004,Steel Infinity,VIZAG,22.271,83.4375,12.78,353.48,21.24,0.32,6,509.65,31.66
V007,Ocean Sapphire,VIZAG,15.2958,83.1195,8.29,70.5,7.15,2.51,10,266.77,29.91
V001,Ganga Glory,SMPK,23.7805,84.0078,12.53,185.8,7.93,1.76,0,459.6,24.89
V002,Bharat Star,HALDIA,20.6661,91.0003,14.29,162.27,33.52,1.83,10,339.21,25.32
V006,Himalaya Dawn,PARADIP,22.4396,86.1455,9.23,168.37,26.07,0.21,7,240.75,21.87
V005,Eastern Titan,HALDIA,24.4273,90.3408,10.8,185.4,34.25,2.83,1,355.75,29.8
V003,Odisha Queen,VIZAG,19.611,80.3866,10.66,37.37,17.94,1.85,5,372.2,29.62
V003,Odisha Queen,PARADIP,25.6447,89.1023,12.23,264.19,19.02,3.31,8,644.25,53.72
V004,Steel Infinity,HALDIA,25.1853,91.6748,12.5,315.93,22.68,3.61,6,510.16,41.33
V004,Steel Infinity,SMPK,25.0049,91.3822,8.24,187.2,14.18,0.3,6,415.75,37.72
V006,Himalaya Dawn,VIZAG,16.6577,86.5045,9.79,249.78,2.76,2.37,9,361.27,32.03
V003,Odisha Queen,VIZAG,13.4544,85.1702,11.48,1.85,17.02,4.45,7,512.63,47.17
V007,Ocean Sapphire,VIZAG,15.2873,85.2343,13.73,285.34,31.57,1.66,4,338.8,22.14
V006,Himalaya Dawn,PARADIP,22.0617,84.7737,14.23,234.27,7.61,2.61,5,272.29,15.91
V006,Himalaya Dawn,SMPK,27.8784,91.1769,12.41,303.4,30.79,2.65,10,659.32,58.73
V005,Eastern Titan,SMPK,25.4093,89.4329,13.6,61.42,20.4,3.46,0,338.13,20.83
V007,Ocean Sapphire,HALDIA,26.4261,91.3511,8.01,329.33,24.98,4.29,0,593.65,67.26
V002,Bharat Star,SMPK,19.0772,84.4784,12.87,71.07,2.92,1.58,12,553.91,37.57
V006,Himalaya Dawn,SMPK,24.1106,91.234,9.99,82.65,13.02,2.87,6,346.19,31.32
V006,Himalaya Dawn,VIZAG,17.3389,78.0693,13.24,265.91,19.17,0.63,6,553.91,33.47
V003,Odisha Queen,HALDIA,18.9769,86.6151,11.06,196.12,34.3,3.22,8,369.31,37.27
V007,Ocean Sapphire,PARADIP,21.2077,83.7811,12.82,170.51,9.19,1.02,5,311.23,18.02
V006,Himalaya Dawn,PARADIP,21.3192,83.5107,10.1,50.93,8.36,0.33,5,341.72,23.48
V003,Odisha Queen,PARADIP,22.9982,92.6881,13.03,286.34,5.51,3.87,11,694.11,55.21
V005,Eastern Titan,VIZAG,13.4555,77.7707,8.33,143.97,7.38,1.14,2,754.81,61.66
V003,Odisha Queen,SMPK,26.8988,86.5741,10.03,17.63,4.78,1.36,9,514.0,41.66
V001,Ganga Glory,HALDIA,27.1242,87.4292,14.58,247.38,31.87,4.13,8,572.24,45.56
V006,Himalaya Dawn,SMPK,24.3839,84.2881,12.21,236.0,33.12,0.58,0,457.16,28.12
V006,Himalaya Dawn,PARADIP,19.6007,92.6778,12.93,134.88,20.66,0.75,1,638.13,35.22
V006,Himalaya Dawn,VIZAG,13.855,86.811,9.72,237.72,18.61,2.49,6,569.68,53.66
V003,Odisha Queen,SMPK,21.8485,92.6502,11.13,61.68,6.11,1.29,12,454.59,35.74
V006,Himalaya Dawn,PARADIP,22.1769,89.1147,11.47,90.58,32.97,4.1,7,330.86,32.83
V002,Bharat Star,SMPK,22.0734,84.0085,14.9,24.45,18.36,0.9,1,444.62,21.16
V004,Steel Infinity,PARADIP,22.5673,85.3212,10.4,286.61,32.21,2.93,5,283.74,27.38
V003,Odisha Queen,PARADIP,19.2953,91.4744,12.46,322.92,7.9,3.15,12,520.45,42.81
V006,Himalaya Dawn,VIZAG,21.6031,86.784,14.01,22.7,34.11,2.52,2,569.12,37.08
V003,Odisha Queen,SMPK,24.0107,90.301,8.58,186.2,28.41,3.01,7,261.06,31.55
V004,Steel Infinity,VIZAG,14.8427,80.5639,9.34,259.16,5.13,4.06,11,429.27,48.17
V003,Odisha Queen,PARADIP,20.7235,83.8496,10.16,104.29,33.89,4.49,9,291.97,35.28
V002,Bharat Star,VIZAG,12.4143,86.8865,14.46,316.13,6.84,0.7,8,702.84,37.1
V005,Eastern Titan,VIZAG,12.9063,82.8081,8.22,67.11,17.59,1.09,12,534.32,61.4
V006,Himalaya Dawn,HALDIA,21.6594,81.4375,12.8,269.15,5.42,3.58,3,684.62,44.51
V006,Himalaya Dawn,PARADIP,25.2819,86.4717,12.14,10.98,16.25,1.47,3,551.94,35.08
V002,Bharat Star,VIZAG,16.009,84.999,13.18,190.56,11.64,0.96,3,261.54,14.17
V001,Ganga Glory,SMPK,17.9772,83.8208,13.6,82.65,2.26,3.56,2,690.42,40.1
V004,Steel Infinity,SMPK,18.3524,83.2016,13.35,269.75,23.66,4.34,9,706.97,60.75
V006,Himalaya Dawn,VIZAG,13.5284,86.4881,11.94,14.41,29.73,1.54,1,576.29,38.99
V006,Himalaya Dawn,VIZAG,22.3908,83.3971,13.09,194.15,18.6,1.91,10,522.84,38.64
V007,Ocean Sapphire,SMPK,20.8105,84.5758,13.19,109.72,14.1,3.38,3,430.66,28.45
V007,Ocean Sapphire,VIZAG,19.6695,81.6271,12.86,338.21,11.31,3.06,7,280.64,20.25
V001,Ganga Glory,VIZAG,18.8713,86.9594,10.31,106.71,15.47,4.2,5,410.07,38.94
V007,Ocean Sapphire,PARADIP,15.7039,87.921,14.94,277.31,12.57,0.3,6,531.39,26.21
V006,Himalaya Dawn,VIZAG,15.4796,84.6475,10.37,42.05,9.05,0.58,9,285.74,21.72
V002,Bharat Star,HALDIA,20.5622,89.6367,12.09,60.5,16.07,1.0,5,229.35,14.87
V003,Odisha Queen,VIZAG,21.8758,87.9568,11.46,70.5,24.56,3.43,2,675.23,53.64
V002,Bharat Star,VIZAG,19.1294,81.6007,8.08,242.01,7.61,4.29,1,238.76,24.76
V002,Bharat Star,PARADIP,15.5768,86.178,14.38,248.21,33.2,0.86,6,529.48,33.31
V007,Ocean Sapphire,SMPK,24.5962,88.3783,13.86,88.15,18.1,1.13,10,227.67,14.94
V006,Himalaya Dawn,VIZAG,19.3175,76.7267,12.06,157.63,31.83,3.33,4,714.26,59.22
V002,Bharat Star,VIZAG,22.4109,82.7314,9.7,339.29,7.85,2.03,2,528.05,39.97
V005,Eastern Titan,HALDIA,18.9574,82.6336,8.97,65.02,26.67,1.07,8,659.23,67.68
V001,Ganga Glory,HALDIA,18.8714,81.5681,9.79,277.0,25.94,2.34,5,760.99,72.16
V003,Odisha Queen,VIZAG,20.4515,84.9693,12.95,283.47,26.04,2.22,2,354.68,23.27
V001,Ganga Glory,HALDIA,22.9718,90.2689,14.56,27.5,2.08,0.28,8,250.87,12.11
V004,Steel Infinity,VIZAG,19.7514,79.9916,12.15,321.4,17.49,0.95,7,415.27,28.38
V003,Odisha Queen,PARADIP,17.4489,86.4412,10.03,229.61,18.26,1.07,4,319.8,24.9
V007,Ocean Sapphire,PARADIP,18.2803,90.3616,14.47,324.53,27.89,3.69,1,453.43,28.75
V005,Eastern Titan,PARADIP,18.3066,87.9646,12.55,286.33,26.61,2.71,7,264.62,21.2
V005,Eastern Titan,SMPK,21.3111,93.6772,13.59,121.54,25.17,3.58,8,571.46,45.37
V006,Himalaya Dawn,VIZAG,23.6847,86.0475,14.64,116.38,4.97,4.41,2,726.02,42.36
V007,Ocean Sapphire,SMPK,19.3465,88.1623,10.87,144.24,2.55,3.84,7,356.5,30.23
V006,Himalaya Dawn,VIZAG,21.1244,87.1226,12.51,140.16,22.04,2.46,2,555.14,37.29
V004,Steel Infinity,SMPK,22.138,94.7956,9.56,194.68,26.31,0.78,7,669.56,61.41
V001,Ganga Glory,PARADIP,22.18,83.4974,11.83,15.19,21.87,3.97,10,384.03,36.87
V003,Odisha Queen,HALDIA,28.4638,89.4343,8.36,18.63,17.03,3.49,5,730.8,82.58
V003,Odisha Queen,HALDIA,22.9199,93.1585,9.27,127.51,22.04,3.15,1,533.55,49.21
V002,Bharat Star,PARADIP,18.8398,88.0518,9.62,231.61,15.12,0.28,0,222.69,14.75
V006,Himalaya Dawn,HALDIA,21.4861,81.0515,8.79,102.5,11.05,2.51,11,726.11,80.87
V003,Odisha Queen,HALDIA,20.9634,91.1244,10.46,241.13,9.94,2.25,7,337.73,27.98
V001,Ganga Glory,PARADIP,19.7125,89.463,12.48,134.32,28.59,0.22,5,304.61,19.85
V001,Ganga Glory,VIZAG,14.3287,83.6479,8.23,186.9,2.45,1.92,3,375.82,32.72
V004,Steel Infinity,SMPK,22.251,94.2366,8.74,19.95,6.62,2.43,2,611.17,52.48
V006,Himalaya Dawn,HALDIA,24.8122,84.4231,13.95,3.39,33.75,4.39,7,484.53,40.36
V006,Himalaya Dawn,HALDIA,20.0686,84.7953,14.72,65.05,3.09,1.76,12,401.72,24.21
V004,Steel Infinity,PARADIP,19.5225,91.0194,11.99,280.12,10.89,3.42,8,468.37,37.99
V001,Ganga Glory,PARADIP,24.9181,91.1184,12.33,273.34,21.48,4.22,2,688.78,52.4
V006,Himalaya Dawn,VIZAG,15.9043,89.6148,8.55,140.61,13.48,3.87,0,702.91,67.64
V004,Steel Infinity,VIZAG,16.3407,76.4706,13.45,15.91,8.47,3.51,2,739.35,45.22
V002,Bharat Star,PARADIP,17.9472,84.754,9.48,63.49,9.14,3.65,8,328.68,33.84
V007,Ocean Sapphire,HALDIA,25.7186,87.5796,11.89,71.49,13.66,1.12,10,415.26,30.64
V005,Eastern Titan,HALDIA,18.2444,82.7995,11.34,36.4,9.76,2.07,10,690.5,55.8
V004,Steel Infinity,HALDIA,18.3327,89.9175,10.7,329.81,16.27,4.48,5,452.52,42.34
V003,Odisha Queen,HALDIA,16.8703,92.9956,14.89,273.9,14.13,4.46,9,770.84,56.41
V005,Eastern Titan,SMPK,27.2929,88.3957,14.48,329.65,30.97,2.27,2,527.47,32.08
V005,Eastern Titan,SMPK,25.5028,88.178,13.66,288.9,8.44,3.69,1,328.57,19.46
V007,Ocean Sapphire,SMPK,29.1591,89.1125,8.78,302.35,3.78,2.92,9,739.37,76.85
V007,Ocean Sapphire,VIZAG,24.4242,83.7234,9.35,310.65,4.8,1.09,0,750.22,50.2
V005,Eastern Titan,VIZAG,15.4289,76.902,8.07,87.53,4.63,1.22,2,724.71,60.12
V006,Himalaya Dawn,SMPK,23.8598,95.3374,12.5,319.25,19.5,1.2,9,733.72,53.01
V004,Steel Infinity,HALDIA,24.4326,92.2995,8.67,264.07,25.95,3.52,2,510.09,54.34
V005,Eastern Titan,SMPK,21.2339,93.217,14.88,113.04,27.53,4.29,9,527.97,41.51
V004,Steel Infinity,VIZAG,14.3782,85.6609,12.78,127.96,12.27,3.78,10,447.58,36.94
V004,Steel Infinity,SMPK,24.1131,92.3152,14.73,348.39,18.55,3.8,2,445.25,27.12
V005,Eastern Titan,HALDIA,24.2828,83.6193,10.52,292.31,20.42,4.0,1,519.57,44.12
V001,Ganga Glory,SMPK,27.7691,84.6459,12.08,337.85,3.17,4.06,2,686.94,46.85
V004,Steel Infinity,PARADIP,22.9756,85.7989,13.89,91.06,9.94,1.59,8,307.24,18.66
V002,Bharat Star,VIZAG,15.5961,81.6848,8.56,106.01,27.31,3.71,12,288.26,40.71
V005,Eastern Titan,HALDIA,19.5868,87.1838,12.66,241.21,25.06,2.83,4,284.43,20.86
V007,Ocean Sapphire,SMPK,21.6839,92.4358,10.38,186.25,29.68,0.53,1,436.77,31.62
V003,Odisha Queen,VIZAG,12.6752,85.0427,14.13,255.35,27.3,0.21,1,588.81,30.03
V005,Eastern Titan,SMPK,18.869,87.5927,10.25,110.19,14.19,3.71,8,415.86,41.14
V001,Ganga Glory,PARADIP,16.1363,83.8284,10.44,78.49,11.97,2.9,1,550.72,41.41
V006,Himalaya Dawn,HALDIA,25.9532,89.1695,13.98,35.39,24.27,2.13,10,452.71,33.13
V001,Ganga Glory,SMPK,21.5527,84.8643,14.29,10.61,5.31,4.03,8,371.03,25.34
V002,Bharat Star,HALDIA,17.3256,92.507,12.06,258.16,27.51,2.77,4,698.54,54.44
V007,Ocean Sapphire,SMPK,20.6122,87.4051,9.59,311.47,6.56,4.01,10,234.5,25.2
V004,Steel Infinity,VIZAG,20.3471,86.6781,14.98,194.39,27.79,2.69,8,463.53,32.08
V003,Odisha Queen,SMPK,21.9736,90.0895,10.88,342.52,2.83,0.52,12,194.99,14.24
V001,Ganga Glory,HALDIA,22.2652,91.8162,14.75,2.87,13.55,3.61,12,387.91,28.93
V007,Ocean Sapphire,PARADIP,15.5535,85.1772,8.1,47.79,31.32,4.25,1,551.53,65.91
V003,Odisha Queen,PARADIP,19.3329,88.865,8.29,237.43,21.71,1.92,6,259.22,28.1
V003,Odisha Queen,HALDIA,23.4916,86.2621,11.68,249.14,19.47,2.21,11,247.24,21.55
V005,Eastern Titan,VIZAG,17.3232,81.2571,8.02,348.16,34.51,3.22,5,218.35,28.21
V003,Odisha Queen,SMPK,16.4369,90.9662,10.35,238.72,27.78,1.61,2,734.88,58.55
V001,Ganga Glory,VIZAG,16.7849,88.4529,14.34,269.66,25.33,0.84,5,558.48,32.39
V006,Himalaya Dawn,HALDIA,22.8734,94.9938,10.5,89.36,34.69,2.58,8,718.98,73.64
V001,Ganga Glory,VIZAG,15.4659,78.3071,13.14,10.39,33.65,3.48,5,584.79,46.61
V004,Steel Infinity,PARADIP,22.7903,88.0144,12.89,79.02,5.08,2.08,6,310.23,19.33
V001,Ganga Glory,VIZAG,14.7423,86.3773,11.22,164.0,9.27,1.7,7,465.58,34.27
V003,Odisha Queen,HALDIA,25.2182,81.769,14.95,172.6,25.34,1.56,6,733.38,44.1
V002,Bharat Star,PARADIP,25.0486,87.3711,12.49,235.08,25.92,3.94,8,531.4,47.15
V004,Steel Infinity,VIZAG,14.7126,81.4375,8.74,174.97,23.71,1.81,6,385.1,39.86
V005,Eastern Titan,HALDIA,22.3445,84.7927,9.53,151.93,17.28,0.44,2,338.48,24.75
V004,Steel Infinity,PARADIP,21.771,85.2128,14.63,121.3,5.21,2.16,7,217.62,12.34
V004,Steel Infinity,VIZAG,22.3469,79.1978,11.07,301.04,24.43,2.9,1,670.74,51.74
V003,Odisha Queen,PARADIP,20.9899,84.3981,12.34,92.34,2.79,2.6,2,242.88,14.52
V004,Steel Infinity,HALDIA,22.3655,83.0839,14.29,121.81,15.35,4.23,6,513.85,36.16
V006,Himalaya Dawn,VIZAG,16.7023,78.5521,14.73,322.95,2.27,0.54,7,514.06,24.57
V005,Eastern Titan,HALDIA,21.949,83.1147,9.46,336.26,31.64,4.21,4,509.95,56.7
V003,Odisha Queen,PARADIP,22.5319,80.4057,9.96,94.16,30.05,0.24,1,688.57,50.97
V007,Ocean Sapphire,PARADIP,23.4059,87.5807,11.38,190.63,11.72,3.32,3,357.17,26.79
V004,Steel Infinity,HALDIA,19.235,87.5306,13.08,240.04,6.9,2.02,7,313.45,19.92
V006,Himalaya Dawn,HALDIA,25.743,93.4542,8.28,77.95,9.57,4.37,5,687.69,79.11
V005,Eastern Titan,VIZAG,14.6916,79.9665,12.38,29.96,31.5,0.94,11,486.13,39.79
V004,Steel Infinity,SMPK,21.8548,91.1008,10.57,268.93,21.93,2.95,2,298.51,24.5
V002,Bharat Star,PARADIP,19.4874,84.0065,9.15,270.42,5.18,3.76,1,288.5,25.06
V003,Odisha Queen,PARADIP,15.8395,86.6048,13.8,207.53,31.54,1.07,3,498.21,30.25
V006,Himalaya Dawn,PARADIP,26.4976,87.7817,11.35,231.26,26.75,1.16,0,697.06,45.92
V004,Steel Infinity,HALDIA,27.8388,86.3923,8.09,152.94,14.2,2.8,11,669.56,84.62
V005,Eastern Titan,HALDIA,22.5166,84.4451,11.33,354.14,29.08,0.28,3,376.23,25.8
V006,Himalaya Dawn,SMPK,27.9762,88.011,8.52,288.94,30.44,0.76,3,604.06,57.65
V006,Himalaya Dawn,PARADIP,21.615,79.9332,13.03,209.72,2.81,1.1,7,709.01,40.52
V002,Bharat Star,PARADIP,20.9338,90.5848,10.99,309.65,16.37,3.48,5,418.2,35.76
V007,Ocean Sapphire,SMPK,22.5024,90.8684,10.68,223.81,17.87,2.69,8,263.86,23.98
V003,Odisha Queen,SMPK,26.115,85.9549,12.52,319.78,19.58,2.3,12,462.13,38.7
V002,Bharat Star,SMPK,20.4755,85.3116,9.04,78.79,21.95,1.15,5,385.7,35.38
V002,Bharat Star,PARADIP,21.2757,90.0814,12.72,350.68,7.22,1.87,1,375.17,20.68
V005,Eastern Titan,SMPK,26.6294,85.2047,9.11,256.37,6.35,1.49,9,551.03,50.34
V007,Ocean Sapphire,HALDIA,25.0785,86.905,9.3,321.12,14.73,3.32,11,360.94,41.28
V002,Bharat Star,VIZAG,20.7097,79.4181,9.97,353.34,22.35,2.83,3,526.45,46.88
V003,Odisha Queen,VIZAG,17.879,87.4215,11.37,76.46,17.56,4.3,0,439.0,33.5
V001,Ganga Glory,HALDIA,21.9075,85.5607,13.86,214.25,18.83,1.25,12,258.0,17.98
V007,Ocean Sapphire,SMPK,18.5357,84.2568,9.43,0.58,6.68,0.3,8,613.49,47.84
V005,Eastern Titan,VIZAG,15.9795,89.7873,12.69,338.76,22.34,1.58,10,718.15,54.94
V007,Ocean Sapphire,PARADIP,21.5481,84.2574,8.2,310.85,6.21,3.9,11,280.8,35.76
V001,Ganga Glory,HALDIA,28.1003,84.6348,10.34,135.11,31.75,2.15,6,759.91,71.84
V005,Eastern Titan,SMPK,19.5735,93.4321,9.02,5.66,23.84,3.59,2,626.91,63.61
V002,Bharat Star,HALDIA,19.2194,90.1589,12.69,20.12,25.84,3.82,7,379.46,32.09
V003,Odisha Queen,HALDIA,25.3052,82.0717,8.42,166.84,34.06,0.26,11,711.36,82.98
V005,Eastern Titan,VIZAG,18.419,85.88,8.35,27.39,12.67,3.38,12,286.57,36.94
V002,Bharat Star,VIZAG,17.2582,80.6464,13.5,84.08,31.53,2.6,10,283.42,23.24
V002,Bharat Star,SMPK,25.0288,86.5756,13.97,357.16,19.94,4.09,2,326.72,21.56
V007,Ocean Sapphire,PARADIP,24.3632,81.5543,14.45,250.46,2.89,1.09,12,688.02,39.83
V003,Odisha Queen,PARADIP,17.8189,88.8384,13.34,220.25,7.78,0.24,11,362.88,21.54
V005,Eastern Titan,PARADIP,21.3651,90.1995,14.52,233.44,5.48,3.12,2,389.69,21.02
V001,Ganga Glory,SMPK,22.7986,86.084,12.59,37.51,16.81,1.57,3,229.03,14.21
V003,Odisha Queen,VIZAG,21.8515,84.7472,14.93,89.29,4.15,4.44,7,487.53,31.74
V002,Bharat Star,SMPK,25.2427,92.7549,10.35,333.6,27.62,4.48,11,542.85,65.03
V007,Ocean Sapphire,HALDIA,26.3883,85.9981,12.63,182.23,3.51,4.37,5,529.83,38.39
V007,Ocean Sapphire,PARADIP,18.1316,82.5855,14.44,120.76,30.51,0.42,1,488.47,25.36
V003,Odisha Queen,HALDIA,15.6425,88.0902,13.97,343.99,34.55,2.06,4,708.04,47.6
V007,Ocean Sapphire,VIZAG,20.5139,82.8446,12.81,226.35,11.81,3.55,3,317.32,21.49
V001,Ganga Glory,VIZAG,18.3004,76.6549,10.25,311.61,20.6,3.51,0,703.88,57.8
V001,Ganga Glory,SMPK,23.1324,90.754,14.95,31.2,17.66,4.16,10,259.68,19.44
V001,Ganga Glory,VIZAG,14.8528,83.5045,8.26,128.17,34.52,4.1,2,316.4,38.53
V004,Steel Infinity,SMPK,24.5848,91.2933,10.93,90.6,12.01,0.45,9,379.8,27.8
V005,Eastern Titan,PARADIP,25.2956,86.4149,8.23,245.08,12.44,4.42,1,553.67,58.66
V003,Odisha Queen,VIZAG,21.494,83.1891,10.54,258.95,18.14,1.88,0,423.09,29.71
V006,Himalaya Dawn,VIZAG,18.0861,81.4097,14.21,89.86,16.45,4.03,12,202.76,16.45
V002,Bharat Star,VIZAG,20.9916,84.2434,11.09,252.39,26.03,0.54,10,380.78,31.72
V006,Himalaya Dawn,SMPK,23.2656,86.3355,11.35,310.07,6.52,2.42,5,216.38,15.5
V007,Ocean Sapphire,VIZAG,22.928,78.6906,14.37,83.66,6.71,2.77,3,753.69,41.55
V007,Ocean Sapphire,HALDIA,26.8223,93.0556,9.6,307.83,19.41,2.43,6,736.14,70.31
V001,Ganga Glory,PARADIP,24.9239,87.9846,10.25,308.41,24.97,2.9,7,530.73,52.16
V004,Steel Infinity,HALDIA,18.0728,85.1823,8.44,144.57,17.2,1.27,0,531.01,44.18
V001,Ganga Glory,PARADIP,16.0942,91.5106,13.97,318.88,6.53,3.31,1,698.2,38.84
V006,Himalaya Dawn,VIZAG,18.2753,81.3637,12.65,314.69,19.04,2.34,12,212.87,17.62
V002,Bharat Star,PARADIP,19.5129,84.5129,14.22,243.54,5.9,1.98,2,237.86,12.05
V002,Bharat Star,HALDIA,15.8245,86.7496,11.59,173.96,34.94,3.49,12,701.46,75.58
V005,Eastern Titan,VIZAG,17.7172,85.4365,11.54,184.0,24.33,0.46,8,228.46,17.1
V007,Ocean Sapphire,HALDIA,15.5053,88.5779,10.75,138.36,14.76,1.58,3,725.34,51.91
V002,Bharat Star,HALDIA,23.9987,89.094,12.61,151.71,32.74,0.41,1,245.15,14.81
V002,Bharat Star,HALDIA,21.8499,92.4556,9.38,215.73,11.19,3.79,8,453.73,48.34
V007,Ocean Sapphire,VIZAG,17.0627,86.073,12.24,309.63,7.52,1.43,8,304.48,20.32
V003,Odisha Queen,PARADIP,24.4975,87.2036,13.45,106.53,7.36,4.25,6,468.37,33.29
V002,Bharat Star,HALDIA,22.2737,90.5732,11.37,207.02,12.28,4.11,8,260.5,23.55
V003,Odisha Queen,HALDIA,21.2038,82.3476,8.4,65.5,27.94,1.32,10,597.28,70.51
V007,Ocean Sapphire,SMPK,21.4443,84.9343,13.15,101.35,9.24,3.37,1,368.13,22.29
V002,Bharat Star,VIZAG,22.7401,85.2309,14.29,12.1,4.17,0.59,9,597.27,31.58
V007,Ocean Sapphire,HALDIA,23.4536,90.7029,13.7,22.52,6.96,1.9,7,315.0,18.95
V005,Eastern Titan,HALDIA,22.7714,89.8633,9.48,294.59,8.11,1.02,2,203.82,14.58
V006,Himalaya Dawn,SMPK,23.4042,90.2717,8.37,43.63,11.74,1.01,11,223.07,23.34
V007,Ocean Sapphire,SMPK,23.2564,90.2214,10.2,237.25,7.98,3.98,0,211.9,16.59
V002,Bharat Star,SMPK,26.7522,85.7733,11.76,167.34,28.24,3.79,12,532.44,55.31
V005,Eastern Titan,VIZAG,21.8071,80.8269,8.86,113.44,32.29,4.07,11,524.84,73.67
V003,Odisha Queen,VIZAG,20.7704,89.7586,13.78,235.22,6.07,3.11,11,761.43,54.49
V003,Odisha Queen,VIZAG,14.1277,86.7001,12.04,34.68,33.98,0.48,3,539.07,36.6
V006,Himalaya Dawn,HALDIA,24.9659,82.0022,10.32,166.26,20.47,0.39,0,699.64,45.56
V002,Bharat Star,SMPK,18.4294,90.3649,11.15,260.54,17.81,2.21,6,506.13,40.5
V003,Odisha Queen,VIZAG,16.0956,85.836,13.04,126.89,32.1,1.05,1,324.63,19.77
V001,Ganga Glory,PARADIP,14.9306,81.9153,14.65,359.23,13.07,0.51,9,779.39,43.16
V005,Eastern Titan,PARADIP,17.329,87.2343,8.16,323.8,16.96,3.25,3,338.81,36.57
V006,Himalaya Dawn,HALDIA,23.8437,88.3296,11.08,129.47,14.83,0.7,6,205.76,14.43
V007,Ocean Sapphire,HALDIA,17.4268,87.313,14.43,338.24,27.21,2.1,6,515.59,33.77
V006,Himalaya Dawn,PARADIP,19.9379,80.7789,10.75,211.01,5.18,2.16,5,611.28,44.83
V003,Odisha Queen,PARADIP,18.5101,80.2028,13.11,107.01,28.15,2.02,10,702.35,55.85
V006,Himalaya Dawn,VIZAG,14.7772,78.9781,8.65,149.54,14.04,3.69,8,561.94,65.75
V002,Bharat Star,SMPK,17.0463,87.3571,11.99,177.67,27.62,3.55,2,619.88,48.33
V005,Eastern Titan,PARADIP,21.5977,81.3432,14.49,205.27,19.6,3.28,0,566.02,32.17
V004,Steel Infinity,VIZAG,12.6832,84.896,13.52,61.06,27.96,2.4,2,583.1,37.55
V006,Himalaya Dawn,HALDIA,22.0579,81.9699,14.55,90.41,8.73,2.82,9,627.71,40.56
V001,Ganga Glory,HALDIA,22.3558,85.4016,9.25,209.6,19.07,1.85,9,276.4,28.23
V006,Himalaya Dawn,VIZAG,14.299,89.3208,9.99,83.26,24.36,2.24,4,747.62,66.48
V007,Ocean Sapphire,HALDIA,19.6287,84.3844,8.69,246.99,28.81,3.18,0,464.78,46.43
V002,Bharat Star,SMPK,24.0509,85.524,9.88,31.49,12.68,1.17,1,328.96,23.06
V003,Odisha Queen,VIZAG,17.3982,81.4627,10.75,167.48,14.37,0.48,1,195.39,12.06
V003,Odisha Queen,PARADIP,20.556,88.9784,12.03,143.45,29.2,3.73,8,247.13,22.93
V005,Eastern Titan,HALDIA,22.1978,82.3415,12.8,151.78,2.66,1.77,3,589.46,32.65
V005,Eastern Titan,PARADIP,19.7002,82.0176,14.69,180.13,25.63,4.15,8,485.76,37.05
V004,Steel Infinity,PARADIP,17.6799,87.2899,12.27,106.62,33.93,3.29,10,301.89,28.84
V002,Bharat Star,VIZAG,14.711,81.3091,9.12,302.68,20.27,0.39,5,392.44,33.21
V004,Steel Infinity,SMPK,20.5687,89.9908,11.85,62.96,11.29,3.73,11,281.26,25.35
V003,Odisha Queen,HALDIA,21.8229,91.3368,10.27,311.32,20.29,0.7,0,338.66,22.69
V003,Odisha Queen,SMPK,25.168,91.2114,12.9,246.72,8.66,4.18,7,415.17,31.68
V007,Ocean Sapphire,HALDIA,18.8605,91.0286,8.26,244.52,22.02,3.38,9,467.21,60.5
V006,Himalaya Dawn,PARADIP,23.2962,83.978,11.31,181.41,10.39,2.09,10,428.82,34.98
V001,Ganga Glory,SMPK,25.5943,88.1199,8.96,256.15,13.75,1.3,9,339.01,32.93
V007,Ocean Sapphire,VIZAG,21.7053,78.6527,8.52,158.8,26.17,3.29,5,658.68,76.46
V003,Odisha Queen,VIZAG,19.3806,82.2443,12.32,227.43,18.18,2.37,0,217.39,13.53
V006,Himalaya Dawn,PARADIP,20.6422,81.8986,12.59,328.4,30.76,2.31,8,493.1,40.38
V006,Himalaya Dawn,HALDIA,25.3966,88.3351,12.8,13.28,17.2,3.27,6,377.61,28.2
V006,Himalaya Dawn,PARADIP,25.8472,85.3729,10.21,78.41,25.82,0.85,0,627.68,44.65
V005,Eastern Titan,HALDIA,20.4865,93.4472,9.93,122.59,7.29,4.09,12,583.39,64.0
V004,Steel Infinity,VIZAG,11.8401,81.8803,10.5,117.7,11.65,1.68,4,667.65,49.45
V003,Odisha Queen,SMPK,20.5597,91.2726,12.0,115.16,18.23,3.06,9,378.77,32.24
V004,Steel Infinity,VIZAG,17.5815,79.3425,11.61,110.02,17.19,2.44,5,417.42,31.65
V007,Ocean Sapphire,VIZAG,15.803,81.9713,11.91,170.14,9.96,0.34,7,251.87,15.68
V006,Himalaya Dawn,HALDIA,27.1503,93.0112,8.07,116.16,6.98,1.85,4,759.64,71.53
V001,Ganga Glory,PARADIP,23.6129,89.8467,8.29,27.2,26.8,2.79,9,494.71,63.36
V005,Eastern Titan,HALDIA,19.2895,84.0279,14.84,206.55,29.32,1.29,12,517.18,36.44
V005,Eastern Titan,VIZAG,11.7136,81.0327,13.79,112.16,10.36,1.61,1,707.09,36.11
V002,Bharat Star,PARADIP,22.1054,81.188,13.39,218.66,13.87,0.53,11,597.0,38.2
V001,Ganga Glory,SMPK,17.9356,85.8438,11.73,336.68,16.29,3.12,9,573.48,49.49
V005,Eastern Titan,VIZAG,11.0499,82.5867,12.13,174.33,18.89,1.7,8,742.1,55.71
V002,Bharat Star,VIZAG,22.2144,85.875,13.85,301.57,31.92,0.83,6,571.5,36.91
V002,Bharat Star,VIZAG,23.326,83.6818,14.83,290.15,28.98,2.98,1,628.09,37.44
V005,Eastern Titan,HALDIA,17.5363,86.0145,9.09,99.95,13.98,4.22,10,541.51,65.39
V006,Himalaya Dawn,VIZAG,15.1522,85.4391,13.34,169.96,18.88,3.27,2,364.22,23.72
V005,Eastern Titan,PARADIP,22.36,88.3041,10.01,99.75,11.98,4.3,3,286.14,26.1
V006,Himalaya Dawn,HALDIA,21.5927,83.3999,9.7,302.05,10.99,2.82,11,483.33,49.87
V001,Ganga Glory,PARADIP,24.4011,81.3367,10.27,288.0,23.06,4.17,12,707.73,83.46
V002,Bharat Star,SMPK,17.9785,85.1213,9.38,49.97,22.27,0.6,7,606.85,54.28
V005,Eastern Titan,PARADIP,17.3277,83.8998,14.04,18.44,21.19,1.64,1,438.92,23.94
V002,Bharat Star,HALDIA,17.596,84.3813,14.35,172.59,7.43,2.73,4,623.63,35.46
V001,Ganga Glory,SMPK,26.3072,90.8606,9.67,358.79,32.94,1.05,9,491.64,50.06
V004,Steel Infinity,SMPK,19.2418,91.4255,14.18,4.7,14.73,3.47,10,490.6,36.33
V004,Steel Infinity,HALDIA,24.714,89.6996,11.29,103.8,2.04,4.26,2,344.1,25.26
V005,Eastern Titan,SMPK,27.0429,91.0076,13.89,358.88,33.54,2.24,6,569.41,40.78
V003,Odisha Queen,VIZAG,18.6104,80.1377,13.92,51.33,6.84,0.84,12,347.43,21.15
V004,Steel Infinity,HALDIA,20.4282,86.3634,11.28,246.68,9.5,3.78,0,248.72,17.56
V005,Eastern Titan,HALDIA,20.1571,90.8959,12.19,336.03,27.01,4.25,1,359.17,27.8
V004,Steel Infinity,VIZAG,20.802,84.7387,14.82,355.97,3.56,0.43,1,378.4,15.34
V004,Steel Infinity,PARADIP,26.1554,84.6987,9.72,259.12,28.32,1.57,6,677.87,64.07
V001,Ganga Glory,PARADIP,18.2647,86.9353,13.69,154.08,30.85,4.36,6,230.92,18.76
V006,Himalaya Dawn,HALDIA,20.2466,85.0131,10.39,77.35,11.49,1.38,11,371.89,32.24
V005,Eastern Titan,SMPK,22.4712,84.9221,10.97,279.55,24.1,0.98,0,347.09,22.89
V001,Ganga Glory,PARADIP,22.5157,86.747,8.21,346.97,12.26,2.38,0,244.5,21.91
V001,Ganga Glory,SMPK,15.9825,89.0534,13.01,109.79,11.58,3.69,6,734.54,53.47
V007,Ocean Sapphire,VIZAG,21.8044,80.5932,8.31,346.99,2.49,4.17,9,536.96,63.97
V002,Bharat Star,VIZAG,19.3758,88.0973,8.51,246.41,15.7,4.0,1,541.34,55.15
V004,Steel Infinity,VIZAG,17.8158,80.9659,9.29,100.47,19.76,2.07,9,245.46,25.47
V007,Ocean Sapphire,HALDIA,19.8882,91.5393,9.39,233.73,27.34,0.62,12,431.49,45.11
V001,Ganga Glory,VIZAG,20.1742,81.991,14.44,82.0,22.23,3.74,0,307.7,18.39
V007,Ocean Sapphire,VIZAG,15.7166,82.6552,13.65,48.73,34.59,2.89,5,229.3,17.07
V004,Steel Infinity,HALDIA,19.851,86.497,10.75,142.15,26.56,1.41,12,289.8,27.87
V006,Himalaya Dawn,PARADIP,15.6661,82.8305,8.99,20.01,6.93,1.77,11,654.44,65.24
V005,Eastern Titan,VIZAG,20.8251,85.3874,8.31,82.19,5.28,1.64,3,412.85,35.61
V006,Himalaya Dawn,PARADIP,17.4225,86.0648,14.27,127.7,25.73,2.74,5,327.43,21.84
V006,Himalaya Dawn,HALDIA,20.2403,82.6526,13.35,98.85,11.51,0.57,2,594.33,29.89
V006,Himalaya Dawn,HALDIA,22.8586,90.854,9.94,51.91,26.99,3.4,7,302.26,32.03
V004,Steel Infinity,PARADIP,14.6411,87.8454,13.61,190.73,29.17,2.68,7,644.68,48.31
V003,Odisha Queen,SMPK,27.4686,88.9217,8.91,152.69,10.62,4.04,8,550.5,62.53
V003,Odisha Queen,VIZAG,13.7685,79.2735,14.35,221.29,30.11,3.15,8,611.5,46.15
V003,Odisha Queen,VIZAG,15.2797,78.6002,8.43,269.22,9.4,3.91,7,566.35,65.26
V002,Bharat Star,SMPK,23.4039,86.0033,8.12,134.48,18.89,3.05,12,253.56,34.29
V007,Ocean Sapphire,VIZAG,12.9811,79.8852,14.68,311.84,4.96,4.27,1,637.66,35.72
V006,Himalaya Dawn,VIZAG,19.5304,81.6453,13.15,176.12,14.78,2.27,11,267.49,20.11
V004,Steel Infinity,VIZAG,13.7891,85.3538,9.79,271.48,6.16,0.89,4,487.22,34.66
V003,Odisha Queen,SMPK,23.9243,90.7173,14.34,113.89,6.43,0.76,5,290.43,14.36
V007,Ocean Sapphire,SMPK,18.6749,88.7156,11.38,279.52,18.72,2.31,3,433.06,31.8
V004,Steel Infinity,VIZAG,19.9682,76.8155,10.0,259.64,10.43,2.8,10,725.89,70.61
V006,Himalaya Dawn,VIZAG,18.2963,88.4975,8.85,297.94,14.16,2.57,2,555.86,50.32
V004,Steel Infinity,SMPK,23.3031,85.1376,13.97,277.87,4.57,1.28,5,334.51,17.48
V001,Ganga Glory,VIZAG,20.5519,79.4572,10.38,90.76,17.94,3.37,0,512.36,40.46
V005,Eastern Titan,VIZAG,14.1029,87.2917,9.53,23.9,24.39,2.05,2,585.73,51.03
V007,Ocean Sapphire,VIZAG,14.6854,79.0354,12.34,153.4,3.2,2.23,12,563.03,42.1
V007,Ocean Sapphire,HALDIA,18.6145,85.2828,12.87,3.76,24.22,2.17,6,475.8,34.4
V004,Steel Infinity,VIZAG,14.1702,86.9929,13.65,60.45,15.52,2.7,4,557.42,35.22
V001,Ganga Glory,PARADIP,16.5904,83.974,11.19,152.46,31.95,1.81,3,499.84,39.48
V004,Steel Infinity,SMPK,20.0941,93.5464,12.74,13.42,3.38,0.25,10,608.12,35.5
V004,Steel Infinity,HALDIA,23.5789,82.5737,14.61,316.38,31.45,4.25,1,588.78,39.03
V001,Ganga Glory,HALDIA,22.7226,82.4747,8.73,226.78,2.43,2.07,7,579.74,53.49
V007,Ocean Sapphire,VIZAG,15.071,85.6483,13.49,97.89,12.98,1.1,10,385.52,24.9
V001,Ganga Glory,VIZAG,13.6141,88.3852,10.01,101.09,27.29,2.03,10,709.95,73.56
V001,Ganga Glory,SMPK,27.5282,83.9146,14.18,196.02,10.88,0.35,6,708.09,36.42
V005,Eastern Titan,HALDIA,24.5439,81.9989,11.75,337.13,27.79,3.84,5,680.1,59.81
V007,Ocean Sapphire,PARADIP,22.8178,88.8289,12.43,180.41,29.77,1.55,5,359.59,26.12
V007,Ocean Sapphire,PARADIP,24.0575,85.7123,12.3,323.63,3.0,4.3,7,425.96,33.07
V003,Odisha Queen,SMPK,20.8632,92.7768,8.95,327.35,27.58,3.55,3,499.04,53.57
V006,Himalaya Dawn,HALDIA,24.106,87.7725,10.37,283.15,18.93,3.64,6,234.92,22.44
V002,Bharat Star,SMPK,25.9975,90.6362,9.04,338.72,31.01,1.57,10,450.56,51.39
V004,Steel Infinity,SMPK,26.5624,87.921,8.93,240.93,34.09,1.03,5,447.8,44.99
V007,Ocean Sapphire,SMPK,17.4161,90.0072,13.06,216.87,31.84,0.82,3,598.06,37.78
V003,Odisha Queen,VIZAG,15.5109,87.2491,9.05,47.14,31.52,2.68,6,487.4,54.39
V006,Himalaya Dawn,HALDIA,20.4917,90.4926,13.47,215.66,19.23,1.53,5,303.4,18.84
V001,Ganga Glory,VIZAG,19.9636,79.8202,10.06,28.95,19.24,1.63,4,443.25,36.15
V003,Odisha Queen,VIZAG,13.254,88.4836,8.22,327.67,4.39,1.45,9,744.36,73.93
V003,Odisha Queen,VIZAG,18.6336,77.9036,8.97,158.25,6.14,1.72,0,577.62,42.93
V006,Himalaya Dawn,HALDIA,15.1344,89.3354,13.1,20.51,3.77,2.53,1,776.24,42.59
V005,Eastern Titan,PARADIP,18.9036,88.2933,10.16,260.02,2.7,0.5,6,235.63,15.93
V004,Steel Infinity,PARADIP,17.4386,89.9602,9.53,90.9,18.29,1.37,12,475.52,48.43
V001,Ganga Glory,SMPK,25.4852,85.2538,11.52,220.79,19.24,3.0,12,449.68,42.83
V007,Ocean Sapphire,HALDIA,25.471,83.0783,9.13,337.26,22.48,3.81,12,636.45,82.28
V006,Himalaya Dawn,SMPK,22.1194,83.713,13.62,329.1,18.14,2.13,12,474.19,35.69
V001,Ganga Glory,PARADIP,20.6514,88.9872,12.0,81.28,11.5,1.78,7,249.31,17.57
V006,Himalaya Dawn,HALDIA,27.6874,84.8684,10.87,298.76,21.27,2.96,8,708.59,65.9
V002,Bharat Star,VIZAG,15.1214,84.8572,13.04,47.43,11.72,0.98,9,331.48,21.21
V005,Eastern Titan,PARADIP,25.893,83.7503,8.25,233.48,20.32,0.83,5,685.6,66.42
V002,Bharat Star,PARADIP,18.8202,89.6261,12.19,166.33,31.45,1.28,5,356.36,26.21
V004,Steel Infinity,PARADIP,17.0263,87.3503,12.65,199.97,33.62,1.14,6,374.23,27.36
V005,Eastern Titan,PARADIP,23.6425,86.4109,13.92,284.61,24.52,2.79,5,370.07,25.19
V002,Bharat Star,SMPK,20.3771,88.7477,13.93,284.67,30.19,1.91,8,246.01,17.67
V007,Ocean Sapphire,HALDIA,20.1394,88.3046,10.16,102.29,12.25,2.3,7,209.54,18.24
V004,Steel Infinity,SMPK,27.6863,84.4236,13.91,208.39,10.91,1.43,0,691.61,33.66
V002,Bharat Star,HALDIA,28.9996,88.3187,12.32,130.14,11.36,3.01,7,777.64,58.41
V007,Ocean Sapphire,VIZAG,14.6836,89.8485,13.16,50.58,32.52,2.8,10,776.9,66.59
V004,Steel Infinity,HALDIA,19.8609,89.3203,12.29,178.35,17.09,1.4,8,272.46,19.48
V007,Ocean Sapphire,HALDIA,24.091,82.0328,10.54,169.85,5.01,4.21,3,658.58,54.16
V002,Bharat Star,SMPK,23.347,94.3709,14.77,336.85,27.34,2.78,5,627.86,40.99
V004,Steel Infinity,HALDIA,24.1993,81.835,12.66,29.98,27.43,1.17,11,681.51,53.85
V007,Ocean Sapphire,VIZAG,11.3736,86.2188,11.01,162.72,29.23,4.24,4,770.22,72.7
V007,Ocean Sapphire,VIZAG,20.8275,83.6014,14.42,88.77,7.4,2.1,2,350.5,17.88
V002,Bharat Star,PARADIP,18.1247,85.6674,13.91,7.87,10.45,3.49,11,263.79,19.81
V004,Steel Infinity,HALDIA,19.7149,90.4396,13.75,33.59,19.93,3.41,9,355.31,27.32
V003,Odisha Queen,PARADIP,18.7218,85.3406,14.78,31.95,22.54,3.38,4,222.62,14.26
V001,Ganga Glory,SMPK,17.0552,84.1707,10.24,173.39,11.15,4.46,3,748.15,67.03
V005,Eastern Titan,VIZAG,19.1371,78.6949,11.25,220.76,4.64,3.33,6,509.77,39.86
V005,Eastern Titan,HALDIA,26.2122,87.5208,14.72,289.82,28.59,2.4,5,470.45,30.32
V005,Eastern Titan,HALDIA,27.5712,90.1872,12.98,343.94,27.34,2.86,8,654.56,52.7
V007,Ocean Sapphire,VIZAG,13.0704,84.6859,12.85,66.76,15.22,4.16,12,535.32,48.01
V005,Eastern Titan,HALDIA,15.7176,88.4621,13.09,40.33,26.45,3.77,12,700.96,64.6
V006,Himalaya Dawn,HALDIA,26.3311,84.1497,8.85,9.94,20.93,3.89,7,622.97,73.6
V004,Steel Infinity,VIZAG,22.8348,84.1133,11.35,334.13,19.93,3.64,7,578.63,52.14
V007,Ocean Sapphire,HALDIA,18.4438,87.2519,12.67,303.02,5.11,0.46,11,405.4,25.24
V003,Odisha Queen,HALDIA,26.5681,92.4907,8.75,347.05,13.83,2.88,9,677.02,75.75
V007,Ocean Sapphire,HALDIA,22.2813,90.6991,14.19,103.11,11.93,0.95,9,273.47,16.07
V002,Bharat Star,HALDIA,21.6299,84.8515,10.84,297.31,32.71,4.05,10,333.88,37.48
V005,Eastern Titan,HALDIA,28.0046,87.685,8.7,142.69,33.35,3.02,8,667.63,84.1
V004,Steel Infinity,PARADIP,14.3404,88.5171,13.89,0.83,24.24,0.77,5,694.7,41.01
V001,Ganga Glory,PARADIP,22.0482,87.6677,8.92,4.28,18.32,1.12,10,220.74,22.52
V005,Eastern Titan,VIZAG,18.0814,89.2185,13.29,53.65,11.12,1.63,5,629.9,37.54
V002,Bharat Star,SMPK,25.0521,89.5399,14.87,222.42,27.58,2.87,0,305.47,17.35
V004,Steel Infinity,SMPK,20.7228,86.3091,14.56,144.56,25.18,0.82,4,289.17,16.04
V005,Eastern Titan,SMPK,22.855,85.7704,14.94,11.12,28.8,3.61,1,261.69,16.08
V004,Steel Infinity,SMPK,20.5626,85.7936,9.33,187.34,20.13,2.92,3,340.61,32.13
V004,Steel Infinity,HALDIA,24.7544,88.0938,11.37,138.54,6.3,0.57,12,305.18,22.09
V007,Ocean Sapphire,SMPK,18.8386,90.8979,14.61,64.64,2.34,0.87,1,493.26,20.87
V003,Odisha Queen,VIZAG,17.5921,79.4168,8.51,101.52,2.9,2.73,7,409.5,40.97
V004,Steel Infinity,PARADIP,18.0873,87.9975,12.61,83.19,34.09,2.41,3,287.32,21.23
V006,Himalaya Dawn,HALDIA,27.0238,83.7948,9.36,81.62,23.34,1.64,2,704.85,60.29
V003,Odisha Queen,PARADIP,23.2375,83.9028,14.2,317.86,15.48,1.82,8,428.88,27.05
V006,Himalaya Dawn,VIZAG,21.9183,81.9259,8.7,316.13,16.54,1.53,10,491.03,52.28
V004,Steel Infinity,VIZAG,15.4047,83.4769,9.67,228.05,33.66,4.31,8,254.98,31.23
V006,Himalaya Dawn,PARADIP,16.2611,82.8187,11.86,198.97,12.12,1.23,8,603.88,42.48
V007,Ocean Sapphire,SMPK,22.7068,90.5696,12.84,135.49,19.14,1.34,7,233.59,15.77
V007,Ocean Sapphire,HALDIA,20.281,86.5366,11.19,24.91,22.38,0.49,0,248.84,15.29
V003,Odisha Queen,VIZAG,13.8994,78.2467,13.04,286.65,19.58,4.47,2,683.78,49.36
V004,Steel Infinity,PARADIP,25.3455,84.741,14.79,99.97,8.77,1.32,11,591.03,35.04
V002,Bharat Star,PARADIP,18.121,81.395,9.72,99.8,12.59,1.14,9,600.57,52.58
V006,Himalaya Dawn,HALDIA,23.9399,86.2784,14.98,277.01,12.45,3.73,9,281.63,19.32
V002,Bharat Star,VIZAG,16.3226,84.6689,9.54,226.81,26.26,0.24,12,211.96,21.01
V003,Odisha Queen,PARADIP,21.8395,79.6127,9.07,31.08,2.04,4.13,0,746.32,63.74
V004,Steel Infinity,PARADIP,21.8302,84.2408,10.5,286.53,6.65,1.79,9,298.56,24.31
V002,Bharat Star,SMPK,19.5456,88.9846,9.47,270.77,8.0,1.87,12,341.54,33.6
V003,Odisha Queen,VIZAG,18.9506,80.6129,11.66,350.25,33.25,3.33,0,314.49,24.28
V005,Eastern Titan,SMPK,24.4755,89.0425,11.02,83.84,21.82,1.64,3,227.1,16.79
V007,Ocean Sapphire,PARADIP,23.8362,87.4313,11.85,194.39,18.46,2.78,3,399.81,29.07
V001,Ganga Glory,VIZAG,15.9532,90.2707,9.33,271.31,18.77,2.38,8,768.65,78.72
V002,Bharat Star,SMPK,22.4827,90.2785,13.74,295.96,33.74,3.12,8,203.37,16.36
V003,Odisha Queen,HALDIA,18.6947,93.7063,13.3,158.11,24.03,4.43,10,694.42,61.77
V004,Steel Infinity,VIZAG,21.7608,83.367,14.09,118.63,3.06,3.19,8,452.74,29.07
V004,Steel Infinity,PARADIP,23.0513,85.6255,14.08,67.45,13.22,4.5,11,320.61,25.89
V004,Steel Infinity,VIZAG,20.3349,84.9964,15.0,106.56,27.46,3.77,2,345.03,21.77
V002,Bharat Star,SMPK,24.1537,90.9962,9.83,176.96,30.46,2.79,9,327.94,36.26
V006,Himalaya Dawn,HALDIA,20.2237,87.6505,10.93,231.93,29.61,4.31,3,203.12,18.91
V007,Ocean Sapphire,VIZAG,19.393,85.6171,9.28,112.37,29.09,0.44,3,310.74,26.33
V002,Bharat Star,VIZAG,12.4205,83.1076,9.41,353.25,19.29,4.38,4,586.23,61.52
V007,Ocean Sapphire,VIZAG,13.0445,83.7398,13.03,243.89,32.28,3.07,11,518.91,46.67
V006,Himalaya Dawn,PARADIP,19.9994,89.3454,8.8,107.96,23.97,1.52,0,286.7,24.5
V004,Steel Infinity,SMPK,22.135,93.0058,8.38,177.22,31.82,0.9,4,486.15,49.45
V003,Odisha Queen,HALDIA,25.391,94.171,13.31,208.6,8.98,4.19,5,726.8,51.22
V007,Ocean Sapphire,PARADIP,24.4337,86.731,11.2,39.27,8.0,3.04,9,457.57,38.81
V005,Eastern Titan,VIZAG,18.0739,85.7141,13.52,333.23,27.88,3.15,0,261.09,16.64
V004,Steel Infinity,SMPK,19.8115,89.7259,12.24,12.07,30.67,1.61,8,338.48,27.21
V001,Ganga Glory,HALDIA,23.2039,90.8814,14.02,262.15,3.13,2.3,6,318.59,18.28
V002,Bharat Star,SMPK,26.2949,85.7616,12.0,173.84,2.72,0.84,2,489.29,25.96
V001,Ganga Glory,PARADIP,13.8357,89.5832,14.45,143.7,25.09,3.52,9,786.72,59.91
V002,Bharat Star,HALDIA,22.5512,85.8277,12.46,127.29,8.34,0.93,5,237.44,13.94
V002,Bharat Star,HALDIA,24.0406,87.273,13.88,71.79,27.62,0.91,11,239.72,16.98
V007,Ocean Sapphire,SMPK,27.2927,83.1431,10.62,294.8,33.06,1.38,2,740.44,58.68
V003,Odisha Queen,SMPK,25.2006,85.7861,12.62,175.12,17.43,3.17,5,390.11,28.65
V006,Himalaya Dawn,VIZAG,14.3365,89.2193,11.63,349.12,15.56,3.6,1,736.09,53.41
V004,Steel Infinity,VIZAG,17.9469,86.6893,8.9,259.56,18.86,1.0,6,362.04,33.44
V004,Steel Infinity,SMPK,22.4212,94.9726,9.85,241.12,4.43,4.26,7,685.65,66.96
V002,Bharat Star,HALDIA,20.5137,86.2341,8.44,302.57,20.83,2.4,7,251.95,28.27
V006,Himalaya Dawn,PARADIP,16.1606,83.4401,9.32,158.06,27.48,4.33,12,571.5,76.99
V004,Steel Infinity,PARADIP,24.8906,83.978,9.25,107.92,23.54,0.55,8,576.01,53.87
V004,Steel Infinity,PARADIP,18.2113,83.0881,8.78,121.31,33.01,2.25,10,438.63,54.58
V002,Bharat Star,HALDIA,25.3485,90.1045,12.83,223.3,10.82,3.03,2,425.6,26.82
V004,Steel Infinity,VIZAG,15.3013,82.4256,11.84,21.5,21.08,3.29,8,280.8,24.48
V007,Ocean Sapphire,HALDIA,18.6757,93.709,14.33,305.58,31.19,2.25,4,695.82,45.17
V006,Himalaya Dawn,SMPK,22.0823,91.6636,14.88,79.91,30.15,1.49,7,349.88,22.31
V001,Ganga Glory,SMPK,24.215,89.4275,11.43,49.25,4.57,1.9,5,217.99,14.65
V002,Bharat Star,PARADIP,21.9638,82.3734,10.35,89.04,34.17,0.63,11,476.8,46.51
V005,Eastern Titan,SMPK,19.4296,87.7297,13.67,173.79,15.78,1.82,8,351.98,23.13
V006,Himalaya Dawn,SMPK,24.2919,92.4408,13.72,129.2,18.82,3.78,2,464.75,30.4
V001,Ganga Glory,PARADIP,14.8913,83.5176,12.84,227.64,31.94,3.35,4,687.31,53.6
V006,Himalaya Dawn,VIZAG,22.6889,84.5718,12.44,80.85,32.26,2.98,3,571.95,43.91
V002,Bharat Star,HALDIA,23.1483,81.4407,10.76,258.75,27.64,4.23,7,691.23,71.42
V003,Odisha Queen,HALDIA,21.0761,89.9452,12.14,6.49,30.43,2.19,11,220.91,19.92
V006,Himalaya Dawn,SMPK,25.6803,91.9547,9.09,58.96,13.49,0.32,8,508.6,43.76
V007,Ocean Sapphire,SMPK,25.812,90.3137,11.75,193.44,16.91,1.46,7,416.26,30.46
V003,Odisha Queen,SMPK,18.1646,87.5089,11.38,303.86,33.04,1.82,8,494.55,44.05
V002,Bharat Star,PARADIP,21.7659,79.8139,13.62,285.01,16.18,2.24,1,724.33,41.04
V004,Steel Infinity,VIZAG,13.6858,87.1718,9.91,48.14,15.07,1.62,7,609.69,52.84
V006,Himalaya Dawn,PARADIP,21.2956,92.408,14.74,52.06,17.37,2.05,0,611.28,30.91
V006,Himalaya Dawn,SMPK,29.4155,90.3471,11.31,353.2,24.01,3.96,12,790.3,84.04
V007,Ocean Sapphire,SMPK,20.035,89.2263,13.41,99.12,7.3,3.2,2,295.66,17.6
V005,Eastern Titan,SMPK,24.4585,91.5232,10.7,138.52,23.46,1.98,3,391.2,30.87
V004,Steel Infinity,SMPK,25.9976,93.1581,8.81,284.18,24.82,2.58,11,623.94,76.67
V004,Steel Infinity,VIZAG,18.814,79.5023,8.79,90.69,19.38,4.27,11,418.04,55.42
V002,Bharat Star,HALDIA,19.9897,82.4396,13.87,355.29,11.67,4.39,1,625.14,39.03
V007,Ocean Sapphire,SMPK,28.2192,90.3171,12.9,309.21,5.19,1.08,4,662.11,36.06
V003,Odisha Queen,HALDIA,22.824,81.781,11.25,67.61,19.79,0.54,9,651.7,49.78
V005,Eastern Titan,SMPK,18.9749,93.8779,11.22,328.68,10.81,3.98,6,702.98,60.2
V001,Ganga Glory,PARADIP,22.371,92.4453,13.52,288.22,16.57,3.53,6,644.9,46.21
V004,Steel Infinity,PARADIP,25.5813,84.0418,10.61,203.46,29.32,4.14,4,641.77,62.51
V007,Ocean Sapphire,VIZAG,19.4918,81.3271,12.46,10.14,8.95,2.18,11,287.22,21.67
V006,Himalaya Dawn,PARADIP,21.7429,89.9213,13.1,60.81,4.47,3.61,10,377.38,28.45
V004,Steel Infinity,VIZAG,19.8544,87.528,13.58,179.4,15.68,2.1,0,507.83,27.63
V005,Eastern Titan,HALDIA,18.3349,88.3165,10.12,344.75,17.02,0.62,9,409.52,34.24
V001,Ganga Glory,VIZAG,15.11,81.3031,13.48,104.72,2.03,4.02,0,356.03,20.31
V007,Ocean Sapphire,SMPK,25.7246,92.7804,12.81,17.92,2.6,2.25,6,575.51,35.86
V006,Himalaya Dawn,VIZAG,13.7237,79.9186,12.27,60.79,17.08,3.36,4,569.13,42.3
V003,Odisha Queen,HALDIA,24.3151,92.9937,12.43,2.76,32.68,4.37,2,565.7,45.98
V002,Bharat Star,PARADIP,17.7313,90.8122,13.09,39.17,33.84,2.69,4,526.32,39.12
V003,Odisha Queen,VIZAG,23.6226,83.1878,13.07,333.21,19.18,1.63,11,659.74,49.16
V001,Ganga Glory,HALDIA,15.3942,87.1547,8.2,84.16,31.33,4.22,11,741.79,112.83
V002,Bharat Star,VIZAG,20.9806,83.4429,14.43,329.74,31.69,2.99,4,366.29,24.83
V001,Ganga Glory,HALDIA,23.4546,91.2415,10.89,44.49,4.72,0.85,4,363.67,22.9
V001,Ganga Glory,PARADIP,20.7562,88.5866,11.73,254.39,24.16,4.26,4,210.44,18.11
V007,Ocean Sapphire,PARADIP,26.2935,85.8131,12.17,131.01,19.26,4.01,8,669.31,58.74
V004,Steel Infinity,VIZAG,20.2932,89.8862,12.89,98.59,3.54,4.28,7,752.39,55.85
V001,Ganga Glory,SMPK,22.6476,92.0655,14.06,81.96,20.45,1.4,3,386.7,21.79
V002,Bharat Star,PARADIP,17.6657,86.3756,9.08,87.98,28.38,3.03,11,296.26,37.22
V006,Himalaya Dawn,HALDIA,19.3833,93.2404,12.55,210.77,32.03,1.36,1,612.85,39.59
V005,Eastern Titan,SMPK,15.8674,90.9933,10.49,333.35,27.77,2.2,12,795.0,83.47
V003,Odisha Queen,PARADIP,21.6228,92.6509,14.19,18.64,10.56,1.56,4,642.66,34.58
V003,Odisha Queen,SMPK,15.6785,88.0816,11.83,52.63,32.04,1.47,5,764.42,58.95
V001,Ganga Glory,SMPK,24.0993,82.0725,9.1,302.68,32.76,3.82,8,658.72,82.95
V002,Bharat Star,PARADIP,14.703,86.2734,13.22,176.78,17.95,1.39,3,625.66,36.76
V004,Steel Infinity,HALDIA,17.7432,91.1636,9.49,125.09,35.0,4.24,11,574.77,77.26
V004,Steel Infinity,PARADIP,19.9585,90.9277,12.51,154.11,24.86,1.07,9,451.49,33.6
V006,Himalaya Dawn,PARADIP,22.0425,87.554,14.33,94.49,32.62,0.8,12,214.63,15.49
V003,Odisha Queen,HALDIA,24.8367,90.3585,10.89,81.87,3.62,0.61,10,392.14,27.76
V005,Eastern Titan,VIZAG,19.1802,80.4264,11.83,184.63,9.54,3.95,0,343.61,23.41
V003,Odisha Queen,HALDIA,22.8812,83.0563,14.7,154.4,12.96,2.77,8,523.25,33.56
V006,Himalaya Dawn,VIZAG,14.4141,86.2178,9.41,171.74,8.67,0.39,3,480.84,33.9
V007,Ocean Sapphire,SMPK,27.9917,90.0655,8.92,54.36,14.15,4.06,1,630.56,60.9
V003,Odisha Queen,SMPK,29.2001,86.148,14.66,51.69,17.41,1.61,10,770.11,49.29
V001,Ganga Glory,HALDIA,19.1517,83.6983,12.72,112.92,8.8,0.85,6,554.16,32.61
V007,Ocean Sapphire,HALDIA,21.4439,83.2243,10.05,0.76,14.75,2.11,2,503.43,38.99
V004,Steel Infinity,HALDIA,18.6079,85.0786,13.79,153.7,11.44,0.26,11,489.62,29.1
V004,Steel Infinity,SMPK,20.652,88.1452,12.24,89.37,21.22,0.64,1,211.66,12.29
V007,Ocean Sapphire,SMPK,19.1539,83.8259,10.98,257.76,15.85,1.01,11,598.87,49.38
V006,Himalaya Dawn,SMPK,19.6958,82.192,9.16,199.84,15.74,3.51,2,708.47,66.84
V002,Bharat Star,HALDIA,22.0892,90.5431,9.87,260.6,9.96,3.6,3,256.06,22.3
V006,Himalaya Dawn,HALDIA,28.4632,89.0927,10.09,186.87,27.0,1.27,4,725.03,60.77
V003,Odisha Queen,VIZAG,11.9717,82.1124,14.69,236.94,15.85,0.73,0,648.1,29.37
V005,Eastern Titan,VIZAG,24.5902,81.6506,14.52,217.8,22.05,3.33,0,785.62,45.45
V003,Odisha Queen,SMPK,21.7479,81.5682,8.15,75.1,8.65,3.67,4,698.95,75.44
V006,Himalaya Dawn,SMPK,18.9801,88.405,11.01,115.79,18.71,1.55,3,397.11,28.52
V004,Steel Infinity,VIZAG,15.1447,84.2611,13.98,149.62,19.21,1.65,10,301.74,20.58
V006,Himalaya Dawn,HALDIA,20.1055,89.1165,12.34,252.51,26.89,4.22,3,238.47,19.25
V002,Bharat Star,SMPK,15.7878,88.8305,13.74,217.98,9.71,1.23,0,753.98,36.2
V007,Ocean Sapphire,VIZAG,11.2167,81.2906,11.09,288.62,8.41,1.26,10,750.96,57.58
V005,Eastern Titan,SMPK,26.8973,88.5038,9.98,348.2,22.31,3.93,4,483.84,47.42
V002,Bharat Star,HALDIA,23.4178,90.52,13.7,163.17,7.88,0.39,12,296.93,17.8
V001,Ganga Glory,SMPK,16.0317,90.4806,8.96,21.75,14.21,2.04,10,760.03,80.21
V005,Eastern Titan,HALDIA,17.8937,86.8115,11.21,310.69,23.35,3.07,8,475.94,43.85
V007,Ocean Sapphire,VIZAG,16.5272,81.056,14.85,41.15,25.82,4.13,5,269.4,18.85
V007,Ocean Sapphire,SMPK,24.178,92.131,15.0,199.98,24.77,2.91,4,430.9,26.77
V001,Ganga Glory,SMPK,20.0095,87.5057,8.46,23.61,29.1,4.45,8,294.23,40.47
V002,Bharat Star,VIZAG,18.4959,79.5015,12.6,61.22,28.1,0.94,10,409.29,31.4
V007,Ocean Sapphire,HALDIA,18.2562,89.6495,11.39,194.9,21.33,0.76,10,449.17,35.73
V003,Odisha Queen,PARADIP,26.3697,87.5292,12.72,260.93,11.86,4.19,5,679.06,51.01
V004,Steel Infinity,VIZAG,22.4988,81.6591,9.69,145.57,23.9,3.96,8,560.84,63.45
V003,Odisha Queen,SMPK,16.6382,85.2376,8.75,91.02,26.86,1.56,3,731.38,70.14
V007,Ocean Sapphire,HALDIA,20.6747,92.3938,14.84,184.79,3.23,0.78,12,472.74,25.99
V006,Himalaya Dawn,SMPK,27.2187,82.8205,9.63,13.14,28.92,3.5,3,758.08,76.02
V005,Eastern Titan,PARADIP,20.5348,92.8899,11.88,283.21,32.11,1.16,8,653.74,53.0
V004,Steel Infinity,VIZAG,13.8782,80.647,14.53,240.01,25.82,1.73,11,508.91,36.03
V003,Odisha Queen,HALDIA,24.8816,90.8389,14.29,228.68,32.53,3.26,6,426.96,31.48
V004,Steel Infinity,VIZAG,21.2425,85.6006,10.09,240.21,18.98,1.97,7,463.91,41.7
V007,Ocean Sapphire,SMPK,20.3314,91.053,13.68,183.36,24.46,1.04,10,376.87,26.11
V005,Eastern Titan,VIZAG,18.2826,85.3161,14.58,187.28,12.43,4.18,12,225.2,17.51
V006,Himalaya Dawn,HALDIA,21.6704,91.2884,13.59,234.17,11.68,2.51,0,335.34,18.24
V003,Odisha Queen,SMPK,19.7386,87.6606,9.3,256.12,17.43,3.73,2,319.57,30.46
V007,Ocean Sapphire,HALDIA,17.066,89.8396,10.37,185.27,8.38,2.2,1,580.49,40.64
V005,Eastern Titan,VIZAG,19.1771,79.7147,11.42,344.13,22.85,2.36,1,410.83,29.34
V005,Eastern Titan,HALDIA,24.6833,88.1682,13.04,111.74,28.73,1.64,3,297.46,19.51
V004,Steel Infinity,HALDIA,19.6981,94.672,10.39,338.08,10.4,3.71,1,733.47,57.95
V002,Bharat Star,VIZAG,22.2136,85.6114,12.9,273.33,30.21,0.67,11,558.88,42.65
V007,Ocean Sapphire,HALDIA,15.0629,87.8408,9.81,159.35,10.31,0.34,5,772.82,55.67
V007,Ocean Sapphire,VIZAG,15.2432,85.815,12.71,335.2,12.48,1.7,10,383.51,27.45
V002,Bharat Star,PARADIP,15.2313,86.4047,12.93,228.4,31.82,4.31,3,566.3,45.13
V005,Eastern Titan,SMPK,22.601,90.1584,11.67,116.98,4.77,0.66,9,190.89,12.5
V001,Ganga Glory,SMPK,20.7668,92.3626,8.84,336.22,32.75,4.05,4,464.28,55.1
V004,Steel Infinity,VIZAG,16.6222,87.2948,9.17,102.69,28.73,0.66,7,442.76,42.74
V006,Himalaya Dawn,SMPK,24.9718,85.7778,8.24,244.43,6.7,0.58,8,372.01,34.04
V004,Steel Infinity,VIZAG,21.8189,86.3613,13.87,304.08,21.0,4.32,4,560.99,40.21
V007,Ocean Sapphire,HALDIA,24.5859,85.9704,10.67,111.74,25.32,2.42,4,357.17,30.29
V004,Steel Infinity,VIZAG,16.7544,79.7418,14.24,281.33,25.05,0.91,5,389.91,22.83
V006,Himalaya Dawn,SMPK,18.1768,86.8969,14.79,109.69,22.15,1.96,8,507.79,32.62
V002,Bharat Star,PARADIP,19.2146,92.1921,12.9,358.98,16.33,0.54,8,595.86,37.69
V005,Eastern Titan,SMPK,19.9228,92.1861,13.58,352.23,8.29,2.84,7,497.51,32.75
V005,Eastern Titan,VIZAG,15.1858,81.6218,12.71,299.68,4.84,4.27,3,329.86,22.56
V002,Bharat Star,HALDIA,17.813,87.9498,12.29,248.63,9.99,4.3,7,466.83,38.02
V007,Ocean Sapphire,SMPK,26.4302,86.9077,12.83,16.39,4.97,3.23,2,453.87,27.82
V006,Himalaya Dawn,VIZAG,18.6216,85.6941,13.74,289.44,23.38,3.65,0,275.3,17.31
V005,Eastern Titan,SMPK,21.1179,92.0719,13.57,343.73,3.76,2.64,12,420.61,29.66
V001,Ganga Glory,VIZAG,15.4839,82.8348,11.92,70.06,24.51,2.11,3,249.86,17.98
V004,Steel Infinity,PARADIP,22.843,88.4159,14.26,222.85,34.44,4.28,10,336.42,29.39
V005,Eastern Titan,VIZAG,18.3297,81.4149,9.33,308.25,4.49,4.37,7,209.66,21.78
V005,Eastern Titan,VIZAG,15.0453,80.5057,14.85,22.13,33.52,1.04,6,417.21,25.79
V006,Himalaya Dawn,HALDIA,17.4287,92.6169,10.57,246.55,12.72,2.97,2,697.74,53.87
V001,Ganga Glory,HALDIA,15.1625,89.3165,12.16,278.22,21.99,1.72,5,772.82,55.01
V005,Eastern Titan,PARADIP,26.0619,85.5596,11.54,98.96,7.48,4.14,2,647.6,47.88
V007,Ocean Sapphire,HALDIA,20.4503,89.0149,11.75,165.29,34.35,0.49,4,199.69,14.32
V006,Himalaya Dawn,PARADIP,18.1019,85.9545,10.79,257.82,10.14,3.96,2,256.35,20.39
V002,Bharat Star,SMPK,20.2882,81.6247,9.13,232.19,30.33,2.31,8,735.23,82.8
V003,Odisha Queen,PARADIP,18.2254,80.5757,8.13,306.14,20.64,2.07,1,675.76,65.39
V002,Bharat Star,SMPK,24.5336,88.5719,11.23,317.46,34.27,4.01,12,222.3,25.37
V003,Odisha Queen,PARADIP,17.9427,85.6045,10.58,94.04,18.38,2.31,5,285.05,23.7
V006,Himalaya Dawn,HALDIA,22.6632,83.7179,13.44,121.98,5.35,1.33,3,452.45,23.54
V007,Ocean Sapphire,HALDIA,21.6103,84.151,9.07,57.32,31.96,4.48,11,405.98,56.88
V007,Ocean Sapphire,HALDIA,20.7387,83.6513,14.48,86.84,5.05,0.22,3,477.86,20.85
V006,Himalaya Dawn,VIZAG,19.7189,81.199,11.25,268.89,6.77,1.29,3,314.53,19.72
V005,Eastern Titan,SMPK,24.6688,83.6419,9.13,192.67,17.02,4.45,1,529.81,52.19
V003,Odisha Queen,PARADIP,17.8917,88.4641,10.81,294.89,7.71,3.92,9,332.33,31.0
V007,Ocean Sapphire,VIZAG,24.0131,83.356,8.16,82.36,12.54,1.66,1,703.14,61.94
V005,Eastern Titan,PARADIP,18.29,86.4021,12.51,168.98,12.82,4.35,5,226.89,17.62
V001,Ganga Glory,PARADIP,19.0079,81.8159,9.06,297.19,12.13,2.63,3,523.74,47.15
V001,Ganga Glory,PARADIP,18.3986,85.6905,9.35,30.79,13.13,1.22,6,234.85,20.09
V002,Bharat Star,PARADIP,24.8396,85.4786,12.77,5.96,32.53,1.48,9,516.02,40.88
V001,Ganga Glory,VIZAG,19.5995,83.5939,13.7,228.21,13.84,3.74,1,214.89,13.2
V001,Ganga Glory,HALDIA,19.1519,89.584,12.0,323.28,16.69,0.8,11,355.19,26.54
V001,Ganga Glory,SMPK,26.7734,83.3893,14.07,261.67,7.23,2.6,0,683.08,34.96
V006,Himalaya Dawn,PARADIP,18.4255,84.5426,13.75,72.72,10.29,2.49,11,303.08,21.42
V006,Himalaya Dawn,PARADIP,18.1743,82.8414,14.24,320.87,19.73,3.41,9,462.87,34.32
V005,Eastern Titan,HALDIA,19.5683,83.9625,10.65,285.4,16.35,0.52,1,505.07,32.1
V006,Himalaya Dawn,VIZAG,12.0621,80.9496,12.64,135.38,21.11,4.49,2,674.0,50.71
V006,Himalaya Dawn,SMPK,15.8276,91.0909,11.98,151.9,28.74,3.26,10,802.81,75.97
V004,Steel Infinity,VIZAG,17.6126,89.1129,9.09,55.85,6.96,4.41,9,618.09,70.5
V006,Himalaya Dawn,SMPK,22.1659,92.7012,8.04,290.21,17.31,1.47,3,454.59,43.98
V004,Steel Infinity,VIZAG,20.7897,82.1584,13.62,213.9,24.66,0.2,10,364.22,23.81
V004,Steel Infinity,HALDIA,19.8147,85.0512,9.69,355.79,16.05,3.48,7,396.53,40.37
V005,Eastern Titan,HALDIA,23.3189,84.5313,10.1,67.61,31.32,2.5,3,390.21,35.58
V001,Ganga Glory,VIZAG,20.687,84.7583,9.21,300.99,6.48,3.95,2,367.62,33.38
V004,Steel Infinity,PARADIP,23.4424,80.1012,11.88,352.75,2.34,1.91,6,756.8,49.33
V002,Bharat Star,SMPK,20.2345,89.3368,13.92,36.53,17.71,2.14,3,278.95,16.42
V001,Ganga Glory,VIZAG,19.3365,81.7986,8.88,223.51,28.91,3.8,7,240.66,29.58
V005,Eastern Titan,HALDIA,16.3587,87.4141,11.65,105.09,17.46,2.77,7,632.04,51.52
V005,Eastern Titan,SMPK,28.7614,85.7464,13.35,269.69,28.98,0.97,9,736.5,52.52
V007,Ocean Sapphire,PARADIP,23.187,89.8848,9.04,351.92,20.19,4.34,7,463.98,54.91
V006,Himalaya Dawn,VIZAG,18.9935,87.2506,14.3,154.37,24.79,4.29,8,443.42,34.85
V001,Ganga Glory,PARADIP,14.4858,87.2015,13.6,84.26,31.33,1.77,10,651.66,50.18
V005,Eastern Titan,VIZAG,17.6498,81.172,13.72,280.19,26.9,3.1,4,223.38,15.56
V001,Ganga Glory,HALDIA,24.5404,89.3089,13.83,282.49,33.65,3.7,6,308.93,24.32
V005,Eastern Titan,VIZAG,13.2006,87.9274,14.22,266.74,28.65,1.46,6,705.08,45.32
V006,Himalaya Dawn,SMPK,18.7147,83.6734,11.92,157.74,25.72,1.35,3,643.07,44.24
V007,Ocean Sapphire,VIZAG,15.3113,78.1763,8.95,339.41,30.28,1.71,3,604.96,58.69
V004,Steel Infinity,VIZAG,14.4407,79.665,13.83,110.8,7.75,3.54,10,528.86,38.47
V001,Ganga Glory,PARADIP,16.3667,85.8867,9.7,61.1,22.36,4.09,0,446.35,40.6
V002,Bharat Star,VIZAG,20.2386,82.9149,13.28,199.62,34.23,1.98,3,285.98,19.54
V001,Ganga Glory,SMPK,26.913,84.8651,11.71,24.31,13.0,1.66,3,596.33,38.89
V002,Bharat Star,HALDIA,28.239,87.0929,12.75,266.92,15.24,3.82,5,699.43,52.33
V004,Steel Infinity,PARADIP,17.8879,82.2725,13.23,240.03,11.4,1.6,11,530.8,36.75
V006,Himalaya Dawn,SMPK,26.3417,88.3682,8.05,263.8,32.69,2.58,6,421.68,52.94
V003,Odisha Queen,SMPK,20.8147,91.4795,13.4,56.63,12.99,2.99,2,380.98,23.28
V005,Eastern Titan,SMPK,19.7976,82.1461,11.7,305.57,15.54,3.31,9,707.57,61.7
V002,Bharat Star,SMPK,28.1081,90.6358,9.84,340.43,6.43,3.43,9,661.07,64.91
V002,Bharat Star,VIZAG,16.8758,76.821,9.4,90.28,20.33,4.27,6,691.69,76.51
V006,Himalaya Dawn,HALDIA,22.4472,89.8256,13.85,348.24,7.54,4.46,8,188.13,13.85
V007,Ocean Sapphire,VIZAG,22.5021,79.005,10.65,267.0,26.35,0.24,11,696.73,60.54
V005,Eastern Titan,HALDIA,22.4595,85.8116,13.13,90.04,28.77,3.48,10,236.75,20.72
V001,Ganga Glory,HALDIA,21.9926,82.6234,10.08,10.41,13.77,3.88,4,560.47,51.35
V006,Himalaya Dawn,PARADIP,24.7092,86.8402,14.53,130.84,25.3,0.57,1,488.58,24.52
V006,Himalaya Dawn,HALDIA,18.8662,85.9781,12.44,61.69,13.88,2.39,7,411.39,29.8
V005,Eastern Titan,PARADIP,18.5491,87.4207,14.73,72.93,33.5,2.97,5,214.07,14.74
V005,Eastern Titan,PARADIP,17.4851,90.2088,13.68,358.49,29.3,0.89,11,491.79,35.72
V004,Steel Infinity,HALDIA,23.6865,83.0463,10.63,19.08,11.69,2.88,4,546.48,43.72
V006,Himalaya Dawn,SMPK,28.6931,87.7317,8.74,170.01,31.87,3.89,8,685.45,89.79
V006,Himalaya Dawn,PARADIP,25.0709,88.2616,11.27,131.55,9.72,2.73,9,554.44,46.27
V005,Eastern Titan,HALDIA,23.4537,84.7984,14.37,257.45,21.06,2.06,5,371.01,22.74
V002,Bharat Star,HALDIA,28.1252,91.3662,8.38,37.71,27.58,2.27,8,757.03,90.97
V006,Himalaya Dawn,HALDIA,19.6946,92.0065,12.56,258.42,17.99,3.47,6,484.17,37.54
V002,Bharat Star,VIZAG,19.9939,78.7557,10.37,313.92,27.94,3.26,3,540.61,49.32
V005,Eastern Titan,SMPK,19.321,87.6359,8.39,138.86,33.91,0.35,3,365.6,35.27
V004,Steel Infinity,HALDIA,26.0027,91.2467,10.61,56.3,3.81,1.65,6,549.37,39.73
V001,Ganga Glory,PARADIP,20.2058,90.2321,10.42,99.62,20.69,1.0,7,376.99,30.92
V003,Odisha Queen,SMPK,19.2682,89.0223,9.07,303.2,26.41,2.34,10,372.55,43.25
V003,Odisha Queen,VIZAG,16.5294,79.5656,10.3,215.28,12.55,3.01,10,415.29,40.41
V001,Ganga Glory,PARADIP,26.0021,84.5428,12.15,176.04,23.51,3.9,1,666.51,49.64
V006,Himalaya Dawn,SMPK,25.3735,94.4629,9.38,157.99,22.54,2.49,7,700.38,72.0
V004,Steel Infinity,HALDIA,25.74,86.9205,8.03,248.99,16.23,2.45,10,430.62,53.04
V005,Eastern Titan,HALDIA,20.6677,84.2988,14.53,282.41,16.74,3.06,3,417.15,24.93
V002,Bharat Star,SMPK,29.1151,87.365,10.54,175.82,21.58,1.85,7,735.97,63.98
V006,Himalaya Dawn,VIZAG,16.0723,80.668,8.49,111.57,4.99,4.22,9,331.05,39.4
V007,Ocean Sapphire,SMPK,25.1333,84.0801,8.8,303.65,18.7,0.42,0,516.39,38.97
V006,Himalaya Dawn,VIZAG,21.6166,86.186,11.3,190.47,10.4,0.89,4,532.15,34.0
V003,Odisha Queen,VIZAG,14.5658,80.7616,12.52,92.52,20.5,1.82,9,439.35,33.42
V001,Ganga Glory,PARADIP,18.4341,86.6147,11.38,245.53,34.09,1.8,12,209.7,20.6
V002,Bharat Star,PARADIP,19.3508,82.2086,14.78,11.01,13.76,1.07,5,473.82,24.8
V005,Eastern Titan,SMPK,23.3531,83.3949,9.33,222.16,14.82,3.35,0,510.1,43.83
V006,Himalaya Dawn,PARADIP,15.745,90.2479,14.92,222.71,4.11,1.22,11,637.05,35.69
V001,Ganga Glory,HALDIA,17.3099,90.5764,8.68,143.12,16.4,3.89,5,585.25,65.08
V002,Bharat Star,PARADIP,22.454,85.4041,12.25,284.13,13.21,4.15,1,268.61,18.88
V002,Bharat Star,VIZAG,16.4103,85.0843,12.42,80.89,26.06,0.65,6,238.83,16.26
V007,Ocean Sapphire,PARADIP,18.7552,89.4458,8.96,291.12,16.69,0.22,2,343.45,26.11
V004,Steel Infinity,SMPK,24.5879,84.7293,13.85,102.3,19.5,2.05,1,428.67,24.13
V001,Ganga Glory,SMPK,25.2616,87.9368,9.14,214.68,2.3,3.32,3,303.77,26.54
V005,Eastern Titan,HALDIA,24.7275,87.8581,9.8,245.97,29.91,2.11,3,302.87,27.49
V004,Steel Infinity,VIZAG,14.4761,78.848,10.31,300.23,13.89,2.35,3,593.18,46.57
V005,Eastern Titan,PARADIP,18.6236,85.2152,12.65,273.85,19.48,2.84,3,239.31,16.48
V005,Eastern Titan,PARADIP,14.1672,87.7804,13.44,349.92,25.69,2.1,0,695.16,41.01
V001,Ganga Glory,VIZAG,17.5377,80.0457,14.76,147.2,23.23,4.46,3,343.19,22.99
V007,Ocean Sapphire,PARADIP,13.3319,84.7988,12.86,345.66,27.69,1.39,2,800.81,50.51
V005,Eastern Titan,PARADIP,20.9223,84.0081,10.63,101.31,31.5,4.04,8,279.95,30.34
V004,Steel Infinity,VIZAG,17.0958,87.5401,11.61,340.37,31.71,3.97,2,456.84,38.65
V007,Ocean Sapphire,SMPK,18.8252,84.348,10.01,289.95,11.14,3.83,12,583.49,64.03
V007,Ocean Sapphire,VIZAG,15.7565,79.006,12.69,352.01,21.08,3.5,4,503.34,37.49
V004,Steel Infinity,VIZAG,15.0783,83.9826,14.54,275.12,13.28,4.48,0,299.92,17.63
V001,Ganga Glory,SMPK,21.2667,85.9135,9.44,194.44,34.28,3.22,1,284.55,27.94
V002,Bharat Star,VIZAG,21.5634,81.48,10.45,255.68,10.39,2.5,2,470.13,34.89
V002,Bharat Star,SMPK,29.2897,90.8808,13.54,23.47,3.1,1.78,5,792.53,44.0
V003,Odisha Queen,VIZAG,19.357,88.9469,10.02,356.87,3.89,4.32,1,625.53,51.11
V002,Bharat Star,SMPK,26.0893,91.4177,12.18,55.13,24.39,2.98,12,504.61,46.96
V002,Bharat Star,PARADIP,21.6356,80.0584,12.82,125.24,22.75,0.62,2,696.72,40.15
V003,Odisha Queen,SMPK,27.1552,84.3857,13.69,281.55,26.26,4.08,12,646.57,58.02
V002,Bharat Star,VIZAG,17.7231,79.9549,12.86,112.05,4.97,4.18,3,352.24,23.68
V001,Ganga Glory,VIZAG,21.3541,79.3191,8.64,81.32,12.85,2.49,6,581.58,59.14
V001,Ganga Glory,HALDIA,20.8156,90.3149,10.08,83.61,17.24,3.79,0,268.56,22.35
V003,Odisha Queen,PARADIP,15.4744,86.8168,12.25,242.32,6.04,0.58,0,539.2,26.6
V002,Bharat Star,VIZAG,16.3857,81.4469,11.95,157.87,22.7,2.6,4,242.93,18.3
V002,Bharat Star,VIZAG,23.3013,82.9267,10.31,358.23,24.17,2.33,10,625.03,62.82
V004,Steel Infinity,VIZAG,19.6549,83.6813,8.14,267.0,27.05,1.32,12,222.54,28.18
V003,Odisha Queen,VIZAG,15.8772,82.2481,13.36,107.06,14.86,1.86,3,229.56,13.51
V006,Himalaya Dawn,SMPK,20.2038,91.912,8.87,77.71,13.59,3.68,2,455.97,44.29
V007,Ocean Sapphire,HALDIA,23.4244,94.4334,11.49,33.32,11.13,1.48,2,672.29,42.23
V004,Steel Infinity,SMPK,29.0119,86.5715,10.29,0.95,9.65,0.64,6,739.05,53.17
V007,Ocean Sapphire,VIZAG,13.8668,84.9131,13.67,278.34,30.69,3.6,3,459.62,33.03
V003,Odisha Queen,HALDIA,20.8195,86.4201,14.45,278.9,5.01,1.32,0,215.27,9.52
V004,Steel Infinity,HALDIA,20.5792,86.2906,9.07,155.05,17.29,2.04,0,242.72,19.92
V007,Ocean Sapphire,HALDIA,21.6584,85.923,14.54,351.62,22.59,4.14,11,224.01,18.17
V006,Himalaya Dawn,VIZAG,12.4454,79.0192,11.22,324.45,13.07,2.25,8,741.09,60.02
V007,Ocean Sapphire,VIZAG,21.28,80.1682,13.16,171.75,25.19,3.98,12,515.47,47.5
V003,Odisha Queen,VIZAG,11.3225,86.5639,13.01,248.71,15.42,2.13,10,791.28,58.44
V005,Eastern Titan,HALDIA,22.9973,90.2394,11.56,242.96,31.01,1.47,0,249.35,16.99
V001,Ganga Glory,PARADIP,23.3766,92.6246,14.64,355.95,24.22,4.1,9,706.67,54.75
V004,Steel Infinity,VIZAG,16.7633,77.6587,10.66,75.02,14.62,1.65,11,605.82,53.57
V001,Ganga Glory,SMPK,19.5853,88.6448,10.06,341.84,5.56,3.56,11,331.6,33.45
V007,Ocean Sapphire,VIZAG,15.0822,81.193,12.76,338.42,3.26,2.77,1,365.56,20.9
V001,Ganga Glory,HALDIA,18.0592,83.7469,9.61,355.42,25.7,0.3,3,629.19,49.66
V002,Bharat Star,SMPK,17.3932,85.1843,10.37,54.13,24.94,3.0,4,659.34,59.63
V002,Bharat Star,HALDIA,17.6975,93.1993,9.83,222.49,33.69,0.73,12,720.16,75.93
V004,Steel Infinity,PARADIP,22.2591,88.4857,12.88,132.71,2.79,0.28,12,289.57,17.46
V007,Ocean Sapphire,PARADIP,20.0149,88.8382,10.43,338.68,4.14,2.68,6,234.0,18.74
V001,Ganga Glory,VIZAG,14.401,81.3531,10.58,106.92,33.12,0.26,3,419.68,31.72
V004,Steel Infinity,SMPK,24.5389,87.3454,10.72,183.91,25.3,2.7,12,241.62,25.23
V003,Odisha Queen,PARADIP,21.1507,81.9605,12.3,206.1,31.66,4.49,1,493.26,39.42
V002,Bharat Star,VIZAG,16.8523,89.3421,9.53,59.65,11.2,2.95,1,650.36,53.47
V003,Odisha Queen,PARADIP,14.5578,86.0727,12.54,291.92,10.38,1.51,11,643.35,46.27
V006,Himalaya Dawn,SMPK,24.1404,92.8398,12.11,329.75,2.43,3.51,12,496.03,41.41
V001,Ganga Glory,VIZAG,18.9888,77.4163,10.13,79.48,34.33,0.27,12,635.48,63.18
V004,Steel Infinity,PARADIP,24.7929,85.1682,10.43,225.04,2.52,4.41,10,519.21,51.3
V002,Bharat Star,PARADIP,24.206,85.82,8.86,61.22,5.12,1.54,2,439.88,34.28
V006,Himalaya Dawn,SMPK,27.599,89.7946,8.8,247.78,7.09,2.91,10,581.24,63.22
V007,Ocean Sapphire,HALDIA,26.4902,89.0045,12.06,167.78,19.57,0.54,1,507.28,29.26
V006,Himalaya Dawn,HALDIA,18.1643,89.4121,12.13,107.34,21.45,2.02,2,450.33,30.14
V002,Bharat Star,SMPK,21.3712,93.0823,11.88,312.62,12.27,1.35,9,510.27,37.08
V005,Eastern Titan,PARADIP,16.9677,86.7456,11.27,134.73,31.39,3.08,8,372.99,35.98
V005,Eastern Titan,PARADIP,14.7766,90.6358,10.41,24.29,16.9,3.84,3,749.02,65.85
V004,Steel Infinity,HALDIA,19.2405,83.5399,14.18,1.17,25.21,2.72,5,562.17,37.56
V003,Odisha Queen,PARADIP,24.2421,91.8998,11.96,206.55,16.29,4.22,11,696.5,66.34
V007,Ocean Sapphire,SMPK,24.8137,89.2196,10.65,179.58,9.74,4.14,1,268.56,21.22
V005,Eastern Titan,HALDIA,20.5453,84.958,11.38,198.13,25.31,2.19,5,360.31,28.97
V007,Ocean Sapphire,SMPK,24.4591,88.2187,13.98,354.78,17.75,4.16,7,212.44,15.84
V003,Odisha Queen,HALDIA,17.4321,91.0858,10.95,217.45,26.57,3.2,6,599.46,55.36
V005,Eastern Titan,PARADIP,22.8091,83.8604,8.1,353.6,32.03,3.93,1,397.52,46.81
V007,Ocean Sapphire,SMPK,26.6482,86.0885,11.24,89.35,27.09,3.04,9,507.57,48.84
V005,Eastern Titan,VIZAG,17.8382,86.1968,9.32,106.92,32.44,4.12,11,309.3,41.42
V007,Ocean Sapphire,SMPK,28.1358,91.0087,11.4,120.33,21.87,0.25,5,678.07,45.99
V002,Bharat Star,HALDIA,16.2656,89.9555,9.23,8.0,21.96,1.85,3,669.03,59.99
V007,Ocean Sapphire,HALDIA,21.8694,85.8369,8.28,139.22,6.0,2.1,8,229.83,23.62
V001,Ganga Glory,SMPK,26.8119,90.7384,10.37,209.69,25.51,2.98,0,534.07,43.23
V004,Steel Infinity,HALDIA,25.5238,83.6236,12.66,325.85,21.03,4.15,12,596.97,56.35
V006,Himalaya Dawn,SMPK,27.5313,86.4114,10.18,138.82,3.82,2.02,1,585.62,39.73
V003,Odisha Queen,PARADIP,21.8774,89.2484,13.36,64.06,2.75,2.35,8,323.0,20.45
V001,Ganga Glory,VIZAG,21.4483,89.4016,8.46,174.04,11.28,2.84,12,765.34,92.92
V006,Himalaya Dawn,VIZAG,24.1902,80.473,9.58,117.32,29.05,0.96,9,779.28,77.41
V005,Eastern Titan,HALDIA,20.0017,86.4072,13.73,300.23,6.35,2.02,7,281.6,16.97
V002,Bharat Star,SMPK,20.4123,81.4216,11.71,189.17,21.66,0.44,12,750.25,59.35
V002,Bharat Star,PARADIP,20.2257,80.7086,10.14,161.69,30.23,0.42,10,616.66,57.45
V007,Ocean Sapphire,VIZAG,14.115,83.3578,11.96,251.41,16.15,3.77,7,397.61,33.45
V001,Ganga Glory,SMPK,25.2402,83.6912,8.45,152.63,32.95,3.64,1,555.83,62.03
V006,Himalaya Dawn,SMPK,29.139,85.5579,14.45,215.3,28.63,3.93,2,782.27,52.1
V003,Odisha Queen,PARADIP,18.765,88.348,10.21,311.39,7.82,4.02,10,250.37,25.51
V001,Ganga Glory,VIZAG,24.0131,83.3124,8.94,139.14,11.0,2.34,1,703.1,58.85
V002,Bharat Star,HALDIA,21.8279,92.5567,13.57,109.91,16.28,1.03,4,464.29,26.22
V005,Eastern Titan,SMPK,23.2674,92.5648,10.03,178.17,21.22,0.25,8,444.03,36.71
V001,Ganga Glory,PARADIP,17.742,89.1039,10.08,143.45,22.02,3.24,11,387.72,42.71
V002,Bharat Star,VIZAG,15.7979,82.3668,9.52,107.55,16.55,1.85,12,231.77,24.16
V007,Ocean Sapphire,HALDIA,20.5061,85.7342,14.58,142.45,6.02,3.94,9,293.33,20.08
V007,Ocean Sapphire,HALDIA,25.5329,89.2514,14.12,99.72,26.48,0.94,4,410.05,23.88
V005,Eastern Titan,PARADIP,19.5369,88.7753,12.45,284.14,24.09,1.93,6,241.55,17.75
V002,Bharat Star,VIZAG,21.2942,82.2298,10.67,331.28,22.24,1.47,2,415.6,30.56
V007,Ocean Sapphire,SMPK,18.1723,86.6471,13.86,338.84,33.37,3.13,4,516.36,37.14
V003,Odisha Queen,HALDIA,22.4074,85.7326,11.89,122.08,30.65,3.93,3,243.63,20.52
V007,Ocean Sapphire,VIZAG,19.857,81.0411,8.8,94.14,3.09,1.66,2,337.07,26.26
V004,Steel Infinity,HALDIA,24.4343,93.4221,13.65,23.72,15.34,0.49,6,610.57,34.3
V006,Himalaya Dawn,VIZAG,16.099,90.1516,10.7,138.54,21.26,3.95,2,752.15,64.77
V002,Bharat Star,SMPK,20.7933,92.1785,11.46,253.64,5.0,3.41,7,445.83,35.39
V005,Eastern Titan,HALDIA,25.9606,86.5655,8.53,340.96,9.9,1.67,2,464.77,39.51
V005,Eastern Titan,VIZAG,13.7702,83.7736,13.49,95.84,24.99,1.77,2,439.05,26.61
V007,Ocean Sapphire,HALDIA,26.2605,86.5507,13.98,317.22,23.39,1.07,12,496.81,35.02
V005,Eastern Titan,PARADIP,21.5844,89.5225,10.1,348.61,12.65,1.99,2,332.57,25.01
V001,Ganga Glory,SMPK,25.3773,85.4429,13.6,77.03,27.96,3.94,10,427.89,37.01
V001,Ganga Glory,VIZAG,15.764,83.9278,14.08,256.55,19.7,2.42,5,225.0,14.29
V002,Bharat Star,VIZAG,24.0725,82.9262,11.39,293.96,24.35,3.58,8,710.65,66.99
V005,Eastern Titan,PARADIP,21.7976,82.4339,12.39,101.52,10.86,2.65,3,464.39,30.33
V007,Ocean Sapphire,PARADIP,17.3403,88.4066,8.2,290.62,13.76,0.34,9,380.95,37.38
V004,Steel Infinity,HALDIA,24.4738,84.4499,9.03,197.86,6.44,0.35,4,459.42,33.86
V002,Bharat Star,HALDIA,20.8498,94.8576,8.7,346.97,26.3,1.04,0,715.26,60.74
V005,Eastern Titan,VIZAG,13.9489,80.5599,13.53,300.89,18.13,4.26,1,507.64,33.57
V003,Odisha Queen,SMPK,24.2266,94.9915,14.32,282.62,26.13,4.08,12,707.82,60.64
V003,Odisha Queen,VIZAG,19.6385,89.5331,9.73,60.67,19.69,3.63,2,693.39,63.69
V005,Eastern Titan,HALDIA,20.1682,87.8678,9.61,65.5,15.52,0.63,9,205.76,17.91
V001,Ganga Glory,VIZAG,18.253,87.306,11.99,237.23,2.55,1.87,6,430.39,27.76
V004,Steel Infinity,SMPK,28.7198,86.5413,13.78,45.61,31.78,1.37,5,708.31,46.47
V005,Eastern Titan,VIZAG,21.8911,85.709,14.84,199.95,5.86,2.4,0,531.75,25.15
V005,Eastern Titan,SMPK,19.3868,93.1227,9.69,139.11,8.93,2.69,8,611.84,57.51
V002,Bharat Star,VIZAG,17.3229,88.9046,11.58,42.19,24.5,2.05,9,597.84,51.39
V004,Steel Infinity,VIZAG,13.3081,84.306,9.82,124.65,4.48,2.63,5,499.49,41.35
V001,Ganga Glory,HALDIA,17.3292,87.2068,11.86,222.51,25.16,1.41,3,528.09,36.53
V002,Bharat Star,VIZAG,18.5077,90.2609,12.22,32.44,34.88,4.25,5,743.36,67.09
V001,Ganga Glory,SMPK,21.5305,92.2569,14.21,177.47,10.26,4.25,7,423.27,29.77
V002,Bharat Star,VIZAG,18.7151,78.5227,14.27,114.64,16.64,2.15,6,515.26,31.81
V007,Ocean Sapphire,SMPK,25.2288,88.8121,13.85,46.47,12.6,3.69,10,302.38,22.94
V004,Steel Infinity,PARADIP,20.3225,83.6859,13.82,8.36,32.53,2.27,10,305.95,24.15
V003,Odisha Queen,SMPK,28.5114,90.4689,14.72,141.93,8.92,0.87,10,697.63,39.17
V006,Himalaya Dawn,SMPK,21.0002,89.619,11.28,298.06,15.39,2.29,9,219.65,18.48
V007,Ocean Sapphire,SMPK,23.5622,84.6698,9.74,41.97,21.31,3.6,11,388.08,45.06
V002,Bharat Star,SMPK,22.7739,84.3799,8.95,149.0,16.49,1.65,12,403.0,44.03
V002,Bharat Star,HALDIA,27.0411,86.1688,13.23,319.22,29.52,0.23,9,591.21,40.45
V007,Ocean Sapphire,HALDIA,27.7089,91.4255,9.0,137.39,5.49,2.27,2,718.81,58.66
V004,Steel Infinity,HALDIA,18.5943,90.9513,8.5,237.72,10.83,1.55,0,484.9,38.96
V006,Himalaya Dawn,PARADIP,22.0447,83.6347,10.46,129.25,25.9,3.25,0,364.11,29.8
V001,Ganga Glory,PARADIP,25.5167,89.4371,14.11,272.03,27.09,1.86,12,645.8,49.02
V001,Ganga Glory,PARADIP,22.9396,82.3787,14.05,214.01,9.48,3.49,6,526.29,34.5
V002,Bharat Star,HALDIA,18.9836,90.6097,11.82,142.9,24.92,1.7,1,428.65,28.66
V006,Himalaya Dawn,HALDIA,15.28,87.9022,13.43,85.87,25.98,0.46,3,748.53,42.89
V004,Steel Infinity,SMPK,23.8938,84.7812,10.34,322.07,26.51,3.61,10,389.37,43.03
V005,Eastern Titan,VIZAG,19.8478,78.2519,12.0,335.59,29.82,3.85,4,581.15,49.35
V003,Odisha Queen,PARADIP,17.2193,84.483,11.9,257.06,6.81,1.07,5,411.68,25.27
V001,Ganga Glory,SMPK,27.6513,89.1047,12.87,224.16,2.78,1.24,6,572.99,32.7
V002,Bharat Star,VIZAG,14.8705,83.6555,8.44,164.58,33.43,4.46,2,316.06,38.21
V001,Ganga Glory,VIZAG,13.3188,81.2679,13.17,35.97,34.68,2.5,9,531.7,44.24
V001,Ganga Glory,SMPK,22.1748,81.9897,9.29,91.21,5.47,2.76,4,650.2,56.39
V005,Eastern Titan,PARADIP,19.8469,90.3297,10.17,235.0,13.06,2.9,5,390.96,33.95
V006,Himalaya Dawn,PARADIP,13.4799,84.3468,10.52,76.33,19.25,1.89,2,798.05,60.06
V006,Himalaya Dawn,SMPK,19.6557,84.4991,11.06,51.16,30.22,3.42,10,508.91,53.15
V005,Eastern Titan,PARADIP,19.5757,80.574,8.01,351.9,8.96,2.09,12,637.31,75.98
V002,Bharat Star,PARADIP,17.7399,89.8579,11.52,88.74,2.01,4.23,0,445.11,30.14
V002,Bharat Star,HALDIA,17.9353,83.6337,8.21,205.23,24.88,1.05,2,647.4,61.18
V006,Himalaya Dawn,VIZAG,13.7986,82.6575,14.55,150.43,31.22,4.46,6,437.8,33.74
V005,Eastern Titan,PARADIP,22.2488,92.5613,13.6,308.46,6.38,0.47,5,651.8,33.08
V002,Bharat Star,SMPK,17.9773,89.607,8.0,139.54,2.12,1.04,2,526.41,42.41
V003,Odisha Queen,SMPK,28.0693,84.5103,12.3,117.87,5.18,0.59,6,722.2,41.6
V001,Ganga Glory,VIZAG,21.0458,81.4034,10.21,244.29,8.8,3.81,3,421.87,35.75
V005,Eastern Titan,SMPK,24.2147,85.87,8.09,324.03,16.82,1.21,5,309.47,30.66
V004,Steel Infinity,PARADIP,22.1468,85.2591,10.02,48.33,30.51,1.06,12,247.3,25.6
V006,Himalaya Dawn,PARADIP,23.5882,88.8703,8.81,304.17,33.67,3.01,1,431.16,44.64
V004,Steel Infinity,VIZAG,19.6669,83.3916,10.32,333.53,19.2,0.91,10,220.13,19.23
V007,Ocean Sapphire,HALDIA,18.0056,91.32,14.1,351.34,14.87,0.64,9,560.55,33.1
V005,Eastern Titan,VIZAG,13.4789,82.0944,10.04,160.27,27.01,3.04,9,485.16,52.2
V003,Odisha Queen,PARADIP,19.2854,92.6399,9.9,36.29,28.35,3.06,4,640.18,62.23
V005,Eastern Titan,HALDIA,19.967,90.3035,13.21,201.43,2.39,1.09,8,325.34,18.7
V003,Odisha Queen,PARADIP,16.7812,83.5402,9.5,336.15,6.68,2.1,1,510.1,38.16
V004,Steel Infinity,HALDIA,26.3439,91.8235,14.92,88.87,33.16,1.33,12,614.71,44.35
V004,Steel Infinity,SMPK,24.1968,83.922,8.82,200.44,25.88,2.27,5,482.89,50.57
V006,Himalaya Dawn,VIZAG,13.2547,88.152,13.11,338.12,18.99,3.67,3,718.08,50.24
V005,Eastern Titan,SMPK,27.1783,84.4798,13.01,260.95,9.87,3.17,9,642.85,48.03
V003,Odisha Queen,HALDIA,22.5848,92.2394,10.96,188.15,26.29,3.15,4,434.69,37.88
V004,Steel Infinity,SMPK,21.6595,84.4972,14.29,310.28,11.03,1.18,4,404.08,21.03
V007,Ocean Sapphire,SMPK,19.027,91.9056,12.79,144.55,14.74,0.46,7,542.11,33.09
V004,Steel Infinity,PARADIP,17.2093,89.3509,14.07,316.49,24.69,3.27,6,449.76,32.08
V007,Ocean Sapphire,HALDIA,23.5315,94.9527,11.95,18.46,32.87,3.69,8,726.57,69.19
V002,Bharat Star,VIZAG,21.5898,87.9913,8.62,308.9,12.76,1.19,6,656.76,60.57
V005,Eastern Titan,VIZAG,19.7273,84.2649,9.14,327.31,28.6,0.9,3,249.16,22.1
V001,Ganga Glory,PARADIP,27.4221,87.5168,9.98,257.23,9.53,1.21,7,794.96,63.34
V002,Bharat Star,HALDIA,25.904,86.1182,11.86,282.94,24.07,1.67,2,475.81,32.37
V002,Bharat Star,HALDIA,18.9581,84.3742,10.22,298.13,30.08,2.84,1,512.35,44.24
V004,Steel Infinity,VIZAG,20.0402,83.2091,10.45,281.29,22.3,3.11,1,261.44,21.36
V005,Eastern Titan,HALDIA,20.1478,86.8144,14.01,225.4,15.54,2.56,12,244.08,18.08
V003,Odisha Queen,SMPK,21.2878,84.9296,13.71,34.09,3.87,3.41,1,374.92,21.0
V004,Steel Infinity,PARADIP,22.2104,86.0972,13.42,283.09,34.6,3.82,7,217.07,18.28
V003,Odisha Queen,HALDIA,21.2013,84.7024,12.94,192.08,32.68,1.84,8,358.56,28.06
V006,Himalaya Dawn,SMPK,21.903,85.8244,12.53,171.22,22.1,1.89,12,264.78,21.91
V002,Bharat Star,SMPK,19.787,93.3301,10.44,297.69,19.55,3.58,3,605.26,53.07
V003,Odisha Queen,VIZAG,21.6764,79.1039,12.28,264.06,15.82,2.35,10,622.52,49.62
V007,Ocean Sapphire,VIZAG,12.7731,83.1533,13.08,138.36,26.16,2.28,6,546.91,39.74
V003,Odisha Queen,PARADIP,20.3002,92.3637,13.3,275.46,6.74,4.27,7,598.94,44.01
V006,Himalaya Dawn,SMPK,25.0367,88.4254,14.87,325.41,18.44,3.57,9,276.81,19.7
V007,Ocean Sapphire,SMPK,24.3613,87.226,11.72,12.31,13.45,2.96,11,229.28,20.12
V007,Ocean Sapphire,SMPK,26.5783,85.4644,14.87,158.28,25.9,2.92,10,531.81,38.97
V004,Steel Infinity,SMPK,25.2842,92.4573,11.8,148.17,2.51,1.24,10,520.52,35.61
V001,Ganga Glory,VIZAG,16.9923,78.8227,13.0,201.81,16.2,1.97,12,479.4,36.85
V007,Ocean Sapphire,HALDIA,23.2251,86.3146,12.88,329.26,31.0,2.76,6,224.39,17.62
V002,Bharat Star,PARADIP,18.0477,86.6627,11.13,109.13,14.97,1.41,5,252.71,18.22
V002,Bharat Star,SMPK,18.1507,89.809,10.17,87.22,25.03,1.54,4,513.84,42.95
V007,Ocean Sapphire,HALDIA,26.0129,86.0982,14.3,235.47,18.48,4.17,3,487.64,32.19
V001,Ganga Glory,PARADIP,16.4849,91.7782,14.36,155.54,2.13,3.68,7,691.28,43.75
V004,Steel Infinity,HALDIA,24.7187,92.2651,14.8,310.98,19.38,2.9,10,524.31,36.95
V001,Ganga Glory,HALDIA,24.8297,92.2237,13.64,70.83,5.1,1.26,12,527.94,33.5
V004,Steel Infinity,VIZAG,12.0009,81.3765,12.39,99.8,30.68,1.7,1,664.82,44.11
V002,Bharat Star,HALDIA,16.4171,90.7315,13.78,92.45,32.98,0.55,9,682.17,47.06
V007,Ocean Sapphire,HALDIA,22.7892,93.9096,12.21,102.39,31.72,3.57,0,607.53,45.03
V001,Ganga Glory,PARADIP,24.2441,84.9591,14.62,151.25,30.88,1.94,12,468.59,35.4
V002,Bharat Star,HALDIA,19.4831,85.8407,13.67,254.81,30.1,1.7,6,363.58,24.96
V004,Steel Infinity,HALDIA,20.6211,89.9262,8.59,20.58,6.35,4.22,7,247.43,27.98
V004,Steel Infinity,HALDIA,22.5093,90.7971,8.15,60.97,12.78,1.49,2,287.08,25.76
V004,Steel Infinity,HALDIA,22.0296,93.737,14.79,194.37,13.08,2.63,4,585.18,33.38
V006,Himalaya Dawn,VIZAG,11.761,83.0866,14.01,206.6,20.08,0.63,7,659.6,38.93
V007,Ocean Sapphire,VIZAG,18.0606,87.4725,10.36,194.14,30.91,0.67,5,445.58,36.78
V007,Ocean Sapphire,PARADIP,21.2465,91.6653,12.24,190.35,14.99,0.71,12,534.5,39.18
V005,Eastern Titan,HALDIA,20.3183,86.7699,14.16,17.38,6.34,2.2,8,230.82,14.02
V007,Ocean Sapphire,HALDIA,20.9357,86.4368,9.38,175.93,16.8,1.0,3,206.11,16.42
V005,Eastern Titan,PARADIP,17.2373,91.5031,10.59,261.29,17.68,1.41,5,617.8,47.78
V007,Ocean Sapphire,SMPK,18.4413,86.71,12.5,90.23,32.29,2.09,6,485.93,37.99
V006,Himalaya Dawn,SMPK,24.1935,89.2973,10.98,317.34,19.22,1.96,5,209.18,16.43
V001,Ganga Glory,PARADIP,23.21,83.839,12.46,156.85,31.63,3.63,3,430.95,34.21
V005,Eastern Titan,SMPK,26.5135,90.7313,10.89,201.21,25.74,1.44,1,504.66,36.14
V004,Steel Infinity,PARADIP,24.7486,91.3355,12.58,100.9,2.16,1.37,0,690.54,34.38
V007,Ocean Sapphire,SMPK,22.3072,90.5463,11.8,192.71,16.86,3.42,6,232.45,18.98
V005,Eastern Titan,VIZAG,23.2459,84.4625,11.34,58.1,19.29,4.36,4,629.94,54.8
V007,Ocean Sapphire,HALDIA,21.8777,85.2713,12.14,105.33,30.97,1.0,4,287.99,20.25
V006,Himalaya Dawn,PARADIP,19.8972,82.4351,10.42,240.19,21.43,3.31,12,439.49,47.91
V004,Steel Infinity,VIZAG,14.3764,89.137,13.2,230.58,30.59,0.45,9,726.22,51.02
V003,Odisha Queen,SMPK,29.05,86.63,13.44,96.92,6.98,1.35,10,741.81,46.75
V005,Eastern Titan,VIZAG,14.1788,82.6522,10.24,135.04,16.63,0.72,8,396.15,32.12
V001,Ganga Glory,VIZAG,21.8367,79.1526,8.86,349.78,19.71,2.81,0,631.69,56.98
V007,Ocean Sapphire,PARADIP,19.494,90.7515,8.15,184.77,31.41,1.98,9,441.59,56.23
V006,Himalaya Dawn,HALDIA,19.5157,87.1207,8.89,329.56,15.97,4.36,2,294.04,30.25
V002,Bharat Star,VIZAG,16.8893,80.8716,9.72,223.12,19.85,4.39,9,270.76,31.32
V002,Bharat Star,VIZAG,16.2963,79.2525,10.49,289.6,6.03,2.85,8,455.44,39.15
V002,Bharat Star,HALDIA,20.5095,89.3226,10.27,22.23,22.98,4.15,2,212.02,19.45
V001,Ganga Glory,PARADIP,26.7514,87.8204,9.78,311.77,34.7,2.29,8,725.51,78.37
V001,Ganga Glory,HALDIA,19.8461,88.8404,13.82,88.91,18.64,1.7,2,253.9,14.28
V004,Steel Infinity,VIZAG,16.059,89.3134,10.27,16.43,2.12,3.24,4,667.07,52.91
V006,Himalaya Dawn,HALDIA,22.0694,82.6515,13.11,146.81,33.22,0.79,10,557.46,42.17
V007,Ocean Sapphire,VIZAG,19.2929,87.7901,14.35,348.5,29.88,3.51,10,507.87,41.03
V002,Bharat Star,HALDIA,15.6952,86.95,14.65,63.1,4.18,4.44,0,711.81,39.02
V005,Eastern Titan,SMPK,16.3534,91.4308,14.52,359.28,30.98,1.38,2,763.13,43.61
V002,Bharat Star,VIZAG,22.6445,82.0434,10.14,353.45,20.64,1.45,1,565.82,41.97
V007,Ocean Sapphire,VIZAG,19.8148,80.2723,10.69,30.14,18.76,1.37,6,395.09,31.22
V003,Odisha Queen,HALDIA,16.417,85.7632,10.01,223.52,33.08,2.77,4,666.99,64.87
V003,Odisha Queen,SMPK,21.0401,91.9692,14.28,54.64,31.88,2.2,5,414.35,27.76
V005,Eastern Titan,VIZAG,14.1201,81.5485,13.17,150.63,5.68,3.94,3,438.0,28.42
V007,Ocean Sapphire,VIZAG,24.1157,86.3228,13.18,122.19,21.34,1.49,9,781.2,55.42
V003,Odisha Queen,PARADIP,17.4363,89.9612,9.64,245.67,33.67,3.37,9,475.77,56.7
V005,Eastern Titan,VIZAG,17.1726,78.4664,8.06,25.72,27.52,1.52,5,513.88,56.58
V001,Ganga Glory,VIZAG,12.7969,79.3885,9.37,29.55,28.16,3.28,1,685.71,65.57
V002,Bharat Star,HALDIA,20.7851,91.0396,10.18,332.37,3.58,0.34,11,337.19,25.48
V002,Bharat Star,HALDIA,25.0714,82.9242,14.42,3.8,27.66,2.93,0,624.38,36.74
V007,Ocean Sapphire,SMPK,24.7987,91.049,12.26,315.3,33.36,0.28,2,375.34,23.89
V007,Ocean Sapphire,PARADIP,21.8207,84.7058,8.94,328.31,13.32,1.3,7,259.4,23.98
V001,Ganga Glory,HALDIA,18.6728,89.9906,12.28,176.7,34.68,3.18,1,422.14,31.86
V003,Odisha Queen,PARADIP,23.9037,92.8937,11.05,269.12,33.87,2.73,4,759.09,67.02
V005,Eastern Titan,VIZAG,20.3668,80.5317,14.94,58.34,29.55,2.21,7,414.77,27.54
V007,Ocean Sapphire,SMPK,20.69,88.8194,13.77,158.38,9.88,1.04,7,213.68,12.21
V007,Ocean Sapphire,HALDIA,23.859,84.0957,10.53,92.11,27.62,3.1,4,455.02,41.49
V007,Ocean Sapphire,VIZAG,18.8829,84.7433,9.76,23.72,30.83,1.87,0,203.62,16.86
V006,Himalaya Dawn,PARADIP,16.568,84.9515,11.65,21.21,19.36,0.29,6,452.79,30.31
V003,Odisha Queen,VIZAG,11.8537,81.7204,9.51,10.21,7.0,1.73,8,670.25,58.71
V007,Ocean Sapphire,VIZAG,14.3302,80.9574,11.34,130.52,3.99,3.64,10,448.52,39.03
V003,Odisha Queen,VIZAG,11.8918,82.6484,8.69,312.67,8.43,3.03,4,648.3,62.67
V002,Bharat Star,HALDIA,19.9799,83.7317,9.02,136.05,11.13,4.44,5,502.81,53.88
V004,Steel Infinity,VIZAG,16.7884,85.845,11.19,317.15,23.06,4.19,9,290.26,29.37
V003,Odisha Queen,VIZAG,22.1468,78.4925,8.28,303.68,19.8,2.78,4,704.2,76.02
V003,Odisha Queen,SMPK,17.9367,93.8445,12.11,169.38,18.96,0.85,0,772.95,43.99
V006,Himalaya Dawn,HALDIA,25.0801,89.7477,13.82,66.9,9.56,3.06,1,382.27,21.59
V001,Ganga Glory,SMPK,23.8891,91.5532,8.14,297.18,13.23,1.56,10,364.24,40.5
V003,Odisha Queen,HALDIA,23.3595,90.2712,13.23,282.99,23.83,1.51,3,271.98,16.82
V006,Himalaya Dawn,HALDIA,26.5757,82.8732,8.13,341.41,4.42,2.5,1,730.62,64.74
V007,Ocean Sapphire,SMPK,21.4389,89.9136,13.74,134.37,28.72,4.49,7,207.22,17.12
V006,Himalaya Dawn,HALDIA,15.997,85.1165,12.17,105.37,3.1,2.75,4,736.68,47.85
V003,Odisha Queen,VIZAG,21.3049,84.5107,10.53,126.26,24.64,0.31,9,422.14,35.15
V006,Himalaya Dawn,PARADIP,15.2396,84.2694,12.62,217.01,13.93,2.96,11,617.27,50.47
V002,Bharat Star,HALDIA,18.7851,85.9808,14.01,237.75,14.15,4.17,9,418.96,31.99
V001,Ganga Glory,SMPK,20.8704,89.1789,12.17,98.95,21.95,0.28,9,207.66,14.62
V003,Odisha Queen,HALDIA,18.204,84.3924,14.06,211.62,11.01,2.21,5,570.69,33.58
V003,Odisha Queen,PARADIP,23.9278,91.8634,13.07,32.35,3.43,3.97,2,672.67,42.2
V007,Ocean Sapphire,PARADIP,21.7213,83.4645,8.36,315.56,30.11,1.3,8,362.68,41.63
V002,Bharat Star,PARADIP,17.4038,88.47,8.92,95.03,33.25,2.22,3,378.19,38.83
V004,Steel Infinity,VIZAG,20.9093,85.0185,9.67,6.53,4.5,1.24,5,401.77,30.2
V007,Ocean Sapphire,PARADIP,22.8458,90.5303,14.3,117.19,17.09,3.34,12,492.25,38.09
V003,Odisha Queen,PARADIP,22.0984,79.7146,9.53,173.29,27.52,4.5,6,742.55,85.73
V002,Bharat Star,HALDIA,18.9479,91.9429,9.28,50.48,15.91,3.54,2,528.65,49.4
V006,Himalaya Dawn,SMPK,27.6835,84.4809,8.38,44.38,20.5,1.48,8,688.12,74.47
V007,Ocean Sapphire,SMPK,20.0327,87.3815,14.27,165.93,20.78,4.49,10,295.64,24.12
V007,Ocean Sapphire,SMPK,22.6809,84.7387,12.86,259.21,11.79,3.42,9,365.83,28.51
V006,Himalaya Dawn,VIZAG,19.5794,82.9358,13.44,99.15,15.74,1.67,10,213.19,14.77
V004,Steel Infinity,HALDIA,18.611,94.4374,8.05,337.06,33.38,0.78,5,764.78,83.39
V007,Ocean Sapphire,HALDIA,26.5254,87.6366,8.58,205.4,22.69,2.9,7,503.92,58.26
V004,Steel Infinity,PARADIP,18.4401,88.5087,10.0,87.53,11.79,0.26,3,287.99,19.4
V006,Himalaya Dawn,HALDIA,24.6557,84.527,8.84,319.02,4.92,2.69,0,465.43,37.51
V002,Bharat Star,VIZAG,19.1103,80.9827,9.97,62.34,21.69,2.97,12,289.29,32.29
V001,Ganga Glory,HALDIA,20.6052,82.8749,14.17,48.16,14.14,2.82,6,559.35,35.84
V003,Odisha Queen,PARADIP,17.9674,86.2411,9.44,31.86,26.2,0.76,0,264.61,20.28
V003,Odisha Queen,VIZAG,13.7883,85.7517,10.22,264.78,24.87,1.45,1,508.11,38.57
V007,Ocean Sapphire,PARADIP,19.7254,88.5338,10.95,58.46,6.08,2.46,2,210.59,14.4
V005,Eastern Titan,VIZAG,14.3295,81.1736,11.46,136.09,10.48,2.04,12,436.23,36.62
V004,Steel Infinity,SMPK,20.9314,84.6533,9.3,100.15,24.47,4.5,4,417.42,46.05
V003,Odisha Queen,HALDIA,24.2344,86.5364,10.65,269.23,11.92,1.88,7,292.32,23.48
V006,Himalaya Dawn,SMPK,23.6342,81.4105,10.21,149.06,20.21,1.85,9,714.85,66.65
V003,Odisha Queen,HALDIA,24.8438,91.8464,8.04,79.25,6.99,2.39,11,498.48,58.34
V002,Bharat Star,SMPK,23.995,86.5222,10.62,348.56,14.84,3.62,6,242.47,22.0
V002,Bharat Star,PARADIP,24.9159,85.003,14.25,83.02,18.12,1.79,2,537.29,29.39
V007,Ocean Sapphire,PARADIP,18.5104,84.4921,9.89,38.16,34.47,1.5,5,300.47,28.23
V007,Ocean Sapphire,PARADIP,22.4112,86.685,11.81,305.7,5.41,3.84,1,232.63,15.78
V003,Odisha Queen,SMPK,16.136,89.6282,8.23,306.82,31.69,1.33,6,726.67,81.67
V003,Odisha Queen,PARADIP,18.1425,80.1627,14.47,170.24,15.63,3.14,1,719.8,40.73
V007,Ocean Sapphire,PARADIP,17.8665,91.6531,12.2,20.74,21.0,2.12,10,595.02,48.72
V006,Himalaya Dawn,PARADIP,23.8303,89.0706,13.49,185.83,29.07,3.98,12,464.86,42.78
V005,Eastern Titan,VIZAG,14.2963,82.574,12.74,22.89,8.69,0.58,1,384.83,19.25
V007,Ocean Sapphire,VIZAG,18.9872,79.4022,11.76,47.06,26.5,1.31,3,433.95,30.34
V003,Odisha Queen,PARADIP,21.0672,88.6322,14.19,42.45,29.14,2.75,7,225.2,16.26
V006,Himalaya Dawn,SMPK,26.9615,83.1542,10.26,216.46,4.31,0.31,0,714.4,40.43
V005,Eastern Titan,VIZAG,19.1741,80.9546,8.33,328.02,34.72,3.5,6,295.64,38.43
V004,Steel Infinity,HALDIA,26.3213,85.1267,10.61,300.51,19.74,3.08,1,564.19,44.57
V003,Odisha Queen,HALDIA,18.9194,90.7378,13.8,43.51,5.03,3.5,5,442.6,27.92
V007,Ocean Sapphire,PARADIP,20.893,80.6548,8.1,219.22,4.38,4.03,6,624.09,71.1
V006,Himalaya Dawn,PARADIP,14.881,91.1005,13.4,70.26,22.78,4.06,8,768.8,62.84
V003,Odisha Queen,HALDIA,17.4048,87.5739,11.21,238.72,9.26,3.39,8,514.6,44.05
V003,Odisha Queen,PARADIP,19.5219,90.5686,13.16,120.89,29.58,1.17,2,422.21,25.97
V005,Eastern Titan,VIZAG,21.1561,83.4903,13.29,112.47,29.67,4.25,5,386.05,31.1
V001,Ganga Glory,HALDIA,26.8457,85.2464,12.83,161.51,29.38,3.96,7,608.43,52.41
V002,Bharat Star,HALDIA,27.158,84.4315,10.94,131.03,12.13,4.25,3,679.8,56.62
V007,Ocean Sapphire,VIZAG,17.0139,80.149,11.84,348.1,6.7,0.24,1,340.7,17.47
V005,Eastern Titan,SMPK,27.0278,93.2553,9.63,225.36,6.08,1.9,1,705.62,51.03
V004,Steel Infinity,PARADIP,20.2443,89.0235,10.98,144.75,13.84,4.1,9,250.82,24.27
V006,Himalaya Dawn,SMPK,24.9083,89.8582,8.67,105.58,14.79,0.86,5,306.46,27.11
V003,Odisha Queen,HALDIA,26.5626,85.525,14.21,30.92,19.02,2.2,3,567.64,33.2
V003,Odisha Queen,HALDIA,26.2122,82.9545,14.66,216.8,29.47,0.91,0,697.58,35.64
V004,Steel Infinity,SMPK,26.3764,92.7346,11.7,325.43,2.65,2.56,10,618.34,47.63
V003,Odisha Queen,SMPK,23.0741,92.5855,14.06,302.92,30.08,2.86,2,443.09,28.64
V002,Bharat Star,HALDIA,26.9424,85.1424,13.46,69.3,9.33,4.27,10,622.82,49.42
V002,Bharat Star,SMPK,15.4343,88.0096,9.54,245.2,22.24,0.51,5,791.82,65.71
V004,Steel Infinity,HALDIA,21.7211,82.6732,14.39,31.7,33.11,2.4,7,556.8,39.76
V002,Bharat Star,PARADIP,21.7846,87.8289,13.87,75.86,30.93,3.2,6,205.56,15.41
V003,Odisha Queen,VIZAG,20.3035,82.2371,9.98,195.03,29.93,3.48,0,310.6,27.71
V005,Eastern Titan,HALDIA,25.126,87.9068,8.07,250.09,25.51,4.25,7,346.84,47.22
V003,Odisha Queen,PARADIP,18.9274,92.992,8.57,150.79,4.37,3.25,3,685.05,64.46
V007,Ocean Sapphire,PARADIP,18.0526,85.3019,12.78,300.38,7.13,2.43,8,287.62,19.83
V004,Steel Infinity,VIZAG,21.2162,85.8382,9.78,284.84,25.08,3.47,3,475.02,45.72
V002,Bharat Star,VIZAG,15.8799,82.4693,11.11,203.26,5.86,3.34,2,218.99,15.73
V007,Ocean Sapphire,PARADIP,20.9939,89.7723,9.87,69.98,27.24,3.11,5,336.43,33.55
V003,Odisha Queen,VIZAG,18.1469,81.4468,13.94,89.81,12.14,4.15,6,200.49,14.09
V006,Himalaya Dawn,SMPK,23.5385,85.7117,9.72,128.78,24.07,3.51,11,286.73,33.76
V005,Eastern Titan,HALDIA,25.0266,91.6303,12.39,39.78,29.05,1.9,5,494.95,36.76
V006,Himalaya Dawn,HALDIA,21.3223,84.5766,14.93,132.67,7.38,0.93,10,367.99,20.22
V006,Himalaya Dawn,PARADIP,23.5318,85.7614,11.9,334.32,11.89,2.5,0,367.95,22.87
V004,Steel Infinity,HALDIA,18.2153,84.0284,8.4,189.51,18.3,1.52,2,595.94,54.26
V004,Steel Infinity,HALDIA,20.3181,88.6937,9.63,197.46,3.62,2.31,9,199.27,18.0
V003,Odisha Queen,SMPK,19.7348,94.6859,10.34,48.39,17.65,2.83,5,732.41,64.26
V001,Ganga Glory,HALDIA,26.7183,82.8167,12.94,20.16,21.72,1.06,0,745.57,41.21
V001,Ganga Glory,SMPK,23.748,85.8298,11.0,216.17,6.86,3.56,0,285.53,19.99
V005,Eastern Titan,SMPK,19.9875,85.8925,9.05,290.41,13.08,0.85,11,378.7,36.59
V007,Ocean Sapphire,PARADIP,17.8111,81.9169,11.35,352.71,10.49,0.77,3,567.52,34.83
V001,Ganga Glory,VIZAG,20.1865,89.0182,9.97,271.22,21.19,1.32,11,664.22,64.35
V006,Himalaya Dawn,PARADIP,21.2026,84.6418,9.24,103.9,23.08,3.57,7,227.9,25.62
V003,Odisha Queen,PARADIP,24.4127,87.9438,9.75,119.46,6.65,1.72,11,474.99,43.37
V006,Himalaya Dawn,PARADIP,16.7974,88.8718,8.88,245.63,9.73,3.96,9,457.98,52.86
V001,Ganga Glory,HALDIA,20.9829,84.0738,11.16,142.15,19.86,3.23,6,427.92,37.21
V007,Ocean Sapphire,VIZAG,20.9573,87.4161,9.94,215.06,26.0,3.32,6,565.93,57.82
V007,Ocean Sapphire,PARADIP,16.0355,85.9502,14.79,297.78,8.17,1.33,2,481.64,22.66
V006,Himalaya Dawn,HALDIA,20.8864,91.7398,8.2,204.56,26.29,2.4,10,400.79,51.6
V007,Ocean Sapphire,HALDIA,21.4999,91.9127,11.28,293.4,19.65,0.48,6,401.9,28.28
V002,Bharat Star,SMPK,23.0695,90.8169,8.29,23.78,19.34,0.78,11,264.36,29.15
V001,Ganga Glory,VIZAG,15.483,80.1752,10.97,203.37,24.63,2.04,2,411.92,31.2
V003,Odisha Queen,HALDIA,18.5384,88.2656,11.8,310.28,16.97,1.95,8,386.62,29.96
V005,Eastern Titan,HALDIA,23.2141,86.2926,12.45,151.23,4.91,0.74,0,225.47,10.99
V003,Odisha Queen,SMPK,18.9901,91.1824,13.39,143.43,25.82,2.46,2,496.44,31.96
V002,Bharat Star,HALDIA,18.8975,90.8313,13.37,124.59,17.4,1.82,7,450.68,29.9
V007,Ocean Sapphire,HALDIA,27.2605,83.6457,9.76,311.04,3.73,1.36,12,734.63,64.9
V004,Steel Infinity,SMPK,19.4859,85.6958,14.33,256.81,25.56,1.85,0,434.88,23.63
V003,Odisha Queen,SMPK,24.8392,87.5973,14.99,28.61,30.05,3.53,9,264.41,20.02
V005,Eastern Titan,VIZAG,14.0455,84.2942,9.17,282.22,16.49,3.28,1,419.51,38.04
V005,Eastern Titan,SMPK,28.7607,88.1344,12.1,263.39,13.28,0.73,10,690.8,48.36
V004,Steel Infinity,HALDIA,24.7694,91.9073,13.77,12.38,27.47,1.27,6,498.26,32.34
V006,Himalaya Dawn,HALDIA,15.191,88.4662,11.82,270.54,18.3,3.98,7,759.44,66.44
V004,Steel Infinity,PARADIP,26.4681,87.8633,8.14,36.8,25.7,2.31,9,695.3,87.26
V006,Himalaya Dawn,VIZAG,18.0077,79.0146,13.71,329.84,10.58,0.53,2,452.83,21.93
V005,Eastern Titan,VIZAG,16.5466,88.4241,9.95,218.41,15.94,0.31,6,561.22,42.82
V001,Ganga Glory,PARADIP,25.0465,81.6541,8.21,297.85,16.53,3.26,2,731.8,76.15
V001,Ganga Glory,PARADIP,27.4632,87.4379,11.68,276.34,7.15,1.28,11,798.62,58.97
V001,Ganga Glory,VIZAG,21.3302,81.7443,8.88,296.41,7.87,1.33,5,435.59,36.95
V002,Bharat Star,HALDIA,24.7172,85.2986,12.03,92.26,26.14,1.14,2,412.36,27.02
V005,Eastern Titan,VIZAG,23.1963,79.0953,11.97,32.94,31.67,0.65,3,751.5,51.09
V005,Eastern Titan,PARADIP,15.6918,90.4538,8.69,169.21,34.28,2.44,3,655.04,70.5
V005,Eastern Titan,SMPK,21.2139,87.0249,9.92,104.92,14.51,2.42,4,198.45,16.8
V006,Himalaya Dawn,HALDIA,26.1202,84.6745,12.58,313.54,4.3,4.23,6,571.79,42.5
V001,Ganga Glory,SMPK,15.8097,87.626,10.22,351.59,30.55,4.1,10,752.82,88.81
V001,Ganga Glory,PARADIP,17.8509,83.3856,11.77,17.32,11.65,2.05,6,436.88,31.29
V003,Odisha Queen,PARADIP,16.5491,87.7154,11.56,110.18,16.3,1.71,4,434.92,30.38
V006,Himalaya Dawn,VIZAG,18.209,89.7912,8.36,274.98,9.56,0.51,7,691.15,62.02
V002,Bharat Star,PARADIP,16.2293,89.8114,10.56,250.57,5.34,1.37,10,566.03,44.83
V003,Odisha Queen,SMPK,17.6389,88.313,8.45,226.87,9.79,3.98,4,546.09,58.51
V003,Odisha Queen,HALDIA,25.9735,89.2564,11.02,169.34,10.18,3.37,9,457.16,40.96
V002,Bharat Star,HALDIA,18.9474,88.394,14.14,221.69,3.95,4.21,5,342.31,21.97
V004,Steel Infinity,HALDIA,19.1429,93.7182,9.3,119.81,18.74,3.35,3,669.66,64.57
V007,Ocean Sapphire,VIZAG,10.5853,81.7351,11.86,125.08,30.52,3.23,0,807.35,59.9
V007,Ocean Sapphire,VIZAG,16.7396,77.8098,11.24,114.27,29.42,0.31,12,590.51,51.18
V004,Steel Infinity,PARADIP,21.6196,92.3123,10.05,182.64,25.94,2.36,5,608.39,56.27
V004,Steel Infinity,VIZAG,18.0576,77.4029,14.03,62.28,17.28,1.56,9,623.28,40.51
V003,Odisha Queen,VIZAG,11.6596,82.3124,8.83,60.25,32.86,1.25,3,678.57,65.8
V001,Ganga Glory,HALDIA,23.9274,89.7192,13.18,323.34,26.35,3.5,4,272.59,20.2
V002,Bharat Star,PARADIP,22.4891,89.8065,8.41,25.62,16.99,2.92,1,408.62,39.55
V004,Steel Infinity,SMPK,24.0725,92.7197,10.32,21.14,19.86,2.15,4,482.0,39.97
V001,Ganga Glory,SMPK,22.049,94.9108,14.4,316.52,30.33,3.32,1,682.33,43.13
V006,Himalaya Dawn,VIZAG,19.4614,89.753,11.46,29.23,23.63,3.88,6,710.06,64.19
V007,Ocean Sapphire,VIZAG,15.07,88.5548,14.95,193.26,17.24,3.6,5,633.6,40.38
V003,Odisha Queen,VIZAG,18.1002,80.4052,9.79,6.26,10.25,3.78,9,307.59,31.94
V006,Himalaya Dawn,VIZAG,14.0003,79.8152,10.65,201.55,30.95,0.93,12,552.84,53.53
V005,Eastern Titan,HALDIA,22.7551,92.1339,12.91,316.29,19.94,0.33,12,426.97,29.96
V005,Eastern Titan,VIZAG,14.5258,85.5776,13.11,297.07,8.58,3.11,11,428.98,32.86
V007,Ocean Sapphire,SMPK,17.2311,92.5118,8.25,196.18,20.82,3.98,9,737.25,98.54
V005,Eastern Titan,PARADIP,24.0144,89.8756,10.03,46.57,3.03,1.08,10,530.17,42.3
V005,Eastern Titan,HALDIA,17.5137,86.2871,11.36,249.82,23.32,0.35,7,533.26,38.93
V003,Odisha Queen,PARADIP,17.0774,91.6943,11.82,11.92,16.76,1.41,0,644.61,38.58
V006,Himalaya Dawn,VIZAG,24.8769,82.392,12.7,256.99,24.75,2.93,12,804.41,71.72
V002,Bharat Star,VIZAG,19.925,85.0808,12.82,127.57,27.54,1.33,8,312.55,23.02
V006,Himalaya Dawn,HALDIA,18.7216,93.8613,14.01,120.8,20.94,2.58,2,706.57,42.39
V004,Steel Infinity,HALDIA,24.7194,83.5497,9.03,252.76,19.31,0.79,10,550.13,54.47
V003,Odisha Queen,PARADIP,15.1649,88.5989,12.46,329.65,33.36,3.28,8,610.3,54.55
V005,Eastern Titan,HALDIA,21.0658,91.3662,11.72,201.21,19.32,0.92,2,357.7,22.48
V004,Steel Infinity,VIZAG,16.568,85.9007,12.7,113.97,31.1,3.3,8,305.15,26.43
V007,Ocean Sapphire,HALDIA,15.2742,89.9025,9.32,328.71,12.7,0.26,11,773.7,68.79
V006,Himalaya Dawn,SMPK,21.0813,86.276,11.75,77.94,21.03,3.78,8,265.19,24.03
V003,Odisha Queen,PARADIP,20.6736,93.6936,12.02,114.55,10.4,2.94,9,737.74,58.9
V005,Eastern Titan,VIZAG,15.4903,82.8894,10.85,89.72,15.85,0.72,8,248.11,18.85
V007,Ocean Sapphire,SMPK,24.9418,93.0433,10.54,243.97,33.59,1.61,2,551.12,44.85
V006,Himalaya Dawn,VIZAG,12.7057,87.1593,13.0,121.36,2.31,0.45,12,693.05,41.87
V007,Ocean Sapphire,SMPK,20.713,87.882,8.42,168.84,29.57,4.13,10,208.78,29.78
V007,Ocean Sapphire,VIZAG,18.2344,85.3375,9.1,339.88,11.26,2.64,10,225.89,24.01
V004,Steel Infinity,VIZAG,14.9532,80.766,12.45,165.2,28.39,1.03,5,405.67,28.09
V007,Ocean Sapphire,HALDIA,19.577,84.1744,10.87,327.8,20.23,3.78,4,486.11,42.78
V007,Ocean Sapphire,VIZAG,15.874,78.194,10.01,102.71,16.21,0.44,9,577.84,47.81
V006,Himalaya Dawn,PARADIP,20.1237,79.6559,14.04,131.32,25.54,0.24,5,726.91,41.19
V001,Ganga Glory,VIZAG,15.5735,83.1234,12.33,170.6,13.98,4.34,3,235.94,17.74
V005,Eastern Titan,HALDIA,21.0564,83.2356,8.96,222.66,5.28,1.4,12,510.12,49.93
V006,Himalaya Dawn,HALDIA,26.3585,86.3486,13.09,48.65,5.74,1.57,2,513.73,27.31
V007,Ocean Sapphire,PARADIP,16.7961,83.3282,10.01,64.73,18.39,4.44,3,523.35,50.13
V001,Ganga Glory,HALDIA,23.5126,86.0425,14.12,246.94,29.02,3.43,0,265.91,16.63
V004,Steel Infinity,HALDIA,25.4924,89.3816,12.12,199.57,24.72,3.58,8,409.91,36.38
V002,Bharat Star,SMPK,22.7888,85.6952,14.71,174.53,27.56,1.55,11,268.57,18.78
V001,Ganga Glory,VIZAG,11.6509,83.0985,11.24,314.57,24.32,2.49,11,671.8,64.13
V002,Bharat Star,VIZAG,14.2635,84.2506,9.52,60.14,20.12,2.77,3,394.88,36.13
V005,Eastern Titan,VIZAG,14.2797,86.3718,10.22,301.32,27.41,0.24,6,502.98,40.73
V003,Odisha Queen,HALDIA,19.4314,82.575,10.68,96.86,25.08,3.04,0,638.37,50.24
V005,Eastern Titan,HALDIA,26.3045,86.4443,13.69,173.95,2.66,4.25,10,504.86,37.61
V004,Steel Infinity,HALDIA,22.0276,81.1528,11.54,244.9,9.67,4.18,9,711.97,64.13
V005,Eastern Titan,PARADIP,18.6416,93.5046,12.55,211.54,19.46,1.66,6,745.37,51.56
V006,Himalaya Dawn,PARADIP,23.9614,87.4446,12.13,161.72,5.44,0.63,7,413.72,24.93
V005,Eastern Titan,VIZAG,15.197,79.4344,14.68,351.0,6.58,4.01,10,494.99,34.75
V004,Steel Infinity,VIZAG,19.9286,82.5251,12.9,56.88,14.15,1.3,12,261.3,18.94
V007,Ocean Sapphire,PARADIP,16.0091,86.6356,10.52,346.93,22.16,2.58,9,479.35,46.28
V003,Odisha Queen,VIZAG,16.8997,79.6528,12.79,342.38,34.0,1.3,11,394.98,32.64
V006,Himalaya Dawn,HALDIA,27.5268,87.573,11.85,270.46,27.91,3.62,11,615.4,61.29
V004,Steel Infinity,HALDIA,17.379,93.1211,8.12,234.31,18.6,3.17,6,738.7,87.21
V001,Ganga Glory,HALDIA,20.5863,92.2581,14.65,299.84,22.28,2.78,1,462.82,26.39
V004,Steel Infinity,SMPK,24.6021,85.6789,13.1,169.28,18.48,1.11,7,351.3,22.72
V004,Steel Infinity,HALDIA,27.1643,83.015,9.67,204.64,24.57,0.89,8,767.06,70.99
V005,Eastern Titan,PARADIP,21.3727,91.0191,9.14,69.53,10.31,4.37,4,471.86,48.12
V003,Odisha Queen,SMPK,21.2879,92.2271,12.25,207.16,27.08,3.78,2,428.7,33.05
V007,Ocean Sapphire,SMPK,17.7836,92.2608,13.5,48.24,13.84,1.07,10,672.06,43.56
V006,Himalaya Dawn,HALDIA,27.3798,85.4552,11.31,150.71,25.4,3.85,10,652.45,66.44
V003,Odisha Queen,PARADIP,15.6739,89.8226,10.86,330.58,2.52,0.51,9,617.67,42.01
V004,Steel Infinity,PARADIP,18.0677,81.1219,11.08,337.72,25.68,0.37,2,629.28,42.11
V005,Eastern Titan,HALDIA,17.9199,90.9156,11.65,80.01,9.71,4.05,4,543.93,42.45
V002,Bharat Star,VIZAG,19.7185,87.8989,10.61,65.27,22.92,3.58,6,536.18,51.15
V006,Himalaya Dawn,PARADIP,17.0687,87.2848,9.4,13.9,14.72,3.28,2,368.24,33.1
V004,Steel Infinity,HALDIA,25.816,91.0529,14.75,212.14,6.76,1.9,10,521.16,31.22
V003,Odisha Queen,VIZAG,15.1899,82.4695,13.77,183.71,27.05,3.75,0,291.13,18.8
V002,Bharat Star,PARADIP,25.8724,84.7826,14.34,166.14,7.43,0.22,1,645.33,27.46
V002,Bharat Star,HALDIA,14.8752,89.2934,11.98,278.1,32.67,2.6,2,803.93,60.99
V003,Odisha Queen,SMPK,28.5219,88.5256,13.6,59.3,33.57,4.35,4,664.43,52.37
V001,Ganga Glory,VIZAG,13.8056,89.3528,14.36,215.01,25.0,3.06,7,780.21,55.3
V001,Ganga Glory,PARADIP,15.3301,82.7817,13.5,37.23,22.73,1.26,9,687.61,47.31
V003,Odisha Queen,VIZAG,22.8669,79.2574,8.79,358.56,7.83,1.56,0,712.2,54.07
V006,Himalaya Dawn,SMPK,24.2411,91.0236,13.88,30.91,14.71,1.49,8,335.57,21.01
V004,Steel Infinity,PARADIP,14.8037,83.7407,8.6,195.16,32.5,1.41,4,685.07,70.71
V006,Himalaya Dawn,HALDIA,18.8187,84.8109,11.82,2.88,33.85,3.85,7,490.43,46.76
V003,Odisha Queen,PARADIP,15.2834,87.2049,12.16,179.24,32.11,2.57,2,563.45,41.89
V007,Ocean Sapphire,PARADIP,22.4882,92.1677,14.74,50.71,27.77,1.07,4,622.8,35.43
V003,Odisha Queen,SMPK,20.6471,91.3677,11.31,346.94,8.67,3.58,0,381.24,26.32
V001,Ganga Glory,HALDIA,22.7387,82.4126,9.48,111.05,32.48,1.65,9,586.28,63.26
V004,Steel Infinity,HALDIA,22.6945,85.585,10.0,191.49,8.45,4.47,7,265.66,26.62
V003,Odisha Queen,SMPK,23.0007,91.8283,10.64,227.15,27.74,4.09,2,365.19,33.17
V003,Odisha Queen,SMPK,16.3641,87.1971,10.58,336.88,11.98,0.82,11,697.48,56.97
V005,Eastern Titan,VIZAG,14.724,86.1924,8.42,10.85,16.35,4.11,7,453.26,55.45
V001,Ganga Glory,HALDIA,21.1757,86.0865,8.08,2.49,31.32,3.62,2,224.14,26.62
V004,Steel Infinity,PARADIP,17.9591,87.071,9.43,169.97,21.72,3.68,1,266.76,24.97
V001,Ganga Glory,VIZAG,15.4614,82.2965,13.98,216.15,18.71,1.65,2,269.07,14.91
V002,Bharat Star,VIZAG,14.9099,82.5697,14.84,52.09,9.02,1.68,12,318.29,19.85
V001,Ganga Glory,SMPK,24.3142,91.62,12.87,358.87,5.4,1.27,12,391.41,26.41
V004,Steel Infinity,VIZAG,20.6991,82.7744,9.25,44.32,32.35,2.38,7,338.78,37.4
V002,Bharat Star,HALDIA,20.7223,93.9331,10.06,9.35,5.28,1.38,9,624.75,50.78
V007,Ocean Sapphire,HALDIA,18.7871,86.2146,13.28,239.97,17.2,2.37,11,406.7,31.03
V002,Bharat Star,VIZAG,13.6992,82.5955,11.99,218.6,32.91,0.29,1,449.77,28.36
V002,Bharat Star,PARADIP,25.5397,85.226,12.37,100.57,15.54,1.29,5,597.68,38.57
V001,Ganga Glory,SMPK,21.2231,90.9576,10.83,17.59,7.72,4.4,6,311.38,27.83
V007,Ocean Sapphire,VIZAG,21.5806,84.7824,9.43,284.01,5.01,2.48,3,460.32,37.33
V002,Bharat Star,VIZAG,21.4138,80.8851,9.5,73.99,28.35,3.36,0,484.15,44.6
V002,Bharat Star,SMPK,25.2006,87.9206,12.64,192.95,18.99,2.71,3,297.25,20.24
V002,Bharat Star,VIZAG,17.3262,81.3817,10.95,259.19,13.34,2.63,12,205.32,19.25
V002,Bharat Star,HALDIA,16.2474,86.1121,10.19,275.93,8.43,1.32,0,672.62,43.39
V001,Ganga Glory,VIZAG,19.1763,84.7366,11.51,293.03,14.19,1.14,7,225.66,16.1
V001,Ganga Glory,PARADIP,19.6489,80.7285,11.49,131.44,10.24,2.78,4,620.12,45.12
V004,Steel Infinity,VIZAG,18.1697,81.4573,9.74,240.33,11.24,1.87,12,200.07,19.62
V007,Ocean Sapphire,HALDIA,26.1002,92.6627,14.27,186.55,4.57,0.22,6,651.99,31.12
V005,Eastern Titan,VIZAG,23.0982,83.2155,13.36,119.0,9.03,0.21,10,601.4,35.14
V001,Ganga Glory,VIZAG,14.7419,86.1648,14.93,71.61,33.6,1.79,4,449.78,27.62
V001,Ganga Glory,PARADIP,17.6454,84.4009,13.13,198.17,31.64,2.38,11,378.0,32.16
V007,Ocean Sapphire,HALDIA,16.5493,84.8268,14.48,70.11,14.5,0.43,3,695.51,33.63
V001,Ganga Glory,SMPK,21.2143,86.6121,9.26,345.78,13.59,1.76,8,228.89,21.73
V002,Bharat Star,VIZAG,16.4979,84.9085,11.43,258.27,3.24,0.64,3,218.01,12.32
V005,Eastern Titan,SMPK,18.5553,85.5024,10.51,269.36,14.88,1.13,4,531.13,38.62
V001,Ganga Glory,PARADIP,17.56,90.4355,13.41,269.79,30.87,3.21,0,505.15,33.18
V001,Ganga Glory,HALDIA,17.7766,87.6656,8.49,209.72,8.05,3.41,1,472.53,44.06
V006,Himalaya Dawn,VIZAG,12.7551,84.4208,10.65,13.65,28.09,3.35,6,562.21,54.41
V004,Steel Infinity,HALDIA,18.7754,86.3032,13.17,239.43,11.47,3.51,2,403.58,25.73
V007,Ocean Sapphire,SMPK,18.6322,87.899,8.22,103.04,34.75,2.57,3,437.63,50.32
V001,Ganga Glory,VIZAG,17.7312,76.1606,13.11,118.03,30.51,3.3,6,754.09,59.99
V001,Ganga Glory,PARADIP,23.552,82.6029,13.76,282.5,3.91,3.26,1,548.41,30.29
V001,Ganga Glory,PARADIP,22.0128,84.8938,9.28,161.01,19.11,1.82,7,259.75,25.14
V006,Himalaya Dawn,SMPK,24.4913,83.5817,12.48,294.32,22.44,2.78,2,527.22,36.36
V004,Steel Infinity,PARADIP,16.064,84.0903,11.11,280.0,7.05,2.19,3,543.44,37.16
V001,Ganga Glory,SMPK,20.8853,82.754,10.56,40.54,31.91,3.45,7,602.02,62.05
V006,Himalaya Dawn,PARADIP,22.5752,87.4494,11.23,9.25,29.72,3.73,5,265.05,24.51
V004,Steel Infinity,VIZAG,21.0307,83.4149,10.37,307.67,24.91,3.37,7,371.74,37.2
V003,Odisha Queen,VIZAG,20.6622,78.2221,10.48,289.61,15.67,1.33,1,625.54,42.85
V004,Steel Infinity,SMPK,19.0287,90.0725,8.28,20.78,20.34,2.48,8,432.72,50.84
V007,Ocean Sapphire,SMPK,20.6673,87.5005,13.79,215.21,9.26,1.23,1,225.08,11.04
V005,Eastern Titan,SMPK,21.6126,86.6703,9.77,108.94,6.5,3.27,8,197.63,18.88
V006,Himalaya Dawn,HALDIA,22.4774,90.9621,8.92,297.15,9.97,2.08,0,303.17,24.03
V003,Odisha Queen,SMPK,21.9514,90.5123,8.81,266.02,2.78,0.79,4,237.21,18.04
V003,Odisha Queen,HALDIA,28.2134,90.9512,12.19,224.99,7.68,1.41,5,748.6,46.48
V004,Steel Infinity,PARADIP,23.4993,85.5569,10.84,2.78,13.29,0.39,10,370.14,28.13
V001,Ganga Glory,SMPK,21.337,92.236,11.67,323.75,10.71,3.73,5,427.75,33.73
V005,Eastern Titan,VIZAG,14.5823,83.2429,13.98,174.02,19.16,0.28,5,345.58,18.74
V004,Steel Infinity,PARADIP,20.491,84.4273,12.9,303.52,4.86,3.46,6,229.31,15.81
V005,Eastern Titan,PARADIP,19.1682,92.0459,9.66,200.44,20.66,4.42,3,582.09,58.52
V001,Ganga Glory,PARADIP,14.7899,89.8161,13.23,136.95,20.2,2.8,4,702.02,47.61
V004,Steel Infinity,PARADIP,21.3363,84.9504,9.22,178.0,23.31,1.61,1,207.07,17.43
V001,Ganga Glory,PARADIP,15.5456,82.7032,11.08,249.15,5.29,1.26,9,673.36,49.2
V001,Ganga Glory,PARADIP,20.7255,83.5521,10.8,117.71,25.01,1.54,7,322.64,27.44
V004,Steel Infinity,HALDIA,29.2076,87.6669,11.13,285.58,25.07,2.99,0,801.3,60.33
V002,Bharat Star,VIZAG,11.5415,83.9976,9.87,114.72,3.3,1.01,9,688.02,54.27
V007,Ocean Sapphire,VIZAG,13.0065,86.8008,12.61,318.19,32.93,0.35,5,643.15,43.25
V005,Eastern Titan,SMPK,17.2037,90.373,12.71,150.21,20.31,3.78,5,632.73,48.93
V002,Bharat Star,HALDIA,23.0952,84.8139,8.11,322.14,24.4,3.86,6,354.5,45.44
V003,Odisha Queen,PARADIP,23.5736,82.8122,11.24,294.38,8.88,4.11,0,533.9,38.52
V003,Odisha Queen,SMPK,22.0124,90.5593,11.18,274.74,33.22,3.34,6,240.03,22.81
V004,Steel Infinity,HALDIA,20.6921,91.4208,11.6,34.94,2.93,3.14,5,377.63,27.19
V003,Odisha Queen,SMPK,28.484,85.655,13.32,91.43,11.68,2.96,9,711.13,51.78
V004,Steel Infinity,HALDIA,26.2459,83.1337,11.78,89.71,2.02,0.87,12,686.71,47.47
V004,Steel Infinity,HALDIA,16.8876,84.9611,11.43,135.83,7.29,3.02,7,655.67,51.58
V001,Ganga Glory,SMPK,26.3597,88.6788,11.54,151.63,11.28,3.21,7,425.35,34.57
V004,Steel Infinity,SMPK,26.545,83.0933,8.2,227.29,27.99,3.26,1,688.8,75.09
V005,Eastern Titan,SMPK,23.2276,84.9507,11.65,263.56,31.92,3.76,12,351.27,37.57
V007,Ocean Sapphire,SMPK,19.9827,84.2437,8.33,305.95,8.85,4.17,10,508.05,64.53
V001,Ganga Glory,PARADIP,14.5222,86.54,9.03,300.04,6.24,1.06,12,644.74,61.34
V007,Ocean Sapphire,PARADIP,16.6618,92.3681,9.45,19.9,13.36,0.66,5,729.87,57.6
V004,Steel Infinity,HALDIA,26.8499,83.711,9.34,270.57,11.82,2.73,3,695.19,60.99
V006,Himalaya Dawn,PARADIP,16.7152,89.1644,13.64,331.66,4.29,3.09,12,482.3,35.14
V004,Steel Infinity,HALDIA,18.8401,85.8986,14.09,72.6,5.39,2.18,2,418.27,21.64
V003,Odisha Queen,PARADIP,16.1602,90.4207,9.34,277.79,26.77,3.08,7,612.34,67.58
V001,Ganga Glory,HALDIA,19.0497,83.0481,12.24,67.36,28.86,4.49,12,616.95,64.37
V006,Himalaya Dawn,PARADIP,22.2482,93.0978,11.32,271.4,25.2,1.19,12,704.5,62.74
V004,Steel Infinity,PARADIP,22.8163,82.2733,9.15,18.45,23.37,0.94,4,528.23,46.39
V006,Himalaya Dawn,HALDIA,19.1767,93.2808,10.14,107.52,27.44,3.94,2,628.06,59.21
V004,Steel Infinity,PARADIP,18.3219,89.5136,12.26,136.23,10.37,0.99,0,376.22,19.96
V004,Steel Infinity,HALDIA,17.9826,84.9536,8.42,280.64,11.4,4.46,6,553.03,65.34
V001,Ganga Glory,VIZAG,21.6864,82.7856,9.76,9.35,24.99,0.41,0,447.38,31.98
V006,Himalaya Dawn,SMPK,19.1024,90.1884,11.13,310.12,20.48,1.0,0,430.65,27.29
V005,Eastern Titan,HALDIA,26.4991,92.445,13.85,118.02,7.29,2.78,11,668.29,46.88
V001,Ganga Glory,PARADIP,17.2491,81.8658,10.64,68.87,25.97,1.26,5,605.8,49.04
V005,Eastern Titan,PARADIP,22.9204,88.1091,14.07,22.85,28.2,4.46,2,327.56,23.06
V002,Bharat Star,HALDIA,26.6735,83.7707,9.39,135.21,25.0,1.77,8,676.43,68.9
V004,Steel Infinity,SMPK,17.6032,88.1966,8.27,205.5,20.33,2.35,10,550.16,67.21
V007,Ocean Sapphire,VIZAG,15.7679,80.771,8.47,18.34,31.76,1.01,1,342.13,31.9
V005,Eastern Titan,VIZAG,22.6899,81.3921,12.43,40.64,10.72,4.34,10,589.81,51.38
V004,Steel Infinity,SMPK,22.0291,84.4795,13.12,141.2,25.57,2.71,10,397.3,32.49
V005,Eastern Titan,HALDIA,28.7491,87.3474,12.33,185.71,31.44,4.34,12,752.76,78.45
V003,Odisha Queen,SMPK,20.1378,86.632,14.43,289.81,18.25,1.54,3,319.03,17.4
V002,Bharat Star,SMPK,20.6474,83.4204,9.6,259.74,25.76,0.74,7,547.01,49.63
V004,Steel Infinity,PARADIP,21.3975,88.2618,9.34,323.64,2.41,4.09,3,208.46,18.85
V005,Eastern Titan,SMPK,20.0954,92.7312,12.75,67.1,26.38,0.46,9,533.96,37.65
V001,Ganga Glory,SMPK,24.5856,87.0416,9.15,125.94,19.73,0.68,6,260.16,22.95
V001,Ganga Glory,HALDIA,25.0887,87.8532,10.44,41.82,9.14,2.32,1,342.98,24.21
V002,Bharat Star,HALDIA,25.8584,87.0425,9.33,307.8,3.44,3.1,10,440.24,44.56
V004,Steel Infinity,HALDIA,22.1863,94.9749,9.28,12.06,10.32,2.25,12,712.63,74.97
V003,Odisha Queen,VIZAG,15.5278,81.7389,11.0,40.32,3.6,2.62,5,291.14,21.36
V004,Steel Infinity,HALDIA,20.1966,82.811,12.74,166.12,28.12,3.61,1,580.6,41.66
V004,Steel Infinity,PARADIP,22.0611,87.9784,8.01,114.93,11.27,0.44,6,239.4,22.06
V003,Odisha Queen,SMPK,27.6583,92.1127,12.36,229.49,9.61,0.24,9,685.46,42.64
V001,Ganga Glory,HALDIA,14.8283,88.7121,10.7,30.94,6.01,3.2,9,801.52,70.96
V001,Ganga Glory,PARADIP,24.4307,86.6601,9.48,85.3,24.95,4.44,2,457.1,46.79
V002,Bharat Star,PARADIP,26.1983,82.6158,13.04,52.56,2.81,2.28,3,770.93,43.75
V001,Ganga Glory,HALDIA,24.117,86.0481,8.37,66.05,31.92,2.16,3,311.85,33.7
V007,Ocean Sapphire,HALDIA,18.3971,88.0014,12.46,65.61,13.57,4.41,12,401.78,37.37
V003,Odisha Queen,PARADIP,19.2688,89.3859,14.59,194.53,14.55,3.44,12,312.09,23.43
V003,Odisha Queen,HALDIA,16.8716,90.6052,14.02,354.36,28.8,4.25,10,630.57,54.14
V004,Steel Infinity,HALDIA,24.4685,89.7627,14.73,7.86,26.61,2.23,6,324.02,20.89
V004,Steel Infinity,HALDIA,26.1517,89.9645,10.43,108.35,11.17,1.12,3,499.45,34.52
V004,Steel Infinity,VIZAG,18.7948,78.9816,12.31,181.13,2.78,1.66,3,470.24,26.87
V005,Eastern Titan,HALDIA,18.7758,92.931,9.79,162.11,20.38,3.26,3,622.06,57.26
V007,Ocean Sapphire,SMPK,16.4555,84.4977,12.9,184.66,9.96,0.66,10,786.04,49.93
V002,Bharat Star,SMPK,27.7217,89.3772,9.79,79.06,7.13,2.02,5,585.19,47.33
V007,Ocean Sapphire,VIZAG,14.9521,86.7455,13.9,318.8,28.38,3.52,0,478.97,30.47
V003,Odisha Queen,VIZAG,15.2353,85.701,12.37,76.84,28.61,2.51,10,375.68,32.8
V002,Bharat Star,HALDIA,18.6883,88.7862,13.2,304.19,16.92,0.4,10,377.04,24.27
V001,Ganga Glory,VIZAG,14.511,86.0946,9.42,49.41,6.99,3.36,3,464.05,40.8
V003,Odisha Queen,PARADIP,18.5239,87.8097,11.05,321.81,8.88,4.0,6,235.48,20.23
V006,Himalaya Dawn,SMPK,21.8516,93.5091,13.24,354.6,13.15,2.69,4,541.85,34.69
V005,Eastern Titan,PARADIP,16.705,85.5815,13.31,71.81,8.35,0.62,4,416.61,21.7
V002,Bharat Star,SMPK,19.8557,87.6856,14.61,245.04,33.44,1.13,12,306.29,22.31
V001,Ganga Glory,VIZAG,17.4791,80.3168,11.99,120.98,12.64,2.13,1,314.97,19.59
V004,Steel Infinity,SMPK,22.7591,83.5911,14.53,119.3,21.33,0.66,9,483.75,29.24
V001,Ganga Glory,VIZAG,23.7771,81.8084,10.66,10.16,15.34,1.96,1,693.92,48.92
V006,Himalaya Dawn,PARADIP,14.7794,86.8597,12.27,180.49,27.83,3.57,11,616.61,59.07
V007,Ocean Sapphire,VIZAG,17.1627,77.9068,13.15,195.11,20.56,2.9,10,573.04,45.78
V001,Ganga Glory,SMPK,21.2934,86.3148,10.68,42.3,13.53,1.75,0,247.91,16.44
V001,Ganga Glory,PARADIP,15.0038,81.8563,13.03,3.98,18.71,3.84,4,777.14,56.71
V001,Ganga Glory,HALDIA,17.7048,90.384,12.4,131.02,9.33,2.31,1,536.84,31.93
V007,Ocean Sapphire,HALDIA,18.4026,83.2976,9.87,15.4,8.35,4.48,0,638.55,53.57
V005,Eastern Titan,VIZAG,18.8545,79.1037,13.24,224.01,6.92,1.41,5,459.56,26.12
V002,Bharat Star,PARADIP,18.536,81.4919,10.08,191.47,6.08,3.38,4,573.13,48.13
V005,Eastern Titan,VIZAG,19.8396,88.0648,13.93,76.46,22.35,2.71,2,557.55,34.27
V004,Steel Infinity,PARADIP,19.49,92.3155,9.97,275.66,20.5,4.17,6,602.55,62.52
V002,Bharat Star,VIZAG,22.3095,81.9284,12.01,323.73,12.41,0.69,1,532.71,29.45
V006,Himalaya Dawn,VIZAG,15.2001,82.4604,14.15,87.87,5.95,2.32,8,290.33,17.76
V002,Bharat Star,HALDIA,19.1026,83.6063,12.76,96.6,13.12,4.16,1,565.2,38.15
V002,Bharat Star,PARADIP,20.997,91.2491,11.18,313.45,14.28,3.44,1,487.47,36.09
V003,Odisha Queen,VIZAG,17.0299,87.4343,11.94,130.11,18.34,3.89,12,446.95,43.28
V001,Ganga Glory,PARADIP,21.0993,89.3943,8.06,274.51,22.57,1.49,6,301.28,32.79
V006,Himalaya Dawn,HALDIA,22.4304,82.1897,8.19,332.53,33.94,4.3,3,606.04,77.16
V007,Ocean Sapphire,PARADIP,15.5473,86.1477,14.68,331.24,7.59,3.25,3,533.05,29.96
V002,Bharat Star,PARADIP,19.2619,84.3552,9.18,41.86,11.59,4.08,10,264.55,30.85
V002,Bharat Star,HALDIA,19.7744,83.145,10.56,302.8,11.18,3.17,1,567.83,42.77
V006,Himalaya Dawn,SMPK,25.4747,82.1229,12.52,310.75,33.94,3.91,2,706.55,55.96
V005,Eastern Titan,VIZAG,11.9676,85.8693,14.4,115.09,30.42,0.38,4,694.46,39.19
V003,Odisha Queen,SMPK,28.2266,89.0497,10.97,351.84,13.24,0.48,2,635.68,39.18
V003,Odisha Queen,SMPK,17.3543,85.5497,14.31,348.7,12.52,0.42,8,645.24,35.28
V005,Eastern Titan,VIZAG,14.7529,77.5674,10.28,227.93,12.09,1.99,7,691.77,58.09
V006,Himalaya Dawn,PARADIP,16.1789,91.5187,8.84,193.62,19.9,2.45,11,692.44,81.33
V005,Eastern Titan,HALDIA,26.6656,91.4459,9.49,142.92,25.19,1.86,10,620.93,66.09
V002,Bharat Star,VIZAG,18.612,85.7116,13.31,215.54,29.66,2.74,9,276.62,22.41
V006,Himalaya Dawn,HALDIA,20.4614,86.4039,13.34,218.76,10.81,2.31,6,243.13,15.57
V001,Ganga Glory,SMPK,23.1661,84.1099,11.76,330.17,6.7,0.25,10,434.74,28.36
V001,Ganga Glory,PARADIP,21.7513,83.1316,11.03,130.02,34.44,1.34,5,395.46,32.95
V003,Odisha Queen,VIZAG,12.4886,86.5925,13.07,271.31,20.93,1.21,12,678.88,50.8
V007,Ocean Sapphire,SMPK,27.1326,83.4302,10.39,223.84,24.29,2.46,10,707.74,71.28
V006,Himalaya Dawn,VIZAG,14.7236,83.2771,14.23,205.52,12.63,1.45,11,329.85,21.18
V006,Himalaya Dawn,PARADIP,21.5435,92.1309,10.11,69.57,18.51,4.29,4,588.24,56.85
V005,Eastern Titan,SMPK,22.8044,92.3251,14.88,298.44,33.17,2.32,3,413.92,25.63
V006,Himalaya Dawn,PARADIP,23.5219,82.6,8.11,312.03,6.23,1.55,7,546.49,53.66
V004,Steel Infinity,HALDIA,21.1217,91.0792,9.97,165.51,30.7,1.97,12,327.46,36.31
V007,Ocean Sapphire,PARADIP,16.6481,86.9132,8.51,153.56,27.73,1.9,8,409.47,47.31
V006,Himalaya Dawn,HALDIA,19.8556,88.3835,10.19,59.0,15.66,0.55,1,241.9,16.01
V001,Ganga Glory,PARADIP,23.6539,83.9137,10.34,0.98,11.32,2.69,12,463.96,45.58
V006,Himalaya Dawn,PARADIP,25.635,82.465,11.77,112.49,16.75,1.38,9,728.01,55.42
V001,Ganga Glory,HALDIA,20.6161,82.8639,14.59,125.99,33.81,1.05,4,560.09,33.54
V006,Himalaya Dawn,VIZAG,18.6677,86.0436,12.06,173.29,24.32,2.25,7,311.54,24.81
V004,Steel Infinity,PARADIP,19.9883,90.5527,11.2,187.45,10.92,1.44,12,412.16,33.9
V006,Himalaya Dawn,VIZAG,14.1952,78.4426,10.34,313.5,23.77,2.53,5,646.84,57.95
V001,Ganga Glory,SMPK,22.5335,91.0622,9.83,254.68,2.37,2.3,0,283.68,19.56
V003,Odisha Queen,SMPK,28.5358,86.5347,13.41,107.66,23.48,1.59,0,688.72,38.68
V005,Eastern Titan,PARADIP,24.7098,88.7265,14.95,165.52,25.89,1.59,7,533.9,33.12
V006,Himalaya Dawn,HALDIA,20.5109,86.1321,8.59,263.05,10.85,0.57,9,260.18,24.24
V001,Ganga Glory,HALDIA,23.6543,90.4666,9.29,343.47,8.36,1.22,9,307.0,27.35
V004,Steel Infinity,HALDIA,24.4339,90.6495,10.1,132.89,16.21,3.78,0,377.69,31.14
V005,Eastern Titan,VIZAG,19.7459,80.9553,12.29,13.47,5.35,3.59,0,334.95,20.8
V003,Odisha Queen,PARADIP,16.6211,88.5036,11.7,89.69,26.66,3.7,4,456.74,38.67
V002,Bharat Star,SMPK,21.233,90.142,14.55,5.16,17.0,2.26,4,239.92,13.94
V007,Ocean Sapphire,HALDIA,15.3585,89.9822,13.34,87.0,23.31,0.24,2,766.79,41.41
V006,Himalaya Dawn,SMPK,19.5774,94.0612,13.88,140.74,15.11,2.26,5,682.99,42.13
V003,Odisha Queen,PARADIP,17.642,89.7945,8.52,30.37,3.34,3.12,1,447.29,39.33
V001,Ganga Glory,HALDIA,23.6487,91.8924,9.3,315.94,10.97,0.85,5,432.94,34.56
V006,Himalaya Dawn,SMPK,23.1785,81.761,12.19,216.57,23.12,1.25,2,673.55,42.93
V002,Bharat Star,HALDIA,20.165,93.4898,8.15,17.58,4.12,3.72,2,599.47,59.57
V005,Eastern Titan,SMPK,17.2054,86.6292,10.13,50.21,34.62,2.44,10,619.41,68.33
V001,Ganga Glory,SMPK,18.9952,83.2382,10.88,298.67,11.74,0.38,5,658.06,43.43
V002,Bharat Star,PARADIP,25.169,88.9869,12.05,345.54,34.82,0.68,6,591.25,44.33
V003,Odisha Queen,HALDIA,26.5971,84.3127,12.13,163.09,14.38,3.15,3,635.81,45.05
V004,Steel Infinity,PARADIP,13.2785,88.5351,8.62,71.68,31.77,1.56,6,809.04,88.24
V003,Odisha Queen,HALDIA,21.6848,82.5491,13.4,247.62,20.63,2.03,7,569.89,39.2
V005,Eastern Titan,SMPK,20.164,82.3641,11.08,21.21,26.49,0.35,12,669.43,57.72
V007,Ocean Sapphire,PARADIP,24.9009,83.8935,14.22,41.18,24.55,1.33,10,581.14,39.58
V006,Himalaya Dawn,SMPK,20.714,90.5986,12.07,187.91,27.51,2.9,4,313.24,24.59
V001,Ganga Glory,VIZAG,18.3743,87.1094,8.06,34.42,23.41,0.68,8,411.97,44.6
V002,Bharat Star,PARADIP,16.3057,85.7431,10.48,353.22,5.29,2.67,10,455.86,40.33
V005,Eastern Titan,HALDIA,21.2887,90.4258,11.61,297.15,30.05,0.37,10,257.32,20.83
V002,Bharat Star,PARADIP,22.7768,87.1008,12.77,253.0,11.43,0.72,0,277.67,13.95
V007,Ocean Sapphire,PARADIP,15.8293,87.4889,12.55,210.09,15.92,1.21,10,507.71,36.39
V001,Ganga Glory,HALDIA,21.2803,91.6778,11.85,15.89,15.04,2.62,12,382.61,33.53
V001,Ganga Glory,SMPK,20.0813,90.7919,10.99,171.9,20.05,3.94,4,376.78,33.09
V007,Ocean Sapphire,PARADIP,24.0971,91.1697,8.17,258.25,21.34,2.16,12,628.99,80.92
V002,Bharat Star,SMPK,25.6094,89.3537,9.62,8.06,25.88,0.86,12,356.61,36.64
V002,Bharat Star,PARADIP,15.8643,90.6264,12.49,244.67,7.75,3.27,7,651.67,47.93
V006,Himalaya Dawn,SMPK,20.2301,93.0007,14.66,111.84,14.27,0.92,8,550.77,31.1
V001,Ganga Glory,PARADIP,23.918,89.4571,11.82,20.72,23.57,1.27,4,495.41,34.58
V004,Steel Infinity,VIZAG,24.2687,82.1689,11.26,187.04,25.74,3.12,2,740.54,59.13
V007,Ocean Sapphire,PARADIP,22.6366,88.6246,11.93,137.67,18.29,4.38,10,330.71,31.57
V001,Ganga Glory,SMPK,23.3481,86.5808,9.49,211.79,6.83,0.43,12,197.13,16.97
V002,Bharat Star,SMPK,24.1199,87.0781,11.39,309.93,34.5,3.32,8,214.56,21.17
V001,Ganga Glory,HALDIA,20.8376,84.8528,10.83,229.08,17.31,3.94,12,356.65,37.94
V001,Ganga Glory,PARADIP,19.1455,80.5706,10.13,279.13,17.44,3.37,11,646.44,69.34
V001,Ganga Glory,VIZAG,13.7535,81.4312,12.16,318.66,24.88,4.23,6,480.36,42.12
V002,Bharat Star,HALDIA,17.5433,91.4032,10.52,219.18,13.32,1.29,1,607.43,40.59
V006,Himalaya Dawn,HALDIA,20.071,88.2257,12.96,56.94,34.0,1.04,10,216.29,16.93
V006,Himalaya Dawn,HALDIA,15.0675,88.605,12.28,291.53,5.32,1.39,12,774.1,55.24
V001,Ganga Glory,VIZAG,13.5701,84.7805,14.1,298.84,30.23,0.35,9,485.46,31.6
V002,Bharat Star,PARADIP,19.8688,84.7041,8.33,264.89,16.24,3.2,3,206.27,21.63
V004,Steel Infinity,PARADIP,22.1529,90.0483,13.72,337.88,14.76,3.18,12,409.6,32.16
V003,Odisha Queen,SMPK,23.5689,93.6505,11.22,250.14,16.74,3.46,1,558.97,41.97
V006,Himalaya Dawn,VIZAG,18.5982,80.6108,14.3,350.82,11.97,0.82,11,299.58,18.1
V002,Bharat Star,VIZAG,13.3779,84.812,14.86,133.17,28.9,3.51,2,506.78,32.05
V003,Odisha Queen,HALDIA,20.7778,82.7511,12.2,188.63,4.54,1.28,12,566.42,40.05
V005,Eastern Titan,SMPK,20.3055,84.4164,10.56,268.44,7.47,3.3,3,473.12,37.07
V004,Steel Infinity,PARADIP,18.9352,79.8195,14.36,122.16,28.45,4.39,5,728.63,54.35
V001,Ganga Glory,PARADIP,18.564,92.4622,12.75,333.5,15.77,1.92,1,642.88,37.88
V002,Bharat Star,PARADIP,20.4263,83.8862,9.79,294.22,2.19,4.14,0,285.21,22.61
V005,Eastern Titan,PARADIP,17.9235,85.0146,13.69,313.18,10.93,4.0,1,315.36,19.36
V005,Eastern Titan,VIZAG,21.1507,88.7361,14.84,286.21,12.18,1.1,4,689.42,34.64
V005,Eastern Titan,PARADIP,22.6003,92.9751,12.33,255.53,28.79,2.68,0,704.75,48.06
V005,Eastern Titan,HALDIA,24.2698,90.6192,13.0,120.94,5.9,2.34,12,362.77,26.53
V004,Steel Infinity,PARADIP,15.5004,86.4774,14.45,83.8,15.24,4.19,12,536.12,42.85
V007,Ocean Sapphire,SMPK,18.4078,92.9255,13.36,60.58,19.01,2.77,7,666.44,47.88
V003,Odisha Queen,PARADIP,19.0105,89.6209,8.9,274.19,26.4,0.83,1,346.31,29.18
V001,Ganga Glory,VIZAG,13.942,78.2563,14.25,66.58,20.55,3.22,10,680.0,51.22
V001,Ganga Glory,PARADIP,24.9588,90.589,8.61,169.52,19.49,1.01,0,657.14,53.48
V002,Bharat Star,HALDIA,25.9702,88.4009,14.07,95.47,28.37,3.01,8,441.71,33.34
V002,Bharat Star,SMPK,25.4027,88.6621,9.4,353.69,34.15,1.86,3,319.33,30.57
V002,Bharat Star,SMPK,25.6918,90.7796,9.07,325.74,10.05,0.99,10,430.51,40.01
V002,Bharat Star,SMPK,18.5031,91.193,9.18,302.84,20.17,1.06,2,541.48,44.19
V005,Eastern Titan,VIZAG,20.4098,83.7346,9.65,120.62,32.08,1.29,5,306.18,28.59
V006,Himalaya Dawn,VIZAG,21.2407,78.7069,13.56,155.67,7.46,0.44,2,620.99,29.36
V007,Ocean Sapphire,SMPK,24.8043,89.0438,12.93,353.45,27.8,4.36,10,261.85,24.39
V004,Steel Infinity,SMPK,18.4701,91.645,13.92,350.89,26.02,0.7,11,571.92,39.29
V004,Steel Infinity,SMPK,20.2648,86.3231,12.16,223.23,23.35,3.97,0,326.26,23.65
V001,Ganga Glory,VIZAG,16.355,76.5012,14.82,41.36,6.8,3.87,5,735.82,44.92
V003,Odisha Queen,HALDIA,25.645,87.0823,10.35,81.57,30.07,0.39,2,416.24,30.86
V006,Himalaya Dawn,VIZAG,15.3759,83.3162,10.13,176.67,32.5,0.65,1,257.34,19.66
V001,Ganga Glory,SMPK,27.1376,91.9567,12.06,344.2,19.18,1.22,5,629.48,42.64
V005,Eastern Titan,VIZAG,18.6021,78.3145,12.2,303.12,31.54,2.58,8,534.36,46.19
V007,Ocean Sapphire,VIZAG,15.6783,87.3079,9.46,18.31,17.32,0.81,2,483.8,36.76
V007,Ocean Sapphire,VIZAG,11.0625,83.7978,8.71,10.5,3.16,1.94,3,739.05,61.25
V002,Bharat Star,PARADIP,24.437,87.4789,10.91,105.6,6.73,0.56,8,466.23,32.17
V007,Ocean Sapphire,PARADIP,14.9179,83.5566,14.97,43.65,14.49,0.49,5,682.73,33.85
V004,Steel Infinity,HALDIA,18.5109,92.6793,14.54,8.66,6.98,1.96,12,619.24,39.65
V004,Steel Infinity,VIZAG,14.0667,80.5824,12.9,74.77,26.81,2.66,6,495.5,37.58
V003,Odisha Queen,SMPK,17.4738,89.7064,12.77,282.71,11.66,3.84,3,583.25,40.37
V005,Eastern Titan,VIZAG,15.0561,86.9811,8.51,262.96,32.61,3.16,9,491.57,65.11
V007,Ocean Sapphire,SMPK,20.3143,93.2154,12.33,97.28,24.09,1.23,5,566.2,38.93
V003,Odisha Queen,SMPK,21.7219,93.4564,11.41,245.43,13.04,0.37,3,539.0,32.5
V006,Himalaya Dawn,VIZAG,20.5333,80.876,11.8,216.46,14.27,0.68,12,404.64,30.52
V001,Ganga Glory,VIZAG,20.6877,84.5903,13.14,176.81,2.65,4.11,11,360.6,28.37
V005,Eastern Titan,SMPK,24.8617,88.2255,12.63,268.78,27.03,3.04,12,257.17,23.56
V001,Ganga Glory,SMPK,21.6242,84.7019,10.83,107.89,10.39,0.37,2,384.74,23.21
V006,Himalaya Dawn,HALDIA,24.2672,89.1381,13.48,284.61,3.7,0.24,10,274.13,15.17
V002,Bharat Star,HALDIA,18.8845,88.5045,8.34,242.59,9.61,0.44,5,350.61,29.8
V002,Bharat Star,VIZAG,20.008,80.2837,14.69,227.61,34.35,2.44,4,407.23,26.65
V001,Ganga Glory,HALDIA,19.9732,89.0601,13.94,298.57,25.06,2.91,7,249.14,18.02
V006,Himalaya Dawn,HALDIA,17.0774,92.4936,11.89,192.85,29.15,2.6,3,718.66,55.27
V005,Eastern Titan,HALDIA,18.2524,87.4083,9.53,269.3,28.76,1.6,0,423.33,34.75
V001,Ganga Glory,SMPK,23.1839,91.6934,9.08,84.37,8.53,0.75,10,354.74,31.86
V003,Odisha Queen,PARADIP,25.0422,86.121,11.3,140.36,34.95,1.46,12,527.57,51.32
V002,Bharat Star,VIZAG,21.4104,84.4636,10.92,149.54,14.4,1.36,11,431.87,36.38
V007,Ocean Sapphire,PARADIP,22.0147,85.6843,10.88,8.67,26.33,0.52,11,211.95,18.42
V007,Ocean Sapphire,HALDIA,21.0501,86.2179,11.92,333.07,11.32,4.29,5,218.39,17.56
V003,Odisha Queen,SMPK,21.8067,85.3901,8.07,120.32,18.4,3.61,5,310.81,36.99
V006,Himalaya Dawn,HALDIA,26.4512,82.9538,10.41,102.83,18.9,4.29,1,715.34,61.9
V001,Ganga Glory,VIZAG,12.2628,80.8884,10.25,236.87,30.26,2.94,9,655.84,70.13
V007,Ocean Sapphire,HALDIA,20.3283,85.9757,9.26,185.39,16.44,2.93,0,285.78,24.32
V001,Ganga Glory,VIZAG,13.1174,77.8953,13.91,161.7,13.77,3.71,2,769.09,47.79
V003,Odisha Queen,SMPK,20.4644,89.7726,12.99,237.02,32.39,1.87,1,277.46,17.97
V007,Ocean Sapphire,VIZAG,20.7119,88.1104,13.52,171.51,26.6,0.69,10,608.36,42.22
V001,Ganga Glory,VIZAG,15.741,81.5367,8.85,306.59,20.27,4.32,8,285.36,35.33
V002,Bharat Star,VIZAG,16.7689,87.8304,8.71,274.29,34.17,3.02,0,493.99,50.41
V007,Ocean Sapphire,SMPK,24.4777,87.8376,10.21,91.34,25.47,0.6,12,219.47,20.77
V006,Himalaya Dawn,HALDIA,25.6178,88.9651,14.34,184.74,14.25,2.55,2,411.59,22.99
V003,Odisha Queen,PARADIP,17.7472,83.8422,12.88,248.11,12.94,2.0,10,408.75,29.65
V001,Ganga Glory,HALDIA,21.1543,90.3393,8.96,296.45,8.46,4.07,4,254.15,25.62
V007,Ocean Sapphire,PARADIP,17.3891,80.4754,12.82,348.03,10.45,2.77,12,723.96,57.36
V001,Ganga Glory,HALDIA,24.0611,89.5841,12.48,149.73,12.32,3.09,11,276.28,22.79
V004,Steel Infinity,HALDIA,25.0213,90.1923,8.87,307.32,25.57,1.27,4,399.21,37.67
V002,Bharat Star,PARADIP,17.978,88.0234,12.38,94.33,5.97,1.5,4,299.24,17.7
V006,Himalaya Dawn,PARADIP,23.3627,82.7047,11.82,129.07,30.47,0.39,5,526.98,37.25
V007,Ocean Sapphire,SMPK,27.0683,86.2004,14.17,142.04,7.51,4.21,7,545.24,37.64
V007,Ocean Sapphire,VIZAG,14.1757,80.2547,9.42,89.47,19.93,0.76,4,507.25,41.57
V001,Ganga Glory,HALDIA,19.8883,88.8218,13.02,86.35,28.55,4.19,3,248.83,19.19
V005,Eastern Titan,HALDIA,25.8923,87.5718,11.71,235.87,3.17,0.97,8,434.53,28.08
V001,Ganga Glory,SMPK,28.28,92.476,12.19,331.5,23.15,0.88,1,762.63,45.98
V006,Himalaya Dawn,HALDIA,19.7874,89.774,9.12,94.49,25.6,1.8,1,304.59,26.7
V003,Odisha Queen,SMPK,19.6043,85.4226,12.51,181.81,18.78,1.22,4,443.15,28.08
V003,Odisha Queen,PARADIP,17.9928,85.458,10.4,58.73,7.86,2.51,6,286.11,23.33
V007,Ocean Sapphire,PARADIP,15.4759,91.3264,10.67,203.6,9.28,3.84,12,733.44,74.64
V006,Himalaya Dawn,HALDIA,24.7981,83.0864,12.68,223.66,29.28,2.48,11,594.64,51.93
V007,Ocean Sapphire,HALDIA,24.9143,84.4596,9.02,134.52,31.95,0.92,3,488.99,45.1
V005,Eastern Titan,VIZAG,20.503,81.6234,14.32,86.73,24.48,0.78,0,357.95,17.87
V002,Bharat Star,VIZAG,14.7994,83.6599,10.55,215.97,3.21,3.68,9,323.97,29.52
V007,Ocean Sapphire,SMPK,22.5068,90.8273,10.25,159.86,23.29,2.8,3,259.62,22.58
V003,Odisha Queen,SMPK,23.2267,86.5484,14.2,210.3,12.98,3.22,7,194.57,13.01
V006,Himalaya Dawn,PARADIP,17.0511,86.218,14.17,143.62,10.37,0.9,10,365.94,21.67
V002,Bharat Star,PARADIP,19.8462,81.7848,9.57,267.46,5.76,2.03,12,507.68,49.17
V001,Ganga Glory,VIZAG,15.2145,89.5684,13.41,233.95,22.32,2.97,4,724.82,49.75
V005,Eastern Titan,PARADIP,16.4019,87.2626,11.58,325.85,7.81,0.41,12,440.91,31.34
V002,Bharat Star,PARADIP,24.2164,88.0214,13.46,352.61,3.96,3.21,5,456.61,28.69
V004,Steel Infinity,SMPK,22.952,90.6116,10.16,20.24,22.81,0.21,12,241.21,21.81
V005,Eastern Titan,HALDIA,26.3176,82.6601,8.35,203.88,33.87,3.19,9,727.51,99.14
V005,Eastern Titan,VIZAG,13.4676,87.0171,9.67,198.24,28.14,1.34,2,616.9,51.74
V006,Himalaya Dawn,PARADIP,20.5725,91.1704,12.67,292.5,18.62,1.46,6,474.92,31.85
V004,Steel Infinity,VIZAG,22.8043,83.2522,14.92,249.36,12.89,3.22,8,568.7,37.06
V003,Odisha Queen,HALDIA,19.0552,93.1977,14.65,46.58,13.14,2.79,4,627.73,36.58
V004,Steel Infinity,HALDIA,25.375,87.3667,13.26,127.34,3.1,0.21,0,380.77,16.34
V006,Himalaya Dawn,SMPK,16.2309,90.0012,14.11,232.31,24.71,2.96,3,724.92,46.71
V007,Ocean Sapphire,HALDIA,26.2318,87.5768,12.23,151.82,24.39,0.94,5,472.0,32.1
V007,Ocean Sapphire,HALDIA,18.9175,86.9657,13.66,55.79,13.44,3.69,3,362.27,23.49
V003,Odisha Queen,VIZAG,14.0567,81.2115,10.22,205.94,15.9,4.31,1,460.59,39.9
V001,Ganga Glory,PARADIP,23.8087,90.7513,10.43,256.46,28.95,1.82,6,575.89,51.83
V005,Eastern Titan,HALDIA,17.6294,82.4769,11.54,194.45,15.4,2.25,8,760.33,60.9
V005,Eastern Titan,HALDIA,26.2171,84.3542,9.69,20.52,20.04,2.47,11,600.16,64.43
V007,Ocean Sapphire,SMPK,27.112,85.0112,10.8,304.18,4.13,3.94,12,606.11,59.23
V005,Eastern Titan,HALDIA,23.7518,85.9503,11.6,44.99,19.85,2.22,8,290.2,23.81
V007,Ocean Sapphire,PARADIP,22.9207,90.2667,11.84,210.53,24.17,2.72,4,475.07,36.77
V007,Ocean Sapphire,VIZAG,19.4868,77.9089,8.85,3.37,18.31,3.03,10,600.26,70.84
V001,Ganga Glory,SMPK,19.9254,88.6817,11.13,101.9,7.7,1.02,7,294.51,20.4
V003,Odisha Queen,VIZAG,17.3015,77.0298,11.59,178.93,18.63,0.59,3,664.21,42.05
V001,Ganga Glory,HALDIA,23.7609,93.103,14.24,241.34,25.75,3.09,1,552.04,33.8
V006,Himalaya Dawn,SMPK,22.4768,85.8262,9.39,309.31,15.04,3.56,7,254.24,26.68
V007,Ocean Sapphire,SMPK,23.5036,86.1638,9.93,246.76,16.91,2.53,9,242.97,23.89
V002,Bharat Star,PARADIP,19.193,90.6738,11.12,207.24,11.09,3.76,8,442.34,39.64
V001,Ganga Glory,PARADIP,20.0365,88.5833,8.39,200.62,25.89,2.58,4,207.32,22.69
V006,Himalaya Dawn,VIZAG,15.8307,81.6566,13.17,226.57,29.4,0.38,7,269.48,17.82
V007,Ocean Sapphire,SMPK,24.7919,91.2557,9.0,289.18,18.89,3.3,6,390.81,42.06
V004,Steel Infinity,SMPK,26.1302,90.1854,8.55,202.53,12.14,2.93,12,441.53,53.71
V005,Eastern Titan,SMPK,21.2802,85.4126,10.37,154.98,8.77,3.04,4,329.62,26.77
V005,Eastern Titan,HALDIA,18.7207,85.6252,9.01,182.37,7.78,3.25,11,445.16,49.82
V004,Steel Infinity,HALDIA,18.5607,89.1186,8.61,122.1,32.88,2.47,2,399.12,41.85
V007,Ocean Sapphire,PARADIP,21.1409,81.4182,12.61,331.39,25.96,0.96,6,548.59,37.62
V007,Ocean Sapphire,HALDIA,25.1934,86.2707,10.11,57.2,23.09,1.63,2,398.15,31.45
V006,Himalaya Dawn,VIZAG,17.1151,85.4636,14.33,72.39,23.15,3.6,3,240.35,15.73
V005,Eastern Titan,PARADIP,21.6604,88.661,11.57,305.36,29.93,0.59,4,259.05,18.41
V002,Bharat Star,SMPK,26.5212,92.4697,10.19,201.18,15.12,2.47,10,610.54,58.86
V005,Eastern Titan,VIZAG,12.6097,79.9208,13.45,46.27,18.36,1.05,5,670.08,39.91
V004,Steel Infinity,PARADIP,20.504,81.7769,9.08,357.59,18.48,0.94,3,505.11,41.91
V006,Himalaya Dawn,PARADIP,17.2765,88.9842,11.76,183.24,32.04,2.58,1,420.05,31.39
V001,Ganga Glory,PARADIP,25.398,89.9031,11.84,152.2,3.2,4.0,12,657.17,58.42
V001,Ganga Glory,HALDIA,17.6751,89.8512,10.28,15.27,21.71,3.77,8,517.12,53.76
V006,Himalaya Dawn,SMPK,21.1522,89.5464,8.51,334.06,4.48,3.38,4,201.75,19.85
V006,Himalaya Dawn,HALDIA,24.421,82.313,14.8,109.14,2.29,0.99,5,645.49,30.43
V006,Himalaya Dawn,SMPK,25.6911,88.4239,10.92,303.55,23.71,1.79,12,349.5,33.31
V002,Bharat Star,PARADIP,17.7725,92.2953,12.17,4.88,10.25,0.51,6,660.27,39.91
V002,Bharat Star,SMPK,17.9189,88.0835,11.1,139.25,13.45,4.4,6,515.45,46.64
V005,Eastern Titan,PARADIP,25.4871,85.5152,11.52,206.44,32.23,1.31,7,585.58,48.3
V003,Odisha Queen,SMPK,26.3498,88.6098,14.27,260.81,4.27,3.43,1,423.68,22.91
V004,Steel Infinity,SMPK,18.2031,91.0928,13.67,84.38,34.55,4.07,12,564.2,53.18
V001,Ganga Glory,PARADIP,23.0805,80.9671,13.49,328.84,3.17,2.99,5,659.68,40.45
V006,Himalaya Dawn,SMPK,27.3056,88.9539,11.86,56.51,6.77,2.43,7,532.89,38.52
V003,Odisha Queen,HALDIA,22.9259,92.4518,12.41,168.5,4.26,2.01,12,462.61,34.08
V007,Ocean Sapphire,SMPK,28.2413,92.1394,8.37,235.8,11.16,4.31,5,740.95,84.87
V002,Bharat Star,PARADIP,26.8038,85.3472,14.16,168.19,33.71,2.78,10,732.52,58.72
V003,Odisha Queen,SMPK,24.4675,90.7931,10.99,198.25,29.95,1.12,5,331.77,26.49
V002,Bharat Star,VIZAG,15.5241,83.8522,10.65,225.27,19.75,3.4,1,248.44,19.97
V001,Ganga Glory,PARADIP,25.3582,83.8847,13.16,20.79,13.27,1.54,12,626.37,45.01
V006,Himalaya Dawn,VIZAG,15.4796,87.072,12.93,297.39,9.91,4.24,1,472.95,31.02
V004,Steel Infinity,PARADIP,15.3534,85.5949,14.21,243.97,31.98,3.64,8,562.81,44.69
V006,Himalaya Dawn,HALDIA,22.9446,94.241,12.04,212.77,19.15,4.15,10,643.47,60.33
V005,Eastern Titan,VIZAG,20.6947,79.5166,9.85,212.56,27.35,2.69,10,517.46,56.95
V006,Himalaya Dawn,PARADIP,22.5957,81.543,11.74,165.29,27.63,2.66,11,583.1,55.07
V004,Steel Infinity,HALDIA,20.2404,87.5832,10.22,334.9,12.06,4.23,8,202.89,20.54
V004,Steel Infinity,VIZAG,16.1318,84.9613,11.83,90.37,26.08,2.42,8,249.02,21.2
V003,Odisha Queen,PARADIP,25.4819,82.3112,8.01,45.18,28.09,1.82,9,723.89,90.73
V004,Steel Infinity,VIZAG,15.5409,83.0043,8.72,298.17,3.17,1.11,6,240.76,20.12
V003,Odisha Queen,PARADIP,26.6195,88.4063,13.63,344.16,34.09,1.37,10,723.74,55.15
V001,Ganga Glory,PARADIP,17.3848,87.7796,13.02,53.93,31.22,2.65,12,348.43,31.04
V001,Ganga Glory,VIZAG,22.1958,85.5676,8.93,121.74,32.23,0.63,3,555.12,50.72
V002,Bharat Star,PARADIP,26.42,85.3,11.64,124.98,18.61,2.46,4,691.52,51.52
V007,Ocean Sapphire,HALDIA,24.7143,81.4149,11.05,15.97,13.55,1.73,8,741.84,58.9
V007,Ocean Sapphire,PARADIP,24.4319,91.1701,12.99,251.9,12.07,1.31,2,654.05,36.11
V004,Steel Infinity,SMPK,19.0684,91.525,8.63,135.01,5.26,2.84,2,512.04,45.46
V005,Eastern Titan,HALDIA,24.1623,82.2971,8.83,165.98,29.68,2.81,8,636.13,76.17
V007,Ocean Sapphire,PARADIP,17.4157,85.689,11.65,154.56,10.9,2.75,7,337.46,26.22
V004,Steel Infinity,HALDIA,22.3852,92.0472,8.52,140.18,23.16,2.43,6,412.6,45.56
V004,Steel Infinity,SMPK,25.993,86.7885,10.28,160.96,19.28,3.69,3,412.35,36.91
V005,Eastern Titan,PARADIP,20.6379,83.6248,10.68,152.22,3.36,3.24,0,313.99,21.57
V002,Bharat Star,SMPK,19.4145,86.8887,14.5,162.33,29.25,0.65,10,378.18,24.89
V001,Ganga Glory,HALDIA,25.0713,94.6079,13.57,106.7,3.82,4.42,8,749.12,54.77
V005,Eastern Titan,VIZAG,21.4564,87.5592,9.06,168.58,23.34,1.76,2,613.42,54.67
V001,Ganga Glory,VIZAG,14.9473,83.0361,13.89,111.92,34.75,4.1,1,306.09,21.56
V003,Odisha Queen,PARADIP,25.4838,87.6667,11.25,135.27,31.78,2.7,9,584.1,56.58
V005,Eastern Titan,HALDIA,18.9914,92.8447,9.49,250.25,34.98,3.22,6,600.75,67.51
V007,Ocean Sapphire,HALDIA,25.9134,90.8204,12.89,66.17,23.28,0.38,7,516.73,33.32
V005,Eastern Titan,PARADIP,22.1334,86.8116,12.72,250.12,24.92,3.87,7,202.62,17.04
V001,Ganga Glory,PARADIP,23.0779,87.471,10.87,257.02,23.84,0.21,10,319.01,25.98
V004,Steel Infinity,HALDIA,19.6883,92.1751,9.75,335.74,28.7,3.5,10,499.45,58.94
V004,Steel Infinity,SMPK,18.5315,92.4693,10.26,155.45,2.62,1.25,12,622.91,51.39
V005,Eastern Titan,VIZAG,17.3259,77.1942,13.37,324.0,25.87,4.43,8,646.6,55.15
V005,Eastern Titan,SMPK,26.272,86.9094,10.08,285.76,18.4,1.14,10,437.15,39.55
V006,Himalaya Dawn,VIZAG,17.5907,85.969,13.61,84.93,32.2,1.87,2,285.16,18.12
V004,Steel Infinity,HALDIA,25.9257,92.7365,9.41,16.91,7.12,2.56,10,644.36,63.88
V004,Steel Infinity,SMPK,17.7052,85.0314,10.23,134.65,18.97,4.44,0,637.63,55.03
V004,Steel Infinity,SMPK,18.1917,91.8888,13.94,143.1,27.24,4.02,8,612.14,49.27
V002,Bharat Star,VIZAG,23.5315,87.2167,10.81,106.76,15.07,0.43,1,767.83,47.2
V003,Odisha Queen,VIZAG,19.3821,86.0048,12.02,203.24,28.72,3.63,12,343.39,34.65
V007,Ocean Sapphire,PARADIP,21.2403,84.8789,10.52,63.16,24.04,3.43,8,207.92,20.97
V001,Ganga Glory,SMPK,23.4297,83.2923,13.52,56.22,16.62,3.63,10,521.82,41.46
V002,Bharat Star,VIZAG,16.3249,77.8181,8.3,342.6,32.1,1.65,1,600.25,59.84
V002,Bharat Star,PARADIP,17.2473,86.3555,12.38,118.8,22.66,1.9,2,342.81,22.48
V001,Ganga Glory,HALDIA,28.4255,87.0589,8.71,20.91,13.74,3.12,12,720.44,88.13
V005,Eastern Titan,SMPK,24.9419,89.9341,10.51,324.59,26.7,1.73,0,313.67,23.24
V005,Eastern Titan,HALDIA,25.1443,86.3064,9.86,64.65,8.94,2.9,9,391.65,37.62
V007,Ocean Sapphire,PARADIP,19.6553,92.6761,12.42,27.6,21.54,1.33,5,637.11,43.0
V005,Eastern Titan,SMPK,19.5529,82.6021,8.48,14.78,18.8,4.24,4,678.63,78.09
V003,Odisha Queen,VIZAG,13.5588,86.9847,12.92,44.85,22.42,4.34,2,606.89,44.62
V002,Bharat Star,SMPK,23.4043,84.894,10.67,181.33,8.04,1.27,7,361.38,26.74
V007,Ocean Sapphire,VIZAG,20.5121,79.7425,8.83,151.35,5.2,3.62,2,486.41,44.63
V007,Ocean Sapphire,SMPK,25.7353,89.5337,14.26,323.12,24.89,4.25,4,375.66,26.69
V003,Odisha Queen,PARADIP,24.1955,89.7477,14.76,309.1,24.13,2.05,6,537.82,33.62
V007,Ocean Sapphire,PARADIP,18.8075,85.3114,9.26,357.62,10.57,3.41,11,216.98,24.37
V001,Ganga Glory,SMPK,17.1856,89.5877,8.07,345.94,23.07,1.7,9,611.5,72.87
V003,Odisha Queen,SMPK,24.0187,95.3067,8.31,293.03,8.12,2.94,4,733.96,73.54
V004,Steel Infinity,VIZAG,21.3176,78.2787,14.98,280.32,34.97,2.67,8,661.33,47.84
V007,Ocean Sapphire,HALDIA,22.5586,84.7526,10.2,163.25,6.81,4.27,11,345.72,36.43
V004,Steel Infinity,SMPK,15.4829,87.9268,14.5,309.51,18.54,2.22,0,786.8,41.28
V003,Odisha Queen,VIZAG,18.3972,87.2415,13.77,40.29,22.12,2.23,12,426.14,32.85
V003,Odisha Queen,SMPK,26.9868,87.7518,12.21,300.26,27.85,0.42,9,496.44,36.86
V003,Odisha Queen,VIZAG,12.5843,83.2951,10.3,129.65,10.77,1.98,2,567.73,41.25
V004,Steel Infinity,HALDIA,18.7334,87.5019,12.97,42.6,10.01,4.05,1,368.95,23.83
V004,Steel Infinity,VIZAG,21.3984,89.1543,8.88,202.32,16.55,4.43,10,740.76,94.3
V001,Ganga Glory,HALDIA,21.1969,91.9891,8.08,191.42,4.75,2.68,1,416.13,37.72
V007,Ocean Sapphire,VIZAG,18.799,89.679,14.3,282.37,32.41,2.9,10,686.88,54.47
V005,Eastern Titan,HALDIA,23.9826,83.5854,9.4,203.77,20.15,2.45,1,507.78,43.5
V006,Himalaya Dawn,HALDIA,16.2573,86.274,8.59,3.27,8.04,2.06,1,666.59,55.59
V006,Himalaya Dawn,HALDIA,23.5364,86.4962,9.36,63.37,22.42,1.47,0,233.48,18.49
V007,Ocean Sapphire,HALDIA,27.1834,87.9839,8.69,240.64,32.61,3.05,12,575.31,79.39
V005,Eastern Titan,VIZAG,18.5806,85.4901,11.6,160.03,23.36,2.12,11,253.67,22.73
V002,Bharat Star,VIZAG,23.2177,82.0484,13.42,171.16,18.46,0.89,11,627.89,42.84
V006,Himalaya Dawn,SMPK,20.9308,89.4153,14.3,117.83,25.9,2.54,8,213.74,15.16
V003,Odisha Queen,PARADIP,17.3571,92.292,14.75,207.58,23.43,3.47,4,681.7,44.25
V004,Steel Infinity,HALDIA,21.1101,83.4806,9.56,327.91,29.76,1.05,3,484.02,41.83
V006,Himalaya Dawn,VIZAG,21.4074,89.3286,9.15,274.75,3.73,3.42,6,756.53,72.72
V003,Odisha Queen,HALDIA,20.151,82.1992,10.7,141.37,10.34,3.14,3,642.18,50.13
V002,Bharat Star,HALDIA,23.1904,84.1902,10.46,325.56,8.92,2.57,11,418.36,38.71
V001,Ganga Glory,VIZAG,17.5329,76.0962,12.14,120.09,4.58,0.47,7,761.52,44.85
V002,Bharat Star,HALDIA,27.2136,86.7097,11.07,187.07,10.8,2.33,5,594.48,44.77
V007,Ocean Sapphire,VIZAG,17.5626,77.7494,10.3,112.96,17.0,3.65,1,586.26,48.63
V005,Eastern Titan,PARADIP,22.6323,80.1525,12.39,104.97,2.46,4.31,6,716.81,53.7
V001,Ganga Glory,VIZAG,15.7393,88.1031,12.57,131.79,24.42,1.89,4,557.53,38.48
V006,Himalaya Dawn,HALDIA,27.3745,86.021,12.58,71.19,21.08,1.08,1,631.03,36.83
V005,Eastern Titan,SMPK,22.1297,92.1019,11.96,198.64,20.19,1.0,6,393.79,27.35
V001,Ganga Glory,PARADIP,26.3122,88.0031,9.85,158.32,2.94,3.74,3,681.08,57.18
V005,Eastern Titan,VIZAG,19.8801,79.9073,11.5,298.09,3.76,3.98,10,430.52,37.76
V004,Steel Infinity,SMPK,19.142,88.2422,14.42,248.52,32.41,3.35,9,379.0,29.94
V005,Eastern Titan,PARADIP,18.6138,83.6991,8.2,157.53,26.31,3.57,9,360.21,48.85
V001,Ganga Glory,PARADIP,22.2365,85.377,11.2,334.7,2.78,1.33,6,248.99,16.46
V003,Odisha Queen,VIZAG,21.8798,80.9527,13.97,115.45,8.27,3.32,1,525.65,29.64
V007,Ocean Sapphire,HALDIA,20.9624,94.0987,10.56,315.64,32.65,3.27,4,635.52,60.24
V006,Himalaya Dawn,HALDIA,21.5906,90.4761,14.44,131.2,11.69,2.39,9,253.76,16.36
V001,Ganga Glory,HALDIA,18.0577,89.0743,10.4,12.56,29.54,0.77,3,452.06,35.16
V004,Steel Infinity,HALDIA,20.8217,86.1446,8.74,218.62,17.23,3.11,1,238.26,22.51
V003,Odisha Queen,PARADIP,25.8456,84.0123,13.91,150.71,21.04,2.26,1,669.76,38.51
V001,Ganga Glory,HALDIA,18.9298,88.5962,14.19,228.12,3.92,3.71,9,347.02,23.68
V003,Odisha Queen,HALDIA,20.8348,83.7454,13.2,160.35,14.28,1.67,0,465.32,24.96
V001,Ganga Glory,SMPK,27.7362,89.4999,8.11,49.01,6.26,0.8,0,589.17,44.85
V006,Himalaya Dawn,HALDIA,18.3304,87.4835,9.84,17.71,22.89,0.24,6,413.55,33.57
V007,Ocean Sapphire,VIZAG,14.0985,77.8931,8.56,263.48,3.34,1.8,10,700.87,69.83
V007,Ocean Sapphire,SMPK,19.9634,89.8038,14.52,356.05,17.74,1.0,5,327.11,17.89
V004,Steel Infinity,HALDIA,21.9667,92.0162,9.71,158.68,31.19,1.64,12,407.93,45.6
V005,Eastern Titan,SMPK,20.5706,89.1488,9.72,81.97,23.12,0.7,3,236.95,18.69
V002,Bharat Star,PARADIP,23.7405,92.9814,10.0,334.13,11.52,0.78,10,757.87,63.53
V006,Himalaya Dawn,HALDIA,19.2833,90.9232,10.2,99.61,29.07,3.2,12,425.04,49.34
V002,Bharat Star,VIZAG,19.1343,81.1139,9.71,0.88,9.84,2.12,9,279.31,25.88
V002,Bharat Star,HALDIA,22.0707,93.5495,12.71,208.19,21.79,2.24,2,565.8,36.77
V002,Bharat Star,VIZAG,18.7668,89.0755,9.78,13.4,33.81,2.79,8,623.65,69.1
V001,Ganga Glory,SMPK,20.9829,90.0259,14.57,110.77,2.26,2.45,8,249.26,14.54
V004,Steel Infinity,PARADIP,20.6863,83.4477,10.14,155.51,32.65,3.89,9,332.89,38.67
V002,Bharat Star,VIZAG,20.8348,86.9166,15.0,333.3,23.69,1.44,12,517.63,35.03
V003,Odisha Queen,VIZAG,18.6907,85.8041,14.2,158.12,20.65,3.12,5,288.92,19.21
V002,Bharat Star,PARADIP,24.0346,83.7942,11.15,218.33,32.7,1.96,0,505.2,37.31
V001,Ganga Glory,SMPK,26.2573,94.3524,10.7,339.63,2.65,3.45,7,738.43,61.9
V005,Eastern Titan,VIZAG,15.4629,79.3142,13.57,74.76,3.58,1.2,4,489.83,25.26
V004,Steel Infinity,VIZAG,21.907,78.7667,11.27,80.86,6.41,4.09,9,665.35,59.7
V007,Ocean Sapphire,SMPK,18.8234,88.3816,10.0,227.38,27.52,3.65,3,414.46,40.05
V004,Steel Infinity,SMPK,18.4922,93.0087,10.6,235.7,9.86,0.52,12,666.24,53.14
V003,Odisha Queen,VIZAG,23.5647,82.8,12.33,14.6,14.7,4.3,2,655.15,48.01
V002,Bharat Star,HALDIA,18.4422,81.8481,10.02,111.23,10.73,3.63,2,759.76,63.9
V007,Ocean Sapphire,SMPK,21.8378,86.1769,9.55,21.13,27.25,1.97,6,232.49,22.81
V004,Steel Infinity,HALDIA,21.017,90.99,14.94,180.12,22.82,1.98,9,322.58,21.13
V004,Steel Infinity,PARADIP,21.9876,81.7185,12.13,254.56,31.34,3.45,1,541.02,41.19
V001,Ganga Glory,VIZAG,17.7489,80.0631,13.44,220.72,13.47,3.22,3,340.79,21.76
V003,Odisha Queen,HALDIA,25.4913,85.4943,14.26,182.23,30.75,2.84,2,466.91,29.86
V007,Ocean Sapphire,PARADIP,20.0596,88.5602,13.46,25.74,19.49,3.61,9,204.55,16.23
V007,Ocean Sapphire,VIZAG,11.8202,85.1308,9.01,106.9,19.85,3.54,4,682.33,71.19
V005,Eastern Titan,SMPK,19.2382,92.2703,11.2,219.46,14.94,3.93,10,552.85,53.5
V002,Bharat Star,VIZAG,17.4333,81.141,13.47,250.32,2.2,0.91,0,228.55,10.21
V007,Ocean Sapphire,HALDIA,17.4121,93.3509,11.85,142.22,4.48,2.91,1,753.58,47.29
V006,Himalaya Dawn,PARADIP,24.1767,87.6108,10.72,272.86,26.07,2.02,11,440.8,43.25
V007,Ocean Sapphire,PARADIP,26.0028,88.3758,12.76,2.32,28.7,4.17,10,656.86,61.65
V003,Odisha Queen,VIZAG,14.2043,86.781,10.23,187.43,15.12,3.53,7,538.78,51.81
V002,Bharat Star,PARADIP,15.4813,86.4493,11.39,65.56,10.86,4.06,10,538.34,50.29
V002,Bharat Star,SMPK,26.7186,88.7434,10.53,15.8,31.75,1.35,12,465.69,47.22
V005,Eastern Titan,VIZAG,21.1958,85.2356,12.91,348.08,13.04,3.86,2,440.45,29.65
V007,Ocean Sapphire,SMPK,26.4628,88.2239,12.53,295.89,23.68,2.27,6,435.15,32.41
V001,Ganga Glory,VIZAG,16.7414,86.3174,8.87,352.69,6.72,3.87,10,339.41,39.1
V003,Odisha Queen,PARADIP,21.1348,90.7378,8.89,229.31,4.57,2.38,9,437.71,43.38
V004,Steel Infinity,VIZAG,20.6326,77.1898,8.22,86.77,29.33,0.95,10,718.4,85.24
V007,Ocean Sapphire,SMPK,29.4083,89.7283,10.98,350.03,13.77,4.41,1,775.83,62.12
V005,Eastern Titan,SMPK,23.5758,90.6444,14.76,281.32,22.43,4.4,5,265.59,18.61
V006,Himalaya Dawn,HALDIA,19.879,87.5597,13.87,353.43,22.38,1.1,3,242.58,13.74
V005,Eastern Titan,VIZAG,15.5641,88.8371,9.51,10.01,9.93,3.1,5,637.47,58.74
V003,Odisha Queen,SMPK,19.733,85.1727,11.93,208.67,10.95,2.68,1,450.87,28.98
V002,Bharat Star,VIZAG,14.6804,87.8364,12.14,261.91,26.21,2.07,0,590.48,38.63
V002,Bharat Star,PARADIP,22.9479,85.597,9.31,43.71,16.43,1.39,12,310.75,31.97
V004,Steel Infinity,SMPK,24.5458,87.1903,10.65,52.43,8.14,1.59,7,249.08,18.97
V002,Bharat Star,PARADIP,20.4064,79.4688,13.09,338.12,12.3,3.53,2,745.49,48.18
V002,Bharat Star,VIZAG,20.036,85.2171,13.63,193.78,7.06,2.14,12,331.04,22.93
V004,Steel Infinity,HALDIA,23.8699,85.9584,12.43,330.63,4.01,3.13,10,298.46,22.82
V004,Steel Infinity,VIZAG,23.9441,85.6785,12.45,104.51,20.89,3.1,12,738.69,66.23
V005,Eastern Titan,HALDIA,22.6305,92.1872,12.99,104.15,6.9,3.12,12,430.1,33.61
V007,Ocean Sapphire,VIZAG,20.7508,89.0293,11.32,272.74,24.92,1.1,8,692.89,55.78
V007,Ocean Sapphire,HALDIA,24.5795,81.7817,9.87,191.81,26.41,4.3,4,701.86,72.94
V007,Ocean Sapphire,SMPK,25.2399,84.5962,12.76,256.99,31.12,3.39,11,480.83,44.7
V003,Odisha Queen,SMPK,20.5365,86.6068,8.46,212.64,21.04,2.72,1,284.24,27.73
V005,Eastern Titan,HALDIA,18.3178,94.347,8.26,232.02,27.9,4.17,1,773.91,88.45
V006,Himalaya Dawn,PARADIP,18.1059,85.217,12.46,103.49,32.31,2.14,12,286.9,26.01
V002,Bharat Star,VIZAG,11.4682,81.0051,9.53,94.18,27.03,4.22,10,733.82,91.58
V007,Ocean Sapphire,SMPK,21.4644,86.6868,11.58,56.5,7.98,3.84,12,205.5,19.1
V005,Eastern Titan,VIZAG,20.3616,78.1371,13.42,166.39,33.65,2.66,11,616.79,52.96
V003,Odisha Queen,HALDIA,21.2999,90.3631,11.18,254.7,19.01,3.28,1,250.77,18.96
V005,Eastern Titan,HALDIA,23.9249,82.5722,12.07,286.52,23.17,0.81,4,600.77,39.55
V002,Bharat Star,SMPK,26.3741,88.7215,9.46,298.66,10.59,0.59,11,427.35,37.82
V003,Odisha Queen,SMPK,24.9671,89.5849,14.73,164.42,23.02,0.66,6,298.88,16.78
V003,Odisha Queen,HALDIA,20.1661,91.2929,10.99,163.15,32.66,0.86,9,393.09,34.67
V005,Eastern Titan,VIZAG,19.0349,86.3816,14.91,217.53,19.12,0.33,6,359.86,18.85
V003,Odisha Queen,HALDIA,24.2375,87.3964,14.17,277.41,3.55,3.79,5,256.82,15.94
V006,Himalaya Dawn,HALDIA,24.427,84.5392,13.66,48.02,10.47,1.0,1,449.05,22.04
V001,Ganga Glory,HALDIA,25.4223,83.3202,13.84,26.74,10.68,0.77,3,613.74,30.94
V004,Steel Infinity,PARADIP,24.6571,89.9271,10.09,88.78,12.62,0.61,3,589.86,40.9
V001,Ganga Glory,VIZAG,19.7621,82.0373,8.14,244.76,4.24,0.99,10,264.97,26.1
V005,Eastern Titan,PARADIP,17.2579,83.8125,12.22,118.21,28.58,2.29,3,450.83,32.93
V001,Ganga Glory,PARADIP,23.5133,87.1803,11.35,114.13,14.11,1.29,10,359.75,28.28
V006,Himalaya Dawn,HALDIA,26.2204,88.5038,8.88,116.61,19.62,1.89,8,470.33,49.19
V007,Ocean Sapphire,PARADIP,15.8442,89.5177,8.58,117.81,33.76,1.91,12,584.33,76.51
V003,Odisha Queen,PARADIP,25.4967,83.2175,12.97,208.78,12.76,0.27,6,672.8,38.21
V002,Bharat Star,HALDIA,23.9209,87.8426,14.61,42.06,30.26,3.35,10,213.64,16.83
V002,Bharat Star,SMPK,19.6198,89.1262,12.53,200.86,29.28,0.85,7,336.9,24.23
V003,Odisha Queen,PARADIP,15.6342,85.3932,12.88,57.79,10.85,3.86,8,536.94,41.76
V006,Himalaya Dawn,PARADIP,26.0543,88.7574,10.57,64.49,11.06,2.13,2,673.97,48.35
V004,Steel Infinity,VIZAG,20.0039,79.7456,12.15,22.82,26.95,1.54,2,452.23,30.37
V002,Bharat Star,PARADIP,23.9556,90.6101,9.06,68.66,6.26,2.86,1,576.39,47.77
V002,Bharat Star,PARADIP,19.1813,91.0257,14.91,90.38,29.32,4.1,2,478.12,31.29
V006,Himalaya Dawn,VIZAG,21.0699,87.7481,13.26,204.72,2.99,0.62,11,600.67,35.57
V004,Steel Infinity,HALDIA,23.5738,92.4685,10.48,26.84,19.55,3.97,11,484.19,52.88
V001,Ganga Glory,VIZAG,13.0166,83.4737,9.39,264.67,20.9,4.35,8,520.08,61.03
V001,Ganga Glory,SMPK,29.217,90.4479,13.49,40.96,16.14,3.57,7,771.79,56.82
V003,Odisha Queen,HALDIA,21.1366,91.009,13.88,267.54,34.77,2.82,4,320.03,22.75
V006,Himalaya Dawn,SMPK,27.0641,87.2939,8.08,106.28,12.97,4.17,5,512.1,60.95
V001,Ganga Glory,HALDIA,24.9617,92.2709,13.9,5.1,4.27,1.64,1,540.43,26.13
V003,Odisha Queen,SMPK,21.2787,92.8545,12.77,310.22,11.23,4.1,2,490.62,33.52
V007,Ocean Sapphire,SMPK,28.3246,91.4957,14.22,28.34,25.99,2.3,11,717.72,54.08
V005,Eastern Titan,PARADIP,15.2563,89.22,10.15,159.49,4.08,1.76,4,626.7,45.47
V002,Bharat Star,SMPK,24.948,84.6866,14.27,359.67,27.43,3.4,7,454.21,33.6
V006,Himalaya Dawn,HALDIA,27.1985,86.2355,8.24,36.76,25.25,2.23,2,605.67,62.14
V001,Ganga Glory,SMPK,22.2669,94.0933,10.3,80.97,32.9,3.06,7,596.34,61.92
V001,Ganga Glory,HALDIA,24.8699,84.7985,11.24,75.09,6.12,3.29,10,460.22,40.01
V004,Steel Infinity,SMPK,24.6784,87.7027,13.12,144.57,7.72,1.94,9,244.36,16.25
V007,Ocean Sapphire,VIZAG,14.758,79.454,13.41,102.37,2.92,2.71,6,522.59,32.32
V004,Steel Infinity,PARADIP,19.1164,81.74,11.62,248.16,20.18,1.67,0,528.03,33.62
V001,Ganga Glory,HALDIA,17.9802,91.9089,8.98,295.01,17.71,1.46,9,602.03,60.9
V006,Himalaya Dawn,SMPK,24.3933,82.5204,11.82,117.24,21.88,2.12,2,624.03,43.28
V002,Bharat Star,SMPK,27.6312,91.7721,11.12,340.27,15.08,0.73,11,664.34,52.58
V004,Steel Infinity,PARADIP,16.8519,87.838,12.3,117.61,15.62,3.19,5,406.43,30.29
V002,Bharat Star,PARADIP,24.2457,92.4317,11.55,149.35,23.59,3.85,4,740.18,62.87
V003,Odisha Queen,HALDIA,25.9163,87.8973,13.95,241.36,24.72,4.26,0,434.67,28.18
V002,Bharat Star,SMPK,21.7662,86.0263,13.82,95.09,15.91,3.55,5,249.85,17.02
V005,Eastern Titan,VIZAG,13.5021,86.3113,11.95,317.23,20.02,3.35,0,567.62,39.42
V002,Bharat Star,VIZAG,16.1722,87.1693,9.43,41.2,34.65,2.99,10,446.8,54.78
V005,Eastern Titan,HALDIA,19.5083,87.9202,9.37,337.31,4.25,0.26,10,278.56,22.32
V001,Ganga Glory,PARADIP,21.4864,92.7459,14.72,259.1,8.45,2.03,4,649.37,34.4
V003,Odisha Queen,SMPK,17.737,91.5528,11.41,85.4,25.74,0.71,7,633.74,48.27
V002,Bharat Star,VIZAG,10.9799,84.436,11.25,340.39,26.61,3.43,12,756.44,79.56
V002,Bharat Star,PARADIP,14.5315,84.4257,8.28,26.39,10.11,4.18,7,684.41,82.14
V004,Steel Infinity,VIZAG,15.609,88.7456,8.04,247.23,31.27,2.6,6,626.51,78.18
V004,Steel Infinity,SMPK,16.7399,90.9706,13.34,259.0,13.44,4.39,11,703.92,59.67
V001,Ganga Glory,HALDIA,23.2553,91.0536,9.53,4.56,30.8,4.24,8,336.99,41.05
V003,Odisha Queen,SMPK,21.1705,83.6795,9.61,312.72,26.05,0.64,4,500.86,41.8
V001,Ganga Glory,SMPK,25.0525,87.2452,8.85,14.43,30.6,1.81,1,298.23,27.9
V004,Steel Infinity,SMPK,26.959,85.138,9.24,81.9,10.92,4.36,11,584.99,70.33
V007,Ocean Sapphire,VIZAG,19.359,88.4668,10.78,266.9,14.88,3.35,9,577.46,54.57
V002,Bharat Star,SMPK,19.2733,94.3979,10.99,193.45,2.27,2.62,6,730.58,54.46
V005,Eastern Titan,SMPK,27.8026,93.2509,9.97,310.1,10.02,1.13,11,767.48,67.15
V007,Ocean Sapphire,SMPK,18.6958,82.463,8.74,250.38,4.88,3.02,9,743.26,78.86
V006,Himalaya Dawn,PARADIP,14.4113,89.9869,13.77,275.29,10.17,0.43,11,747.8,44.69
V007,Ocean Sapphire,HALDIA,25.0479,89.291,9.61,99.57,9.84,3.01,11,360.35,37.72
V002,Bharat Star,SMPK,23.999,85.8686,9.7,40.65,23.37,3.51,12,296.03,35.55
V004,Steel Infinity,PARADIP,25.3342,86.2988,14.89,252.22,4.49,1.94,3,558.52,27.38
V005,Eastern Titan,PARADIP,18.6041,81.8285,12.92,123.36,25.23,2.81,12,537.32,46.88
V004,Steel Infinity,SMPK,20.535,85.6245,8.16,247.11,24.57,4.35,6,356.03,46.79
V006,Himalaya Dawn,PARADIP,25.3154,84.9069,9.44,136.35,4.85,2.99,2,582.53,47.64
V006,Himalaya Dawn,HALDIA,24.7533,86.737,11.75,285.18,33.51,2.97,4,333.59,28.04
V001,Ganga Glory,SMPK,24.9928,82.789,11.92,147.33,31.29,2.78,11,623.03,59.79
V002,Bharat Star,SMPK,20.4203,88.7198,14.12,103.24,26.65,3.69,12,240.76,20.5
V002,Bharat Star,VIZAG,13.6321,79.8103,8.93,122.12,19.83,0.39,10,584.41,56.89
V002,Bharat Star,VIZAG,10.6965,81.7251,13.61,233.16,11.66,3.81,6,795.48,55.83
V006,Himalaya Dawn,VIZAG,16.4419,79.4775,10.06,49.88,12.43,2.38,8,427.34,38.8
V002,Bharat Star,PARADIP,19.6726,84.118,14.03,54.57,32.26,4.01,6,271.17,21.25
V004,Steel Infinity,PARADIP,25.3367,84.3815,10.93,230.15,10.89,4.39,5,603.12,53.08
V003,Odisha Queen,VIZAG,13.751,78.2438,14.83,276.22,21.89,0.85,6,694.45,38.95
V007,Ocean Sapphire,VIZAG,16.4749,85.0023,11.03,270.61,34.03,3.25,12,227.52,25.26
V003,Odisha Queen,HALDIA,18.935,86.6276,13.72,323.04,34.9,1.93,2,373.05,24.03
V002,Bharat Star,SMPK,18.6673,92.4357,10.94,276.45,27.13,0.55,4,609.56,44.74
V003,Odisha Queen,PARADIP,19.8364,83.1064,13.44,60.5,13.97,3.3,9,370.86,27.83
V003,Odisha Queen,SMPK,20.9031,85.1094,12.08,257.88,15.52,1.53,2,377.01,23.39
V007,Ocean Sapphire,SMPK,19.6272,93.0966,14.23,54.15,22.68,3.97,9,594.28,46.56
V005,Eastern Titan,VIZAG,23.8823,80.1788,10.62,92.78,2.72,1.15,5,760.19,50.84
V007,Ocean Sapphire,PARADIP,25.9671,83.0903,11.37,157.97,13.16,2.55,7,724.14,57.76
V005,Eastern Titan,VIZAG,18.3711,79.4688,9.55,283.82,4.11,2.62,3,410.03,32.97
V006,Himalaya Dawn,SMPK,20.922,82.276,12.34,313.78,6.71,2.36,11,647.94,49.2
V001,Ganga Glory,PARADIP,17.4017,81.6542,10.16,219.45,14.88,0.79,6,615.01,47.41
V001,Ganga Glory,SMPK,20.2311,87.9508,12.93,42.15,2.98,4.35,10,260.38,20.73
V006,Himalaya Dawn,VIZAG,17.1544,87.1577,10.46,80.96,19.78,2.68,7,415.68,38.1
V003,Odisha Queen,PARADIP,25.7588,86.5347,8.22,285.93,25.04,1.76,6,604.83,66.96
V006,Himalaya Dawn,HALDIA,17.9402,90.7156,13.29,294.79,32.3,4.43,8,530.82,47.28
V003,Odisha Queen,SMPK,24.0789,84.9492,14.24,222.7,19.42,2.42,5,382.05,23.95
V003,Odisha Queen,PARADIP,15.106,84.976,10.0,217.47,28.62,0.83,4,605.33,50.19
V001,Ganga Glory,HALDIA,22.3079,85.7696,11.78,296.8,29.39,1.35,6,238.19,18.43
V005,Eastern Titan,VIZAG,16.5841,81.055,11.81,183.95,32.98,3.13,3,266.48,21.84
V002,Bharat Star,VIZAG,14.0288,83.273,14.59,135.9,17.76,0.59,11,407.11,24.8
V007,Ocean Sapphire,PARADIP,22.0702,87.1958,14.64,57.58,21.31,3.38,1,203.56,12.01
V007,Ocean Sapphire,VIZAG,18.005,85.1643,13.89,86.27,15.73,1.71,8,202.49,12.98
V001,Ganga Glory,PARADIP,19.9125,83.6865,8.99,310.49,29.02,1.63,6,309.62,31.92
V006,Himalaya Dawn,PARADIP,25.4516,90.5677,12.09,42.52,13.79,0.45,6,699.26,43.64
V007,Ocean Sapphire,PARADIP,16.4634,84.2786,14.29,126.95,4.81,3.13,6,494.88,30.08
V001,Ganga Glory,PARADIP,18.6337,82.8405,12.19,357.46,2.87,4.03,6,438.31,32.82
V001,Ganga Glory,VIZAG,13.3694,85.3087,9.46,82.19,12.42,0.31,7,527.28,42.11
V006,Himalaya Dawn,PARADIP,23.0002,85.1195,12.85,148.7,4.15,1.46,7,335.95,20.3
V003,Odisha Queen,SMPK,25.219,88.1513,12.27,317.6,31.68,1.24,7,297.17,22.82
V007,Ocean Sapphire,VIZAG,17.6371,81.3961,13.49,178.57,9.39,3.56,8,199.69,14.39
V004,Steel Infinity,PARADIP,23.0777,87.2092,13.47,32.82,33.23,0.31,12,312.62,23.25
V007,Ocean Sapphire,HALDIA,23.9379,92.8602,8.08,259.34,19.98,1.99,1,536.09,51.68
V007,Ocean Sapphire,HALDIA,26.5207,92.4143,12.0,184.47,14.14,0.71,10,668.0,47.41
V007,Ocean Sapphire,PARADIP,26.8454,84.514,8.34,292.15,8.19,0.96,7,756.62,69.86
V004,Steel Infinity,PARADIP,25.6508,89.0615,12.0,187.95,31.54,1.15,5,643.23,47.66
V002,Bharat Star,VIZAG,11.3954,80.1613,14.34,63.32,7.54,1.9,7,776.17,44.81
V005,Eastern Titan,SMPK,18.0933,88.9504,8.64,316.43,4.26,3.1,5,500.18,48.68
V002,Bharat Star,HALDIA,16.7597,87.7332,13.46,301.46,27.66,0.85,10,584.81,41.56
V004,Steel Infinity,VIZAG,23.1253,87.4732,10.19,177.43,7.97,1.19,10,745.67,61.62
V001,Ganga Glory,HALDIA,18.8635,85.6626,14.15,259.66,13.13,3.53,1,429.88,25.1
V006,Himalaya Dawn,PARADIP,20.9923,91.2461,8.48,349.81,28.68,2.45,9,487.08,60.4
V001,Ganga Glory,VIZAG,14.0646,87.9416,14.18,120.44,18.09,2.11,2,641.07,36.05
V001,Ganga Glory,VIZAG,16.3569,80.7773,12.31,17.75,6.0,2.1,1,304.59,17.5
V004,Steel Infinity,HALDIA,24.3664,89.3557,9.98,13.06,14.41,0.47,11,293.59,25.2
V005,Eastern Titan,SMPK,26.6188,89.0988,9.99,89.15,26.24,3.99,8,459.58,51.22
V003,Odisha Queen,HALDIA,25.3333,86.529,12.94,72.73,34.51,0.76,10,401.06,30.94
V005,Eastern Titan,PARADIP,18.4951,80.0154,11.83,219.76,30.9,2.2,4,721.7,56.48
V002,Bharat Star,VIZAG,18.8146,81.059,12.64,232.02,20.92,1.19,2,265.78,16.0
V001,Ganga Glory,SMPK,19.4274,92.2846,13.72,105.43,26.34,3.36,5,540.02,39.13
V005,Eastern Titan,PARADIP,14.5637,85.4569,11.54,9.27,14.47,0.55,5,651.84,42.12
V002,Bharat Star,SMPK,19.6039,91.9463,14.42,49.58,32.41,3.96,8,500.39,40.01
V001,Ganga Glory,VIZAG,16.6888,84.8429,9.34,220.05,20.85,2.17,8,199.9,20.44
V007,Ocean Sapphire,SMPK,26.3399,88.9199,10.28,236.41,18.77,0.46,10,426.06,35.93
V007,Ocean Sapphire,SMPK,18.7568,88.2453,10.84,263.25,32.81,1.22,7,421.83,36.91
V002,Bharat Star,HALDIA,20.2572,89.6483,10.3,177.28,15.94,3.84,6,255.19,24.39
V005,Eastern Titan,PARADIP,26.8895,87.1564,14.72,271.1,15.11,3.73,4,732.54,45.91
V001,Ganga Glory,VIZAG,14.7274,77.6537,10.79,237.31,18.47,2.33,7,685.05,58.87
V002,Bharat Star,HALDIA,24.4619,87.5851,10.98,195.82,10.29,1.63,8,276.92,21.4
V007,Ocean Sapphire,HALDIA,25.7722,92.0198,8.76,63.01,10.51,2.75,7,580.5,59.81
V003,Odisha Queen,HALDIA,19.7438,87.4189,9.98,354.56,5.82,3.7,4,260.64,22.57
V002,Bharat Star,PARADIP,21.4519,82.7959,8.09,3.94,11.04,2.35,5,416.73,43.08
V003,Odisha Queen,HALDIA,15.9297,87.8083,13.41,26.0,18.46,1.4,4,676.62,40.45
V007,Ocean Sapphire,SMPK,22.225,94.6864,8.95,234.1,26.57,4.44,12,657.55,92.32
V003,Odisha Queen,HALDIA,21.6316,90.9814,9.4,80.74,8.22,2.12,6,304.48,26.74
V006,Himalaya Dawn,HALDIA,17.2064,92.388,11.95,195.49,17.01,0.99,6,700.46,47.45
V001,Ganga Glory,SMPK,24.5467,93.0949,10.34,240.28,9.89,2.16,10,536.77,47.97
V001,Ganga Glory,HALDIA,15.7984,87.2821,12.31,262.5,31.48,3.58,4,695.52,57.23
V007,Ocean Sapphire,PARADIP,17.3072,83.8854,10.8,223.35,32.09,4.47,3,441.64,42.6
V004,Steel Infinity,VIZAG,22.0931,79.4214,13.33,194.99,4.98,3.93,8,634.33,46.01
V005,Eastern Titan,HALDIA,20.8924,92.915,14.95,316.3,10.04,4.02,3,517.56,30.65
V004,Steel Infinity,HALDIA,20.3622,83.3431,11.5,323.81,30.7,2.11,7,522.2,45.07
V004,Steel Infinity,PARADIP,22.7767,82.782,13.39,137.47,24.93,2.87,2,481.81,31.67
V005,Eastern Titan,PARADIP,25.109,91.2835,8.24,281.58,6.77,2.66,12,715.65,85.15
V006,Himalaya Dawn,HALDIA,19.9376,92.399,14.97,201.04,22.9,3.84,4,505.98,33.0
V002,Bharat Star,VIZAG,19.2761,84.7356,12.4,132.16,5.83,0.6,1,233.81,11.74
V002,Bharat Star,HALDIA,18.3865,87.4768,11.42,96.18,19.69,2.98,6,407.48,34.02
V007,Ocean Sapphire,VIZAG,24.0849,81.7332,9.05,244.83,8.36,3.94,0,728.98,64.33
V006,Himalaya Dawn,VIZAG,21.5811,80.8356,14.18,351.38,7.59,4.04,10,502.69,36.86
V006,Himalaya Dawn,VIZAG,21.6045,84.8943,13.31,280.87,33.96,3.02,1,466.93,32.05
V001,Ganga Glory,PARADIP,26.1712,89.6597,10.53,37.96,31.56,0.31,6,720.85,58.8
V002,Bharat Star,VIZAG,17.2953,86.604,12.72,134.79,11.39,1.57,9,355.24,24.36
V007,Ocean Sapphire,SMPK,24.2354,91.3207,13.34,77.56,21.21,1.66,5,360.75,23.16
V007,Ocean Sapphire,VIZAG,16.9786,86.9997,14.63,75.99,17.87,2.59,3,402.67,23.32
V001,Ganga Glory,HALDIA,20.9739,90.5949,14.9,180.76,6.17,1.41,12,286.45,17.0
V002,Bharat Star,VIZAG,19.4387,80.7935,8.43,18.93,22.46,1.49,11,326.34,38.23
V002,Bharat Star,HALDIA,15.5303,90.6084,10.74,196.71,3.05,3.89,5,768.77,63.16
V002,Bharat Star,SMPK,20.6229,85.1713,8.65,234.83,20.93,0.32,11,388.01,40.04
V007,Ocean Sapphire,VIZAG,15.8515,86.8221,8.45,5.02,29.67,2.66,10,428.94,55.76
V003,Odisha Queen,SMPK,20.5049,85.9541,10.29,152.26,7.83,0.27,2,332.55,20.47
V002,Bharat Star,PARADIP,26.5223,89.0765,8.86,64.45,13.9,4.3,8,733.73,87.06
V002,Bharat Star,VIZAG,21.107,83.4432,9.05,129.38,3.98,2.07,0,380.33,28.33
V006,Himalaya Dawn,PARADIP,20.8703,88.9115,9.7,209.89,16.85,1.71,3,246.24,20.03
V001,Ganga Glory,VIZAG,20.7479,80.0108,11.13,340.75,21.21,3.98,7,483.12,45.7
V003,Odisha Queen,PARADIP,16.2644,83.7817,10.56,204.25,10.01,1.35,7,541.39,41.42
V006,Himalaya Dawn,SMPK,20.6053,88.139,13.78,103.53,3.08,1.66,4,216.88,11.41
V005,Eastern Titan,HALDIA,22.2097,84.7885,13.72,11.89,27.91,1.16,2,337.75,19.67
V001,Ganga Glory,PARADIP,25.5636,85.8502,10.22,97.15,19.88,4.03,11,588.37,66.3
V002,Bharat Star,VIZAG,18.5875,80.8802,12.05,133.2,4.09,3.61,8,272.51,21.25
V005,Eastern Titan,PARADIP,21.5151,82.3137,10.69,8.41,4.45,0.24,10,466.58,32.78
V002,Bharat Star,HALDIA,18.6148,91.8909,9.63,58.03,25.96,0.75,6,549.59,48.58
V002,Bharat Star,VIZAG,19.9741,80.0395,12.11,131.66,29.3,3.59,2,425.19,33.23
V002,Bharat Star,VIZAG,17.4769,88.0761,10.56,305.82,4.43,1.75,6,508.92,37.49
V006,Himalaya Dawn,PARADIP,19.0443,80.0571,13.42,173.86,13.02,3.31,10,701.55,53.68
V001,Ganga Glory,SMPK,20.8347,87.5769,12.58,166.32,34.09,3.15,4,204.85,16.32
V001,Ganga Glory,VIZAG,14.7396,86.978,13.61,244.63,34.59,1.31,8,513.3,37.35
V004,Steel Infinity,HALDIA,25.1995,84.6478,13.05,214.81,4.59,2.24,1,496.59,26.91
V002,Bharat Star,HALDIA,18.9981,91.841,10.52,57.74,21.4,2.01,6,516.89,44.33
V006,Himalaya Dawn,SMPK,19.5929,93.0041,12.72,63.81,19.55,3.48,2,588.44,40.91
V007,Ocean Sapphire,PARADIP,22.4987,91.0128,12.05,28.72,12.21,4.34,5,515.21,41.35
V003,Odisha Queen,HALDIA,25.6283,82.2939,14.19,293.1,9.04,2.47,4,711.12,40.57
V004,Steel Infinity,PARADIP,22.6678,87.696,14.92,84.28,11.7,3.41,1,283.8,15.45
V007,Ocean Sapphire,PARADIP,23.2206,88.976,8.08,319.72,30.47,1.15,5,403.98,44.12
V004,Steel Infinity,HALDIA,28.1238,85.7449,12.44,153.64,23.96,0.92,11,718.64,55.32
V007,Ocean Sapphire,HALDIA,22.2805,94.6393,10.32,25.09,27.27,3.01,4,678.23,62.6
V005,Eastern Titan,HALDIA,18.3704,87.5774,12.81,107.02,28.87,0.77,10,407.83,30.55
V007,Ocean Sapphire,VIZAG,14.2175,88.0244,13.0,232.76,3.64,1.11,10,637.39,39.52
V005,Eastern Titan,VIZAG,16.4035,78.9953,11.74,339.53,5.23,3.29,10,477.42,39.47
V004,Steel Infinity,PARADIP,22.158,79.6651,14.21,155.9,27.15,3.82,6,749.14,55.6
V007,Ocean Sapphire,SMPK,23.8579,91.5892,14.78,38.08,34.89,1.6,10,366.25,26.28
V006,Himalaya Dawn,VIZAG,18.303,81.4454,10.13,287.25,26.93,2.66,7,205.64,20.38
V004,Steel Infinity,PARADIP,25.072,89.7115,13.64,290.34,18.19,4.17,6,616.19,46.07
V004,Steel Infinity,SMPK,24.0572,85.5597,8.6,233.05,24.78,0.22,2,326.18,27.6
V003,Odisha Queen,VIZAG,18.4086,81.5471,9.41,154.46,30.16,1.33,11,199.87,21.9
V002,Bharat Star,SMPK,19.1746,82.2152,10.96,175.36,17.24,3.88,4,735.11,63.37
V003,Odisha Queen,PARADIP,14.9977,84.8608,10.12,309.16,30.85,4.38,2,620.45,61.36
V006,Himalaya Dawn,PARADIP,15.8319,86.8602,13.19,124.55,21.55,2.04,0,499.7,29.07
V006,Himalaya Dawn,SMPK,19.0422,88.1795,14.85,215.22,27.85,1.57,10,390.25,26.52
V007,Ocean Sapphire,VIZAG,20.3441,85.7339,12.06,38.22,16.28,3.06,3,391.96,28.12
V006,Himalaya Dawn,SMPK,21.5599,83.7135,12.09,111.58,26.01,3.68,6,485.3,41.69
V001,Ganga Glory,HALDIA,20.3305,87.3244,9.92,32.66,12.98,4.17,1,201.73,17.52
V004,Steel Infinity,PARADIP,24.791,88.0816,13.92,91.77,6.18,3.78,5,519.3,33.4
V001,Ganga Glory,HALDIA,24.8456,83.5801,13.94,143.61,32.75,3.36,2,555.2,37.96
V003,Odisha Queen,PARADIP,25.204,86.6594,11.26,345.91,5.07,3.16,6,543.09,42.05
V007,Ocean Sapphire,HALDIA,24.4445,82.2172,12.49,288.2,21.35,1.11,10,655.43,48.85
V004,Steel Infinity,VIZAG,21.2707,84.962,14.38,254.48,2.25,0.94,7,435.44,22.1
V002,Bharat Star,HALDIA,16.9875,89.27,12.37,166.93,2.67,3.64,7,572.69,42.12
V007,Ocean Sapphire,SMPK,25.6482,88.286,8.47,305.36,17.47,4.34,8,344.5,43.86
V007,Ocean Sapphire,VIZAG,19.8637,83.2289,11.19,170.55,4.86,3.09,8,241.77,19.66
V004,Steel Infinity,VIZAG,12.8833,82.6876,11.94,81.55,4.27,2.66,0,538.24,31.89
V005,Eastern Titan,SMPK,15.7594,86.5213,10.55,242.58,15.01,0.57,10,777.82,62.55
V005,Eastern Titan,HALDIA,26.4703,91.6413,13.63,129.51,7.52,1.58,8,614.58,37.28
V002,Bharat Star,VIZAG,23.4883,85.0494,14.84,231.77,12.61,4.25,10,670.5,49.25
V006,Himalaya Dawn,SMPK,22.841,86.3757,14.32,176.43,25.51,0.29,7,200.04,11.73
V005,Eastern Titan,HALDIA,23.6506,87.0099,14.55,133.02,13.57,1.74,5,211.8,11.85
V003,Odisha Queen,PARADIP,15.3101,84.5456,13.88,190.85,9.11,0.9,1,598.77,28.36
V005,Eastern Titan,PARADIP,14.7476,91.0251,10.1,110.76,3.97,2.03,4,775.79,57.77
V006,Himalaya Dawn,HALDIA,23.8794,87.9468,12.44,32.5,28.73,4.17,5,208.19,17.73
V005,Eastern Titan,HALDIA,28.9944,87.7626,13.25,290.04,14.31,0.51,9,777.2,48.09
V003,Odisha Queen,VIZAG,12.7623,82.3308,12.72,215.28,20.08,1.19,2,557.31,33.14
V001,Ganga Glory,VIZAG,16.1116,82.1827,14.85,47.26,6.42,3.99,8,210.79,13.92
V007,Ocean Sapphire,HALDIA,28.3101,90.4405,13.32,115.91,32.53,2.45,8,740.31,58.49
V003,Odisha Queen,HALDIA,20.056,92.1688,9.51,238.54,7.6,0.86,7,478.56,38.25
V007,Ocean Sapphire,PARADIP,20.8825,88.7147,13.45,28.79,7.93,2.93,6,226.82,14.76
V003,Odisha Queen,PARADIP,19.2279,83.0159,13.61,37.3,19.4,2.99,6,396.18,27.72
V003,Odisha Queen,VIZAG,19.3844,84.2967,13.64,231.59,21.08,0.68,10,216.76,14.28
V006,Himalaya Dawn,SMPK,17.6241,87.6941,14.13,75.48,18.59,0.61,9,551.38,33.41
V004,Steel Infinity,VIZAG,19.0756,78.1681,11.04,210.32,13.53,2.92,1,560.96,40.37
V002,Bharat Star,PARADIP,22.2561,92.7553,14.95,39.57,16.02,1.82,9,671.05,41.35
V006,Himalaya Dawn,VIZAG,20.5828,81.0414,13.26,330.35,27.92,2.36,2,398.44,26.09
V003,Odisha Queen,VIZAG,16.3379,80.6284,14.69,34.88,6.73,0.86,7,319.52,16.4
V001,Ganga Glory,PARADIP,24.3087,85.587,11.46,19.37,6.62,0.28,5,456.07,27.08
V006,Himalaya Dawn,SMPK,19.6069,92.6648,14.04,299.75,14.76,0.98,5,558.66,30.81
V006,Himalaya Dawn,PARADIP,23.812,82.9185,8.73,261.78,9.62,3.82,12,544.24,67.73
V007,Ocean Sapphire,HALDIA,18.9119,91.7945,14.64,51.38,21.31,4.32,3,519.6,34.4
V005,Eastern Titan,VIZAG,23.8601,80.3716,12.26,70.99,34.41,3.55,5,749.67,64.59
V005,Eastern Titan,VIZAG,12.3177,85.589,13.08,298.55,25.4,2.76,11,646.76,54.37
V003,Odisha Queen,VIZAG,22.2019,78.9176,8.28,61.43,3.43,1.59,0,677.83,52.8
V006,Himalaya Dawn,VIZAG,20.4195,89.4551,11.35,38.24,15.31,3.88,0,716.37,52.59
V004,Steel Infinity,VIZAG,19.7331,82.6635,14.37,187.74,33.19,3.83,1,236.27,15.7
V007,Ocean Sapphire,SMPK,19.164,84.4691,10.34,21.55,14.28,3.62,5,547.85,49.57
V007,Ocean Sapphire,HALDIA,28.0317,87.8493,11.71,193.45,4.66,0.5,2,669.92,35.96
V007,Ocean Sapphire,HALDIA,19.4773,85.0595,12.78,152.47,23.0,3.0,2,420.28,28.83
V001,Ganga Glory,PARADIP,15.3031,87.9672,9.37,74.46,3.83,2.42,2,575.78,45.09
V004,Steel Infinity,SMPK,24.069,92.0093,10.88,40.93,18.33,2.8,6,414.71,35.58
V002,Bharat Star,HALDIA,23.1123,91.7767,8.19,182.76,13.55,2.17,6,400.83,42.22
V003,Odisha Queen,VIZAG,21.4573,77.803,9.28,143.8,13.07,4.18,10,710.33,83.29
V003,Odisha Queen,HALDIA,22.4059,91.5524,10.91,271.41,30.05,1.04,4,362.21,28.24
V004,Steel Infinity,SMPK,27.0257,86.102,14.6,98.89,33.32,1.32,5,544.86,33.98
V002,Bharat Star,VIZAG,13.6892,88.5512,13.04,286.49,30.07,4.21,12,718.44,69.72
V004,Steel Infinity,PARADIP,22.5916,90.0921,8.19,184.92,8.62,1.01,10,439.19,44.74
V003,Odisha Queen,SMPK,17.7065,89.8018,14.57,17.37,25.94,1.25,1,560.92,29.67
V005,Eastern Titan,SMPK,25.9828,86.9392,8.11,5.65,15.51,4.35,7,405.86,52.06
V005,Eastern Titan,VIZAG,19.7457,83.4427,10.68,65.1,32.24,0.27,8,229.23,19.41
V001,Ganga Glory,VIZAG,17.8204,88.5541,12.95,164.44,5.69,2.63,11,558.69,40.93
V007,Ocean Sapphire,VIZAG,19.1126,81.3704,9.25,212.19,24.97,3.29,4,256.15,26.47
V002,Bharat Star,HALDIA,25.2935,87.076,11.29,247.25,27.01,2.76,10,378.6,36.43
V003,Odisha Queen,SMPK,22.8577,82.6382,12.65,315.6,25.79,3.35,10,581.75,51.46
V007,Ocean Sapphire,SMPK,23.025,92.9816,14.25,120.63,23.48,2.01,4,482.82,29.46
V005,Eastern Titan,VIZAG,20.5047,81.7014,12.74,243.76,23.59,1.98,1,354.21,22.2
V001,Ganga Glory,VIZAG,14.2984,83.7194,12.47,265.21,14.13,3.89,9,380.04,32.02
V005,Eastern Titan,PARADIP,21.0423,90.7092,8.99,228.15,22.21,1.79,1,432.9,37.57
V002,Bharat Star,SMPK,20.9178,83.0354,8.68,200.66,6.06,3.93,6,573.22,61.23
V005,Eastern Titan,PARADIP,20.0011,80.2334,13.5,306.45,28.87,1.62,12,667.55,52.75
V001,Ganga Glory,HALDIA,23.6146,91.4973,11.2,223.42,3.8,3.77,4,394.89,30.21
V005,Eastern Titan,PARADIP,17.3991,90.244,12.94,237.88,28.04,2.73,2,500.85,34.46
V005,Eastern Titan,HALDIA,26.388,88.9676,14.42,270.41,22.1,0.8,1,495.43,24.88
V002,Bharat Star,VIZAG,15.2455,83.978,12.12,8.39,8.58,1.54,12,281.82,21.19
V006,Himalaya Dawn,PARADIP,16.6509,85.226,11.14,57.29,7.86,3.43,1,433.65,30.8
V002,Bharat Star,PARADIP,19.8757,82.8816,14.99,256.04,32.34,4.15,0,393.48,24.67
V007,Ocean Sapphire,VIZAG,20.9231,86.8865,11.46,119.69,6.91,4.38,4,521.95,41.54
V005,Eastern Titan,PARADIP,16.5967,84.7747,13.57,185.65,31.92,1.49,6,457.46,31.57
V005,Eastern Titan,PARADIP,16.9144,88.3205,13.4,144.32,13.27,1.28,4,418.92,23.87
V003,Odisha Queen,SMPK,27.2572,89.6396,9.74,88.67,24.74,1.54,4,540.55,47.08
V007,Ocean Sapphire,VIZAG,15.1515,85.0044,10.43,317.64,10.92,0.21,1,336.89,20.32
V007,Ocean Sapphire,PARADIP,23.5348,85.2029,13.77,158.32,20.66,3.45,9,386.19,29.87
V007,Ocean Sapphire,SMPK,18.6689,90.9254,10.55,101.49,3.71,2.54,9,510.76,42.9
V002,Bharat Star,VIZAG,15.3795,81.1157,13.77,53.98,20.05,0.94,5,345.29,20.18
V005,Eastern Titan,HALDIA,25.5414,86.8944,9.75,17.59,22.33,2.97,10,410.19,44.93
V002,Bharat Star,SMPK,29.5912,87.5127,9.17,107.49,2.67,3.71,7,786.87,78.44
V006,Himalaya Dawn,HALDIA,18.5403,89.6269,14.77,224.19,27.6,1.99,11,418.99,30.09
V006,Himalaya Dawn,PARADIP,18.7222,87.783,13.13,91.12,14.82,0.61,5,215.45,12.34
V002,Bharat Star,VIZAG,18.6792,81.3884,11.02,276.86,30.74,1.51,6,228.1,19.26
V002,Bharat Star,VIZAG,20.3572,88.4983,11.1,4.24,2.75,2.75,4,623.52,44.31
V003,Odisha Queen,HALDIA,17.0412,85.9491,14.33,344.65,17.64,3.93,11,595.12,46.87
V006,Himalaya Dawn,HALDIA,23.2566,92.2219,10.19,23.22,26.64,3.9,12,449.04,53.67
V004,Steel Infinity,SMPK,25.1799,88.6355,13.64,106.96,2.85,4.12,0,294.42,16.8
V007,Ocean Sapphire,PARADIP,20.8666,84.7319,9.03,77.47,21.53,0.43,7,205.71,18.74
V005,Eastern Titan,HALDIA,19.6443,91.0019,12.25,246.26,10.35,1.02,7,403.31,25.97
V001,Ganga Glory,SMPK,20.4074,85.6208,12.58,135.37,12.31,1.43,2,365.52,21.08
V002,Bharat Star,HALDIA,15.3887,86.191,14.8,239.94,6.89,3.9,1,762.07,41.83
V003,Odisha Queen,PARADIP,23.9664,82.29,9.01,199.65,26.67,3.97,3,602.64,65.58
V006,Himalaya Dawn,PARADIP,17.6807,80.7673,13.74,356.21,4.1,1.31,6,681.65,37.07
V002,Bharat Star,VIZAG,15.5846,88.8971,9.04,9.46,29.5,0.34,6,642.55,60.27
V006,Himalaya Dawn,HALDIA,17.8755,90.0359,14.16,261.69,8.06,0.94,7,503.97,27.35
V004,Steel Infinity,SMPK,26.7657,92.8581,11.94,146.56,15.68,0.74,3,657.06,39.89
V001,Ganga Glory,SMPK,27.5016,92.5533,9.77,117.93,9.02,4.18,7,697.57,70.41
V007,Ocean Sapphire,HALDIA,23.9517,83.8997,14.15,315.99,13.95,2.21,12,477.45,33.75
V007,Ocean Sapphire,VIZAG,15.7836,81.2711,10.65,118.51,33.45,3.41,3,301.15,27.91
V007,Ocean Sapphire,VIZAG,16.2485,78.0507,13.87,229.68,16.61,0.48,9,578.76,34.79
V006,Himalaya Dawn,HALDIA,18.2294,85.7408,12.39,136.66,22.34,4.15,9,485.11,44.03
V003,Odisha Queen,VIZAG,17.7513,86.0367,10.76,174.77,16.52,3.16,6,292.07,25.64
V004,Steel Infinity,VIZAG,17.8824,81.0409,11.93,312.14,24.54,1.49,3,238.04,16.39
V003,Odisha Queen,VIZAG,16.0421,80.388,8.7,20.21,34.9,3.72,2,358.15,40.6
V007,Ocean Sapphire,VIZAG,20.6199,85.6943,9.25,26.12,16.59,1.72,4,412.83,36.16
V003,Odisha Queen,SMPK,20.3789,84.3169,10.54,155.62,6.87,0.97,5,477.63,32.83
V006,Himalaya Dawn,SMPK,26.5717,87.1933,8.4,202.6,9.88,0.6,2,460.98,36.44
V005,Eastern Titan,HALDIA,28.7077,90.4057,12.08,76.17,25.5,1.06,2,781.09,50.43
V001,Ganga Glory,VIZAG,13.2081,87.9041,9.77,58.92,3.16,3.3,10,702.72,68.82
V006,Himalaya Dawn,PARADIP,18.2632,82.2081,11.8,207.92,19.05,2.13,9,516.4,42.17
V002,Bharat Star,VIZAG,16.4747,88.0783,13.7,323.31,24.02,4.27,2,527.58,36.78
V004,Steel Infinity,SMPK,18.0498,91.5828,12.65,49.83,27.14,3.06,6,606.24,48.23
V007,Ocean Sapphire,PARADIP,19.8081,82.3381,14.53,277.63,25.54,3.31,6,450.83,31.39
V005,Eastern Titan,PARADIP,21.9154,85.2742,10.55,92.83,28.37,0.73,2,225.73,16.63
V006,Himalaya Dawn,VIZAG,15.0521,83.0898,10.56,266.74,6.71,2.6,11,294.02,26.56
V001,Ganga Glory,HALDIA,25.294,83.8974,14.91,175.97,8.42,2.95,0,559.48,27.98
V005,Eastern Titan,HALDIA,19.7772,90.1144,12.8,298.5,24.97,2.06,2,327.39,21.33
V004,Steel Infinity,VIZAG,19.4202,81.5729,13.62,51.2,2.23,0.37,6,263.43,13.07
V004,Steel Infinity,HALDIA,20.0129,87.4565,14.35,233.01,16.81,1.88,8,230.73,14.61
V001,Ganga Glory,HALDIA,26.097,92.0864,10.63,104.66,21.12,0.41,8,611.19,48.25
V005,Eastern Titan,VIZAG,19.1747,86.336,11.72,211.41,11.25,1.74,12,362.18,29.22
V007,Ocean Sapphire,PARADIP,21.2638,83.7718,13.83,249.81,9.39,3.85,6,314.12,21.42
V005,Eastern Titan,SMPK,21.1951,81.4492,10.71,216.39,30.93,3.39,3,722.74,65.53
V003,Odisha Queen,VIZAG,17.0031,81.4998,12.24,191.89,33.52,0.36,7,203.8,14.93
V001,Ganga Glory,PARADIP,15.0237,90.5116,13.47,126.12,14.68,0.56,11,718.79,46.16
V004,Steel Infinity,SMPK,22.0311,90.8146,10.26,271.91,4.33,1.27,5,265.07,18.79
V002,Bharat Star,SMPK,24.6831,94.8464,13.15,35.48,31.52,2.61,9,707.77,58.25
V005,Eastern Titan,HALDIA,27.6088,85.7787,11.32,272.76,34.94,3.04,5,663.72,60.25
V007,Ocean Sapphire,VIZAG,11.9193,83.5347,14.44,57.38,27.54,4.09,8,642.26,50.22
V007,Ocean Sapphire,HALDIA,17.7241,90.4919,10.86,273.52,34.93,1.71,4,540.14,45.77
V007,Ocean Sapphire,HALDIA,24.1875,84.1616,13.41,158.89,3.66,0.89,0,466.44,21.15
V004,Steel Infinity,VIZAG,13.2509,87.1954,14.99,36.59,33.79,4.36,8,647.76,51.37
V007,Ocean Sapphire,PARADIP,22.913,93.1688,13.73,195.51,10.18,1.3,5,735.7,41.04
V004,Steel Infinity,SMPK,19.0989,87.6993,14.68,133.64,29.73,0.89,7,388.79,24.01
V002,Bharat Star,VIZAG,11.5028,81.5601,12.54,41.22,34.51,1.36,5,712.41,52.31
V003,Odisha Queen,VIZAG,22.0488,81.1888,12.14,4.97,26.94,3.98,1,531.7,40.66
V006,Himalaya Dawn,VIZAG,12.1473,81.9264,14.94,110.64,34.6,1.5,10,633.24,44.55
V003,Odisha Queen,SMPK,17.7512,93.1804,13.99,228.08,9.08,3.16,10,737.6,52.14
V002,Bharat Star,VIZAG,16.3367,80.1424,14.57,175.65,33.38,0.48,7,365.98,22.71
V001,Ganga Glory,PARADIP,23.7585,86.5115,14.73,108.22,34.02,1.27,2,382.51,21.83
V005,Eastern Titan,VIZAG,15.08,80.5433,14.75,243.24,15.95,1.47,0,411.63,19.7
V003,Odisha Queen,VIZAG,17.3507,86.4651,14.63,196.26,22.31,3.67,9,339.83,25.36
V003,Odisha Queen,VIZAG,16.2922,88.3042,10.75,323.94,24.11,1.82,4,556.4,44.61
V005,Eastern Titan,SMPK,26.6592,90.9086,13.51,204.27,9.57,1.32,1,527.53,26.68
V003,Odisha Queen,VIZAG,19.7291,88.9575,11.68,198.3,8.32,4.22,2,639.44,47.21
V006,Himalaya Dawn,VIZAG,16.5877,86.2805,9.09,32.9,20.66,2.54,10,341.56,38.56
V005,Eastern Titan,HALDIA,22.3208,82.1548,8.79,295.57,23.09,3.58,3,609.04,64.88
V004,Steel Infinity,VIZAG,19.4845,84.5887,11.76,101.03,6.69,4.38,5,242.57,19.3
V001,Ganga Glory,PARADIP,18.8015,80.6169,10.04,191.49,12.34,3.4,5,651.2,58.99
V007,Ocean Sapphire,PARADIP,17.7553,85.9064,14.35,231.79,8.97,3.97,3,294.87,18.0
V003,Odisha Queen,PARADIP,23.2363,88.8017,14.09,316.19,30.45,1.29,12,394.83,29.53
V002,Bharat Star,SMPK,21.8265,90.9425,9.96,237.29,29.98,4.39,10,283.71,34.81
V003,Odisha Queen,SMPK,27.7531,84.8769,12.76,292.61,29.49,3.91,9,673.28,61.06
V007,Ocean Sapphire,PARADIP,24.1607,80.8413,11.66,333.08,13.46,1.6,9,732.04,55.81
V004,Steel Infinity,HALDIA,22.7132,86.2315,12.08,109.9,10.37,2.66,7,203.64,15.1
V004,Steel Infinity,HALDIA,26.0748,87.2724,12.85,207.07,7.76,0.97,5,459.0,26.08
V003,Odisha Queen,PARADIP,23.8661,91.2279,14.2,277.01,10.36,3.3,10,617.05,43.78
V007,Ocean Sapphire,HALDIA,26.9818,88.7509,13.21,235.04,23.65,2.79,5,557.24,39.74
V004,Steel Infinity,VIZAG,14.2284,81.6529,8.82,152.18,28.62,3.67,12,422.38,58.19
V007,Ocean Sapphire,HALDIA,23.6726,89.4195,12.62,174.12,27.94,3.41,4,231.49,18.0
V003,Odisha Queen,VIZAG,19.6183,77.7972,14.42,202.82,7.94,3.51,3,616.08,36.01
V007,Ocean Sapphire,SMPK,25.4906,83.4723,11.82,255.18,27.19,1.78,4,589.27,43.76
V005,Eastern Titan,VIZAG,15.3519,77.5094,10.29,351.03,34.44,1.93,10,667.78,70.12
V001,Ganga Glory,VIZAG,16.2035,88.718,12.96,56.8,7.85,3.41,12,601.54,48.42
V004,Steel Infinity,VIZAG,11.5232,83.6707,11.0,190.37,6.79,1.17,3,687.01,43.61
V004,Steel Infinity,HALDIA,26.5157,89.1832,9.81,300.86,16.17,0.41,0,513.78,34.04
V007,Ocean Sapphire,HALDIA,22.4344,92.9813,11.39,285.09,11.53,2.46,0,508.75,32.87
V005,Eastern Titan,HALDIA,24.4737,82.4553,9.65,78.07,27.97,1.94,12,634.7,71.26
V007,Ocean Sapphire,HALDIA,16.2864,84.2381,13.17,163.33,5.9,2.84,4,752.36,46.45
V006,Himalaya Dawn,HALDIA,23.7618,88.5388,9.31,207.27,8.3,0.45,7,200.87,15.92
V005,Eastern Titan,HALDIA,16.458,87.6217,8.29,137.44,32.7,3.2,10,619.06,86.41
V006,Himalaya Dawn,SMPK,26.3727,92.3307,11.05,324.98,25.99,1.38,4,589.07,45.1
V005,Eastern Titan,PARADIP,22.7682,88.2036,8.3,75.21,30.08,0.74,5,317.69,32.7
V007,Ocean Sapphire,PARADIP,18.7086,89.221,12.2,8.56,12.33,1.62,2,326.2,19.69
V004,Steel Infinity,SMPK,20.7805,91.356,8.79,359.43,26.78,2.6,10,372.07,45.45
V006,Himalaya Dawn,SMPK,29.6447,89.3094,8.41,320.7,31.41,1.37,0,795.3,74.17
V001,Ganga Glory,SMPK,27.253,90.5571,9.23,52.36,13.96,3.24,10,570.31,63.53
V003,Odisha Queen,SMPK,24.2624,90.1697,13.17,341.62,30.19,2.24,9,269.55,21.44
V001,Ganga Glory,HALDIA,20.4561,89.6682,8.66,49.8,23.21,1.9,5,240.07,24.51
V002,Bharat Star,SMPK,23.7672,93.4861,14.72,64.97,2.93,2.11,4,547.16,27.91
V007,Ocean Sapphire,HALDIA,16.8286,91.6418,10.17,93.5,15.07,3.04,4,687.67,59.57
V005,Eastern Titan,VIZAG,22.009,81.2163,13.04,93.45,23.36,2.78,5,526.49,37.94
V007,Ocean Sapphire,PARADIP,22.2853,87.9839,9.99,95.03,7.69,1.86,3,260.23,19.38
V006,Himalaya Dawn,SMPK,22.7635,94.3734,9.9,21.31,16.86,3.6,3,623.62,56.75
V002,Bharat Star,PARADIP,19.7517,82.2398,13.97,232.19,31.63,3.06,9,461.91,36.83
V007,Ocean Sapphire,PARADIP,22.2811,81.9408,8.83,337.24,29.17,2.96,1,531.5,53.22
V003,Odisha Queen,HALDIA,25.662,86.5997,10.52,68.24,21.0,2.82,3,432.38,36.14
V005,Eastern Titan,PARADIP,22.7406,88.4146,8.2,287.9,3.39,0.24,6,326.94,26.92
V003,Odisha Queen,SMPK,23.7197,91.0065,10.37,220.14,16.32,3.62,3,305.78,26.49
V005,Eastern Titan,HALDIA,20.686,85.581,11.22,279.72,9.49,4.46,6,295.95,25.92
V003,Odisha Queen,SMPK,26.0344,89.2946,8.32,265.91,13.02,2.4,8,400.34,44.18
V005,Eastern Titan,VIZAG,17.4735,85.803,8.02,86.52,31.36,2.41,12,268.52,38.26
V007,Ocean Sapphire,PARADIP,23.712,85.3638,10.92,232.51,10.22,2.02,9,398.77,32.69
V007,Ocean Sapphire,PARADIP,22.6341,88.9653,9.61,0.75,22.7,0.87,9,353.68,33.21
V004,Steel Infinity,SMPK,23.2697,85.206,8.69,122.94,17.6,3.33,9,326.83,38.96
V004,Steel Infinity,HALDIA,20.1353,89.0058,10.25,39.76,14.56,3.07,2,230.4,18.7
V004,Steel Infinity,VIZAG,18.4086,81.2957,9.22,95.1,11.66,2.66,10,224.48,23.66
V001,Ganga Glory,HALDIA,24.0555,82.4882,9.01,169.6,26.04,1.69,6,613.78,62.12
V005,Eastern Titan,VIZAG,22.3903,77.8057,9.62,97.95,32.56,1.82,1,774.53,67.57
V003,Odisha Queen,HALDIA,22.4727,84.2625,12.35,202.36,5.65,4.39,1,394.2,26.57
V002,Bharat Star,HALDIA,20.1089,87.9306,11.49,335.79,2.46,0.78,1,211.82,11.32
V004,Steel Infinity,PARADIP,16.4154,83.5748,13.78,71.99,11.65,2.15,3,540.11,30.74
V003,Odisha Queen,SMPK,27.6686,92.1524,13.46,94.88,14.03,3.4,8,688.64,50.77
V003,Odisha Queen,HALDIA,21.4835,85.2125,14.53,137.08,16.08,1.56,3,299.86,16.01
V002,Bharat Star,SMPK,22.1256,90.5347,9.03,146.49,12.74,1.73,0,234.63,18.26
V004,Steel Infinity,SMPK,23.6933,93.2831,14.04,299.1,22.0,1.04,7,525.17,32.39
V006,Himalaya Dawn,VIZAG,16.1667,84.9547,13.74,27.58,30.42,0.86,2,245.81,14.25
V003,Odisha Queen,VIZAG,13.1983,78.4608,10.64,208.59,12.71,4.0,1,718.38,57.39
V005,Eastern Titan,PARADIP,17.6964,91.1597,12.06,141.71,7.44,1.24,9,559.31,38.15
V005,Eastern Titan,VIZAG,17.7838,90.2752,9.11,239.51,32.37,0.56,9,740.89,77.02
V002,Bharat Star,VIZAG,21.8066,84.9486,9.48,26.86,14.57,0.74,9,489.9,43.28
V007,Ocean Sapphire,VIZAG,17.587,76.1172,10.8,276.41,24.31,1.24,0,759.06,51.94
V006,Himalaya Dawn,SMPK,24.6954,90.7522,13.15,314.6,16.86,2.08,10,345.41,25.42
V005,Eastern Titan,HALDIA,20.6049,90.2723,9.91,70.17,19.67,0.46,11,277.36,25.0
V003,Odisha Queen,HALDIA,15.0629,86.9308,8.34,118.66,8.75,2.57,7,781.59,82.42
V006,Himalaya Dawn,PARADIP,18.5386,90.684,14.32,277.78,9.92,2.01,5,469.92,26.53
V002,Bharat Star,VIZAG,12.483,86.2854,12.32,96.57,24.74,2.44,8,662.77,53.77
V006,Himalaya Dawn,VIZAG,14.1551,83.2132,8.66,101.31,6.08,2.54,9,393.13,40.98
V004,Steel Infinity,HALDIA,24.7723,90.401,8.99,30.38,34.2,3.25,2,389.1,41.34
V004,Steel Infinity,SMPK,18.3904,86.0855,9.3,292.96,11.35,0.71,5,516.83,40.91
V003,Odisha Queen,VIZAG,11.3874,86.7718,8.11,250.36,2.28,3.55,0,795.13,73.05
V004,Steel Infinity,VIZAG,17.3098,90.0466,11.53,57.34,11.79,2.36,4,718.79,51.1
V001,Ganga Glory,VIZAG,11.6855,82.7201,11.85,338.74,7.96,1.57,2,670.38,40.09
V003,Odisha Queen,PARADIP,20.5427,80.5323,14.24,321.22,13.13,1.29,10,634.78,39.46
V001,Ganga Glory,VIZAG,21.8891,84.4466,11.88,175.17,7.03,1.42,10,482.6,34.6
V006,Himalaya Dawn,SMPK,23.7048,81.6853,8.11,332.88,34.47,3.2,5,688.41,87.83
V007,Ocean Sapphire,HALDIA,27.2487,84.3258,13.15,91.85,30.13,3.25,1,693.99,47.8
V007,Ocean Sapphire,HALDIA,23.5966,85.0553,8.05,322.08,8.75,4.36,7,354.92,43.92
V001,Ganga Glory,HALDIA,18.3604,83.6936,11.73,358.7,8.94,4.25,0,610.11,42.59
V002,Bharat Star,VIZAG,17.582,89.3976,13.77,17.48,16.1,3.53,2,648.35,40.86
V002,Bharat Star,HALDIA,22.2867,80.8948,13.68,332.85,4.44,1.5,9,738.52,44.28
V003,Odisha Queen,SMPK,19.7935,89.63,12.99,231.81,9.41,0.38,0,336.1,15.83
V006,Himalaya Dawn,VIZAG,14.7486,77.1555,13.65,123.93,29.98,4.42,12,731.04,68.58
V004,Steel Infinity,PARADIP,24.8524,84.6887,14.24,171.35,33.69,2.67,0,541.56,32.96
V006,Himalaya Dawn,PARADIP,20.6459,89.3268,8.36,341.87,33.65,2.09,9,284.27,36.07
V001,Ganga Glory,SMPK,22.2934,92.5629,13.86,332.3,18.5,2.66,2,439.1,26.34
V001,Ganga Glory,VIZAG,13.0474,86.0543,8.07,224.33,9.64,0.84,11,595.75,62.65
V001,Ganga Glory,HALDIA,24.9237,86.5264,8.01,45.15,31.95,4.39,3,359.76,46.55
V002,Bharat Star,PARADIP,20.8343,84.3317,9.49,238.28,28.64,4.49,6,244.98,28.57
V004,Steel Infinity,VIZAG,16.9474,77.4031,9.47,37.32,3.53,1.21,7,629.27,50.27
V005,Eastern Titan,SMPK,20.5555,87.2939,8.72,156.62,32.63,4.31,9,244.97,33.9
V006,Himalaya Dawn,VIZAG,23.4198,81.4481,8.9,263.16,29.82,0.87,1,665.03,57.63
V001,Ganga Glory,HALDIA,23.2611,83.438,14.94,42.94,15.52,2.87,1,494.31,26.57
V007,Ocean Sapphire,SMPK,23.1152,94.2852,9.06,92.52,4.72,3.56,9,616.54,65.54
V007,Ocean Sapphire,PARADIP,25.0834,88.5052,8.7,315.17,5.56,3.63,1,563.84,51.19
V007,Ocean Sapphire,PARADIP,21.9725,84.2117,10.69,120.84,16.48,4.26,0,310.06,24.95
V007,Ocean Sapphire,VIZAG,19.9765,79.4522,10.12,88.47,6.91,0.48,12,476.33,38.66
V007,Ocean Sapphire,SMPK,24.5955,86.7736,11.95,179.15,15.76,4.12,4,275.55,21.91
V003,Odisha Queen,SMPK,25.1479,82.3823,14.73,332.39,23.17,2.55,4,667.46,40.78
V002,Bharat Star,SMPK,18.1708,89.7379,10.17,41.54,11.21,1.23,8,509.48,41.48
V006,Himalaya Dawn,VIZAG,13.7236,89.1692,12.38,287.71,11.55,0.65,10,769.22,51.53
V003,Odisha Queen,PARADIP,16.0907,91.2147,9.71,307.38,23.12,3.29,6,675.69,69.26
V006,Himalaya Dawn,VIZAG,17.9001,80.0015,8.52,289.15,25.54,0.64,4,347.89,32.62
V003,Odisha Queen,SMPK,18.203,89.9194,13.6,109.68,32.58,2.63,12,511.97,43.96
V006,Himalaya Dawn,HALDIA,17.0234,92.9869,10.69,293.4,9.14,2.52,11,757.52,68.42
V006,Himalaya Dawn,VIZAG,17.6842,76.3797,14.31,263.09,4.0,1.9,11,730.96,45.17
V005,Eastern Titan,PARADIP,18.1273,86.9295,11.73,33.07,25.26,2.07,5,245.98,19.03
V001,Ganga Glory,PARADIP,22.7433,87.8135,10.4,2.86,16.31,4.5,10,296.39,32.3
V007,Ocean Sapphire,HALDIA,20.9477,83.4552,13.48,288.75,15.82,4.27,2,490.86,33.07
V006,Himalaya Dawn,SMPK,24.4643,82.412,13.95,65.93,12.28,2.15,6,636.92,38.95
V002,Bharat Star,SMPK,22.6226,95.4687,14.65,8.91,10.11,2.23,12,735.96,48.91
V001,Ganga Glory,VIZAG,19.9312,81.0415,11.05,120.19,34.35,2.94,12,342.94,37.35
V005,Eastern Titan,VIZAG,21.5646,82.8882,12.36,248.11,10.48,4.04,7,432.78,34.54
V005,Eastern Titan,HALDIA,22.8812,84.7703,11.58,240.83,17.25,0.42,7,351.68,24.12
V001,Ganga Glory,VIZAG,19.7796,84.8987,9.65,93.5,15.2,0.21,1,288.16,19.51
V004,Steel Infinity,VIZAG,18.5901,88.1851,8.94,192.54,3.3,0.5,11,527.87,45.98
V007,Ocean Sapphire,SMPK,16.9677,84.5673,13.27,324.39,15.53,2.59,5,733.29,48.57
V004,Steel Infinity,SMPK,19.9498,88.6457,8.24,357.21,4.21,3.3,7,291.34,31.72
V004,Steel Infinity,HALDIA,20.1511,89.4321,11.6,11.46,9.69,2.59,0,250.98,15.86
V002,Bharat Star,VIZAG,22.2682,83.4161,8.56,110.53,20.1,3.06,4,509.27,54.28
V007,Ocean Sapphire,PARADIP,26.7497,83.8232,12.76,302.55,9.46,4.21,7,769.62,59.77
V001,Ganga Glory,HALDIA,21.7119,83.6561,9.34,109.38,16.96,2.57,8,455.67,46.64
V007,Ocean Sapphire,HALDIA,24.4386,81.3109,8.38,232.49,16.03,3.56,1,740.51,74.59
V004,Steel Infinity,SMPK,20.1666,89.4781,11.01,82.92,6.26,2.98,12,291.75,26.5
V004,Steel Infinity,HALDIA,21.3387,91.1877,10.27,320.39,34.05,4.29,11,331.69,41.08
V003,Odisha Queen,SMPK,25.824,83.7643,9.3,143.5,5.29,2.41,4,586.59,49.42
V006,Himalaya Dawn,VIZAG,22.5461,82.278,8.02,96.25,22.03,2.93,11,550.01,74.59
V003,Odisha Queen,SMPK,22.1251,90.0579,10.0,188.45,25.17,1.98,10,186.87,19.03
V007,Ocean Sapphire,HALDIA,20.5206,93.3668,11.79,178.83,6.76,1.66,5,574.27,37.35
V006,Himalaya Dawn,HALDIA,20.1865,89.7115,8.67,352.1,3.53,3.28,8,265.45,27.99
V004,Steel Infinity,VIZAG,19.8288,83.5052,14.94,160.33,15.97,0.38,2,239.0,10.98
V001,Ganga Glory,VIZAG,16.67,84.9851,10.71,131.65,19.56,4.31,0,213.71,17.54
V005,Eastern Titan,PARADIP,18.9253,89.5421,14.25,176.04,12.37,2.94,9,343.09,23.43
V003,Odisha Queen,PARADIP,20.1948,83.6127,9.06,291.41,8.84,0.25,5,314.02,23.98
V001,Ganga Glory,HALDIA,28.7086,87.2322,14.94,3.02,32.11,2.29,12,749.47,57.17
V003,Odisha Queen,VIZAG,15.0556,80.0747,10.51,96.51,21.82,2.76,11,450.25,46.01
V002,Bharat Star,PARADIP,17.1417,90.0563,14.55,198.04,7.42,4.49,10,505.76,37.2
V004,Steel Infinity,PARADIP,17.6508,88.2971,12.37,60.87,10.4,1.81,4,345.23,21.7
V001,Ganga Glory,VIZAG,20.5404,78.3803,13.33,23.7,27.55,3.78,8,604.46,50.26
V005,Eastern Titan,SMPK,19.0459,89.9195,8.33,337.25,26.79,2.32,9,424.43,52.47
V002,Bharat Star,HALDIA,24.642,90.7721,9.71,241.52,29.03,3.49,12,402.88,49.99
V002,Bharat Star,HALDIA,19.1776,88.4704,10.85,136.34,2.94,1.84,11,317.83,25.54
V003,Odisha Queen,VIZAG,16.2038,80.237,12.88,194.96,12.74,0.56,8,363.41,22.39
V007,Ocean Sapphire,VIZAG,16.66,89.2831,8.49,233.53,16.09,4.46,12,647.91,90.15
V004,Steel Infinity,PARADIP,26.0098,89.4373,11.34,56.94,3.13,3.74,11,695.08,61.94
V007,Ocean Sapphire,HALDIA,22.7896,81.4275,8.21,204.42,20.78,1.88,1,687.28,65.07
V001,Ganga Glory,HALDIA,17.9572,86.5731,12.52,225.72,4.02,4.04,12,476.67,40.43
V007,Ocean Sapphire,HALDIA,20.6659,89.534,11.71,167.33,21.08,2.27,0,213.64,14.18
V006,Himalaya Dawn,VIZAG,15.7416,83.8591,8.86,2.0,34.76,0.87,2,225.25,20.89
V002,Bharat Star,VIZAG,18.4392,86.367,9.17,351.73,24.59,0.42,10,336.79,33.23
V002,Bharat Star,SMPK,18.9516,84.2512,10.2,37.87,8.42,2.78,11,580.73,55.74
V005,Eastern Titan,HALDIA,18.0328,88.4632,13.08,146.5,22.19,2.21,4,444.24,29.66
V006,Himalaya Dawn,HALDIA,22.9221,91.2241,10.63,223.43,30.13,3.07,11,340.57,37.03
V007,Ocean Sapphire,VIZAG,22.8799,81.377,9.77,264.82,28.95,3.15,5,610.24,62.31
V003,Odisha Queen,SMPK,17.6751,91.0972,12.41,179.8,29.52,4.32,9,615.68,58.82
V002,Bharat Star,VIZAG,20.9218,83.6974,8.93,325.73,5.61,1.08,3,362.01,27.81
V005,Eastern Titan,VIZAG,20.7116,77.0049,8.75,143.82,23.93,0.34,4,739.53,65.17
V006,Himalaya Dawn,HALDIA,25.2856,89.932,8.32,71.45,8.95,0.29,8,411.1,37.04
V004,Steel Infinity,PARADIP,20.7528,84.342,8.64,258.51,5.15,0.8,0,242.04,17.14
V007,Ocean Sapphire,VIZAG,23.5555,83.7127,11.77,259.34,30.45,4.32,11,653.76,69.36
V002,Bharat Star,SMPK,25.268,84.6513,9.54,306.49,14.82,0.28,12,478.4,43.35
V004,Steel Infinity,SMPK,26.4335,83.589,12.65,70.69,30.27,2.41,0,643.08,42.43
V005,Eastern Titan,VIZAG,12.3936,85.5713,9.39,59.64,17.94,2.57,7,638.23,63.87
V004,Steel Infinity,HALDIA,23.369,85.189,12.32,101.28,13.93,2.51,7,331.02,24.43
V004,Steel Infinity,SMPK,25.0356,92.491,11.42,66.69,16.58,3.44,5,508.1,41.75
V003,Odisha Queen,VIZAG,20.9527,81.3285,9.97,120.71,17.63,4.01,11,416.58,47.39
V007,Ocean Sapphire,VIZAG,17.1033,77.5606,10.92,330.11,15.79,0.42,7,610.35,43.88
V001,Ganga Glory,SMPK,18.3566,83.6597,10.87,179.55,15.48,3.64,2,671.55,53.76
V004,Steel Infinity,VIZAG,10.7509,85.4735,9.41,118.55,3.9,3.17,0,806.95,62.88
V007,Ocean Sapphire,SMPK,24.8988,87.5782,9.63,221.33,18.45,0.85,11,271.31,25.72
V002,Bharat Star,VIZAG,18.0714,81.2679,11.45,232.58,23.91,2.64,5,217.11,17.72
V004,Steel Infinity,VIZAG,15.9435,90.0649,8.48,5.67,24.37,0.69,5,747.77,71.96
V002,Bharat Star,SMPK,28.4013,85.862,14.17,166.67,25.24,3.98,5,695.08,50.33
V006,Himalaya Dawn,SMPK,19.8013,92.1605,10.65,269.07,22.55,2.91,10,503.58,50.39
V001,Ganga Glory,HALDIA,19.404,90.559,14.08,9.7,31.35,0.57,1,389.24,21.1
V004,Steel Infinity,VIZAG,13.7183,82.4207,12.41,69.14,11.35,4.2,0,451.1,30.14
V002,Bharat Star,HALDIA,24.7009,92.2783,8.92,290.36,25.66,1.72,9,524.3,57.65
V003,Odisha Queen,PARADIP,22.7135,86.9594,8.28,17.21,28.0,4.06,12,268.45,40.19
V002,Bharat Star,PARADIP,20.0566,82.4461,9.06,328.45,10.81,1.64,10,436.57,43.06
V006,Himalaya Dawn,VIZAG,22.5834,81.4036,8.42,74.34,6.09,1.83,8,578.28,57.25
V004,Steel Infinity,PARADIP,17.3685,87.1788,12.89,108.8,10.15,1.14,1,333.41,17.5
V005,Eastern Titan,SMPK,19.6958,86.9268,11.07,130.64,2.4,1.21,2,347.86,20.61
V004,Steel Infinity,PARADIP,24.1825,87.7323,10.98,286.63,31.81,4.46,3,444.47,42.08
V002,Bharat Star,VIZAG,21.6711,80.8833,9.49,33.22,31.06,2.19,8,508.82,54.97
V001,Ganga Glory,PARADIP,18.8844,91.2763,13.97,297.07,9.75,4.13,5,513.17,34.49
V003,Odisha Queen,VIZAG,22.4247,85.4582,14.62,24.01,2.37,3.08,1,573.5,29.07
V007,Ocean Sapphire,PARADIP,23.7461,88.4409,11.36,292.44,29.79,4.09,10,424.67,44.83
V002,Bharat Star,PARADIP,20.5427,92.5594,10.19,35.22,23.84,4.46,5,619.34,63.65
V004,Steel Infinity,SMPK,21.6475,93.9496,12.54,175.43,10.44,0.23,12,590.6,39.02
V004,Steel Infinity,VIZAG,13.5418,88.7694,10.7,176.42,18.75,0.69,10,747.08,61.65
V004,Steel Infinity,SMPK,18.4599,82.9942,9.94,55.28,23.57,3.22,9,715.54,76.98
V007,Ocean Sapphire,VIZAG,16.0624,84.2493,8.9,171.29,28.61,3.11,6,208.31,23.85
V002,Bharat Star,SMPK,21.5717,86.3387,13.18,102.13,13.53,1.2,8,229.53,14.65
V005,Eastern Titan,HALDIA,21.0408,86.3959,12.57,248.88,13.92,3.2,6,203.08,15.04
V007,Ocean Sapphire,SMPK,21.1054,86.6389,11.67,326.89,18.21,2.3,5,234.94,17.67
V004,Steel Infinity,PARADIP,24.8964,87.3259,8.76,187.61,6.18,2.9,1,514.0,44.17
V007,Ocean Sapphire,HALDIA,19.1152,82.7245,8.38,349.73,12.87,3.44,2,641.91,64.63
V004,Steel Infinity,HALDIA,18.0374,87.8715,14.65,234.61,8.55,2.94,11,442.17,29.94
V007,Ocean Sapphire,VIZAG,21.5683,85.5254,10.82,228.75,2.97,2.1,3,491.17,33.16
V005,Eastern Titan,PARADIP,19.9719,88.5418,10.21,129.43,8.02,3.46,8,204.32,19.14
V004,Steel Infinity,PARADIP,17.9121,86.9114,8.75,173.29,24.45,4.14,2,269.49,29.26
V003,Odisha Queen,PARADIP,19.9923,93.2353,13.39,325.85,28.94,3.3,10,691.45,58.76
V002,Bharat Star,PARADIP,14.6612,85.415,13.41,357.45,10.42,1.25,11,642.06,42.33
V006,Himalaya Dawn,PARADIP,16.3522,90.2816,10.45,345.92,24.87,1.29,1,586.46,43.03
V007,Ocean Sapphire,PARADIP,14.1186,86.9226,12.28,247.88,3.31,0.62,12,690.31,45.26
V006,Himalaya Dawn,PARADIP,18.3908,85.1284,14.38,262.89,21.33,2.22,10,265.52,18.63
V003,Odisha Queen,PARADIP,21.1303,93.0782,12.26,33.31,32.77,3.84,6,677.62,60.34
V005,Eastern Titan,VIZAG,16.7033,85.9318,14.93,149.14,10.56,4.32,4,302.29,18.85
V001,Ganga Glory,HALDIA,18.5114,89.4433,11.63,129.6,24.39,2.06,5,414.91,32.16
V001,Ganga Glory,HALDIA,25.6315,84.465,8.75,29.42,12.05,0.6,10,543.88,51.56
V006,Himalaya Dawn,HALDIA,20.9447,95.2282,12.89,45.68,24.05,0.83,6,751.04,49.17
V007,Ocean Sapphire,VIZAG,16.0795,85.3267,13.0,96.13,18.1,1.15,9,281.94,19.3
V005,Eastern Titan,HALDIA,27.9586,86.3997,13.04,145.98,5.65,0.25,4,682.27,34.27
V006,Himalaya Dawn,PARADIP,23.0487,86.2439,11.61,113.17,4.2,2.07,3,305.89,19.39
V007,Ocean Sapphire,PARADIP,18.55,93.4191,9.74,343.34,18.28,1.69,10,739.53,72.11
V005,Eastern Titan,VIZAG,12.8304,81.1413,13.56,358.44,2.9,2.05,1,587.02,29.73
V006,Himalaya Dawn,PARADIP,23.0017,80.0332,10.33,307.69,8.49,1.06,3,743.01,50.47
V002,Bharat Star,VIZAG,20.27,82.8143,13.07,92.34,21.11,3.13,3,291.04,19.99
V004,Steel Infinity,HALDIA,20.0674,86.5481,8.05,275.99,22.95,4.35,3,266.98,32.52
V005,Eastern Titan,PARADIP,25.9404,83.1778,10.54,197.69,20.79,4.24,9,717.16,76.24
V006,Himalaya Dawn,PARADIP,17.8858,87.8162,10.82,52.74,10.61,3.61,7,298.43,26.46
V006,Himalaya Dawn,PARADIP,25.2897,91.2402,10.91,132.96,20.96,0.8,12,727.61,63.21
V006,Himalaya Dawn,PARADIP,13.9976,89.9747,11.92,166.76,24.59,3.89,7,788.11,70.71
V004,Steel Infinity,HALDIA,21.2055,85.8356,10.72,14.29,27.94,0.89,0,246.74,17.02
V005,Eastern Titan,PARADIP,19.0867,88.7245,12.83,294.09,3.55,3.22,3,259.5,16.18
V001,Ganga Glory,SMPK,21.6266,85.9129,10.67,80.8,22.15,3.34,11,266.52,27.94
V002,Bharat Star,SMPK,23.2681,86.5522,8.16,191.63,20.74,1.82,10,196.01,23.46
V004,Steel Infinity,VIZAG,12.9609,84.271,13.14,273.85,12.62,2.7,6,536.48,36.36
V006,Himalaya Dawn,PARADIP,13.8731,88.7411,9.93,300.28,11.83,2.42,7,751.42,67.32
V007,Ocean Sapphire,VIZAG,18.1739,80.175,11.06,329.84,9.45,3.02,2,332.86,24.09
V002,Bharat Star,HALDIA,16.201,87.2108,10.3,277.81,2.39,1.53,8,652.05,49.92
V004,Steel Infinity,VIZAG,22.1033,78.5759,14.31,260.69,32.55,3.79,11,694.67,59.47
V005,Eastern Titan,HALDIA,27.1135,87.8034,11.37,11.31,10.23,2.74,1,568.08,38.3
V005,Eastern Titan,PARADIP,15.0062,83.428,9.56,109.17,27.5,1.68,7,680.73,67.18
V003,Odisha Queen,VIZAG,20.2231,80.7874,9.97,45.67,25.35,4.49,5,384.75,40.84
V004,Steel Infinity,PARADIP,22.1602,87.7765,13.69,51.34,22.19,1.13,2,237.14,13.25
V003,Odisha Queen,HALDIA,19.4716,83.505,9.81,26.46,28.54,0.84,2,551.33,44.11
V007,Ocean Sapphire,SMPK,20.9552,94.4229,14.53,6.8,20.45,1.61,1,656.68,34.36
V004,Steel Infinity,SMPK,17.3493,87.7531,12.43,226.81,3.03,1.07,11,581.11,38.21
V003,Odisha Queen,PARADIP,23.8265,84.5064,10.89,9.54,6.03,3.21,12,446.59,41.65
V003,Odisha Queen,PARADIP,20.5818,89.0953,12.77,324.74,19.96,3.79,8,259.53,21.51
V001,Ganga Glory,HALDIA,22.0667,93.0574,12.36,124.05,5.71,1.13,2,515.1,27.95
V003,Odisha Queen,SMPK,25.4279,86.8426,13.78,67.75,24.85,3.48,3,352.59,24.07
V001,Ganga Glory,HALDIA,21.5474,83.3544,8.5,169.5,2.18,2.05,7,488.59,46.14
V006,Himalaya Dawn,VIZAG,15.0241,86.6747,8.01,288.49,32.05,3.59,11,468.0,70.55
V005,Eastern Titan,PARADIP,22.3783,89.22,9.82,350.23,15.77,1.08,11,353.38,32.75
V002,Bharat Star,HALDIA,25.0617,83.44,9.83,31.34,29.53,2.64,4,580.4,55.73
V001,Ganga Glory,SMPK,23.8434,89.9817,11.68,114.97,2.61,2.37,4,224.11,14.68
V005,Eastern Titan,HALDIA,25.4892,84.1439,8.76,12.16,34.6,2.52,11,555.38,72.82
V006,Himalaya Dawn,HALDIA,18.4073,86.2014,14.28,112.24,4.14,2.79,3,445.06,24.24
V005,Eastern Titan,HALDIA,16.1348,88.5365,8.48,198.3,31.72,1.23,10,655.21,78.21
V006,Himalaya Dawn,VIZAG,12.9559,81.2128,14.16,61.09,17.92,4.0,7,571.15,41.65
V006,Himalaya Dawn,SMPK,25.3207,83.4843,11.93,329.52,26.23,1.68,9,578.24,47.59
V002,Bharat Star,HALDIA,20.2995,84.5977,8.7,233.95,11.37,2.31,8,406.29,42.1
V006,Himalaya Dawn,PARADIP,21.7332,91.3674,9.65,206.85,30.46,0.51,2,517.15,41.62
V005,Eastern Titan,HALDIA,18.6272,93.572,13.49,241.2,5.39,4.04,11,686.79,53.37
V002,Bharat Star,PARADIP,20.4687,84.453,13.09,340.27,11.83,4.3,12,226.45,19.69
V006,Himalaya Dawn,SMPK,16.7988,87.912,9.65,188.63,29.31,3.23,12,640.79,78.87
V003,Odisha Queen,VIZAG,15.3839,84.3004,14.07,143.19,16.77,0.47,6,278.54,15.33
V003,Odisha Queen,PARADIP,16.7758,88.1571,11.61,346.29,7.97,3.91,2,426.1,30.92
V005,Eastern Titan,SMPK,21.1569,92.5247,8.95,223.04,24.78,0.4,7,462.68,43.56
V007,Ocean Sapphire,SMPK,25.7337,84.5643,12.57,320.17,19.77,3.99,5,518.6,40.94
V001,Ganga Glory,VIZAG,24.458,84.9467,8.06,124.07,6.29,4.4,11,772.15,103.5
V002,Bharat Star,SMPK,17.2131,83.746,9.7,3.32,16.09,2.61,1,760.72,62.09
V005,Eastern Titan,SMPK,18.6859,93.7037,9.35,349.53,3.14,4.08,11,707.59,78.33
V007,Ocean Sapphire,HALDIA,22.3295,92.5666,10.45,82.81,24.76,1.43,8,465.4,41.5
V006,Himalaya Dawn,HALDIA,21.2305,90.5027,11.53,3.84,11.48,1.23,6,266.97,18.28
V006,Himalaya Dawn,HALDIA,18.2362,93.2748,12.97,317.35,3.15,3.29,5,687.28,44.83
V005,Eastern Titan,PARADIP,23.8427,86.5851,13.97,180.45,21.23,3.57,4,391.73,26.65
V005,Eastern Titan,VIZAG,14.421,82.7578,10.15,19.93,15.75,0.62,3,367.75,26.04
V002,Bharat Star,HALDIA,22.7292,83.0167,13.81,300.23,17.45,4.26,9,524.69,41.75
V005,Eastern Titan,VIZAG,16.9991,85.9934,11.95,165.71,2.89,1.19,3,298.06,16.86
V003,Odisha Queen,VIZAG,24.665,84.639,9.21,8.12,24.33,3.85,11,788.25,100.19
V003,Odisha Queen,HALDIA,27.7275,87.3076,10.69,7.11,33.3,2.17,2,640.27,53.18
V006,Himalaya Dawn,SMPK,20.297,88.636,10.35,207.98,16.44,2.85,11,252.92,25.46
V006,Himalaya Dawn,SMPK,26.5563,84.3927,12.63,26.31,28.36,0.78,10,595.41,45.1
V002,Bharat Star,HALDIA,15.8877,86.4038,11.0,156.7,11.63,0.54,8,702.67,50.13
V002,Bharat Star,PARADIP,20.4575,89.5752,11.91,78.42,31.26,3.19,8,308.39,28.32
V001,Ganga Glory,HALDIA,17.3904,89.8944,13.98,81.51,33.79,4.05,11,548.38,49.16
V006,Himalaya Dawn,PARADIP,19.4117,83.1521,9.73,264.52,18.48,3.95,4,376.46,37.0
V001,Ganga Glory,PARADIP,13.9052,84.5214,13.36,48.85,34.18,4.33,5,747.3,61.72
V005,Eastern Titan,HALDIA,19.0504,90.9915,14.3,22.46,34.83,4.44,1,448.84,31.32
V006,Himalaya Dawn,HALDIA,21.6034,86.0245,12.87,284.08,14.77,0.92,5,214.95,12.87
V005,Eastern Titan,PARADIP,22.3532,85.4854,14.15,54.44,8.57,3.1,6,254.8,16.03
V004,Steel Infinity,PARADIP,21.9014,82.8941,13.18,323.26,27.22,3.46,6,424.59,33.25
V002,Bharat Star,SMPK,23.7895,93.245,9.57,349.81,23.67,1.82,2,523.93,44.5
V005,Eastern Titan,VIZAG,16.9732,76.0721,13.83,355.63,7.46,0.34,10,769.18,43.32
V006,Himalaya Dawn,SMPK,22.3629,85.1,8.81,140.38,2.31,0.38,5,329.49,24.66
V007,Ocean Sapphire,HALDIA,18.0074,91.4988,9.02,76.29,13.91,2.85,6,571.92,57.6
V003,Odisha Queen,PARADIP,24.6784,81.8946,8.1,234.55,32.16,2.53,7,685.81,87.19
V005,Eastern Titan,VIZAG,14.5763,82.4959,8.3,38.07,24.81,2.14,4,356.21,37.99
V002,Bharat Star,HALDIA,25.4746,91.7518,8.52,70.48,10.94,1.72,8,538.09,54.23
V001,Ganga Glory,SMPK,27.7124,91.9538,12.08,10.05,30.25,2.68,6,681.65,56.54
V006,Himalaya Dawn,SMPK,20.4196,90.9094,14.64,129.74,33.52,2.83,3,359.16,23.39
V007,Ocean Sapphire,PARADIP,21.7017,82.5278,12.36,120.07,15.38,3.91,11,451.69,40.58
V003,Odisha Queen,SMPK,15.6254,87.3183,14.46,113.53,11.4,2.32,0,776.85,39.09
V007,Ocean Sapphire,VIZAG,11.6432,81.9002,13.52,9.52,17.84,2.89,9,688.54,51.31
V007,Ocean Sapphire,HALDIA,17.7223,88.0017,9.9,261.37,8.32,2.29,3,476.81,37.23
V004,Steel Infinity,VIZAG,18.5557,80.8678,13.8,83.82,24.56,1.54,10,272.48,19.42
V007,Ocean Sapphire,HALDIA,20.7295,94.1151,11.53,172.06,28.75,2.23,11,642.92,60.54
V001,Ganga Glory,VIZAG,19.4058,77.4248,11.6,80.96,15.03,3.59,11,646.01,60.42
V003,Odisha Queen,HALDIA,20.5026,89.7078,11.47,62.77,17.94,2.45,0,239.27,16.06
V007,Ocean Sapphire,VIZAG,16.8463,87.4365,14.4,98.13,19.56,1.01,6,451.2,25.92
V005,Eastern Titan,PARADIP,20.1263,88.8762,9.09,185.38,20.79,2.05,1,236.4,20.46
V001,Ganga Glory,SMPK,27.0236,88.84,12.73,44.02,27.51,2.25,9,500.42,40.49
V001,Ganga Glory,PARADIP,20.5197,90.9157,13.43,238.19,6.69,2.94,11,448.18,32.66
V002,Bharat Star,PARADIP,16.3512,88.0693,13.3,218.8,25.98,1.56,10,467.06,34.94
V002,Bharat Star,VIZAG,17.9704,79.3947,12.84,76.69,16.63,2.29,4,412.45,27.13
V004,Steel Infinity,PARADIP,24.2167,88.0357,9.31,257.35,14.94,2.15,4,457.12,40.57
V006,Himalaya Dawn,PARADIP,19.7214,84.0716,9.01,62.87,19.84,3.03,0,274.44,24.72
V001,Ganga Glory,PARADIP,15.0293,84.8087,12.34,301.13,9.58,2.49,9,618.78,46.29
V007,Ocean Sapphire,VIZAG,23.4315,82.0892,8.11,216.79,18.7,3.21,1,650.34,67.33
V001,Ganga Glory,SMPK,17.0637,86.8544,13.6,239.57,8.0,2.96,2,628.5,36.43
V004,Steel Infinity,VIZAG,12.7964,83.6982,10.8,264.82,13.49,2.26,3,545.99,40.55
V006,Himalaya Dawn,PARADIP,14.6812,90.2082,8.93,356.23,22.62,3.53,9,733.33,89.05
V002,Bharat Star,VIZAG,12.5074,82.2954,14.14,29.61,13.21,2.78,0,585.89,31.58
V007,Ocean Sapphire,PARADIP,17.6047,91.5232,13.44,258.15,20.33,2.77,7,597.45,43.04
V004,Steel Infinity,VIZAG,20.1143,83.6528,11.19,144.49,21.55,2.21,8,272.4,23.44
V003,Odisha Queen,HALDIA,24.5398,93.2373,9.16,18.43,8.33,4.07,0,598.92,52.68
V005,Eastern Titan,PARADIP,16.7174,86.6448,13.35,162.12,2.35,2.73,11,400.6,27.98
V005,Eastern Titan,SMPK,26.7168,89.8016,10.73,231.4,29.42,2.92,0,487.53,38.95
V003,Odisha Queen,PARADIP,20.5641,90.0972,9.35,330.59,34.95,0.49,1,363.3,30.26
V003,Odisha Queen,PARADIP,22.6634,92.7309,9.32,30.81,27.57,2.79,2,683.75,65.37
V005,Eastern Titan,PARADIP,24.4309,88.6325,13.32,346.91,9.26,0.79,11,501.74,31.72
V006,Himalaya Dawn,HALDIA,20.5789,86.8261,9.15,191.27,25.9,1.78,7,204.11,20.96
V005,Eastern Titan,VIZAG,19.8225,85.1263,9.46,155.96,23.09,2.09,7,306.61,30.53
V006,Himalaya Dawn,SMPK,19.9129,86.9726,9.11,130.17,3.73,0.58,3,323.9,22.94
V002,Bharat Star,VIZAG,20.6572,88.336,14.98,57.16,19.53,1.9,1,625.08,32.19
V007,Ocean Sapphire,HALDIA,23.0996,94.1334,14.12,338.37,5.95,0.81,4,635.28,31.06
V002,Bharat Star,SMPK,24.309,84.5784,13.81,213.37,6.24,3.77,7,427.08,29.11
V007,Ocean Sapphire,VIZAG,16.056,80.2846,12.1,104.0,13.8,3.21,6,366.87,28.22
V005,Eastern Titan,SMPK,16.8691,84.7611,12.06,65.43,12.69,1.66,2,732.19,44.99
V005,Eastern Titan,PARADIP,25.423,82.1757,13.55,154.63,15.61,0.76,6,727.38,42.19
V007,Ocean Sapphire,HALDIA,26.1579,86.2432,14.1,34.15,30.36,0.76,5,496.71,30.2
V007,Ocean Sapphire,PARADIP,24.5682,86.9464,14.0,332.55,22.66,1.95,8,473.57,32.22
V006,Himalaya Dawn,PARADIP,13.8865,85.3015,14.41,320.0,21.66,0.85,10,728.95,46.28
V005,Eastern Titan,HALDIA,23.3626,92.6306,11.4,290.3,18.59,0.33,1,492.41,29.32
V007,Ocean Sapphire,VIZAG,18.5044,85.3109,13.99,41.09,34.78,1.34,4,232.97,14.94
V003,Odisha Queen,HALDIA,15.4038,85.4476,14.2,160.35,26.88,2.81,7,784.34,55.99
V002,Bharat Star,HALDIA,26.8299,91.9066,13.67,100.57,24.19,3.84,2,662.39,45.13
V001,Ganga Glory,VIZAG,14.7125,89.333,8.09,150.35,34.64,1.23,4,726.1,79.86
V004,Steel Infinity,SMPK,22.2593,81.6815,14.02,198.63,33.78,1.25,12,681.11,52.24
V007,Ocean Sapphire,PARADIP,18.3445,87.6417,11.6,353.86,28.61,3.54,10,244.42,24.29
V005,Eastern Titan,SMPK,23.8564,93.0799,8.93,157.8,12.83,2.99,12,509.62,59.87
V003,Odisha Queen,HALDIA,25.0122,83.9425,10.89,177.04,22.79,1.75,11,536.31,49.67
V004,Steel Infinity,PARADIP,21.4285,81.0489,12.32,265.39,15.21,4.06,6,591.75,47.75
V006,Himalaya Dawn,VIZAG,20.5734,80.7561,13.49,283.44,32.35,0.78,4,416.03,26.16
V003,Odisha Queen,SMPK,29.2189,87.0885,13.33,242.07,34.99,3.87,0,751.36,52.93
V003,Odisha Queen,HALDIA,20.7224,89.856,11.49,40.71,5.75,3.15,7,234.71,18.34
V006,Himalaya Dawn,SMPK,28.1938,84.3809,9.91,277.13,3.49,2.69,7,740.71,63.74
V003,Odisha Queen,SMPK,20.7854,91.994,12.65,66.42,4.71,2.41,1,429.18,24.34
V004,Steel Infinity,PARADIP,21.2774,82.492,14.21,10.93,9.59,2.73,0,442.09,23.02
V004,Steel Infinity,HALDIA,16.1486,89.3699,11.75,295.29,29.01,1.33,2,666.12,46.24
V004,Steel Infinity,HALDIA,20.3241,91.3964,14.34,135.25,16.37,0.44,8,393.46,22.22
V002,Bharat Star,PARADIP,16.1417,90.9674,11.08,41.88,23.74,2.47,9,653.1,60.07
V007,Ocean Sapphire,VIZAG,22.0715,81.2745,10.87,60.82,29.43,3.82,4,530.39,49.53
V001,Ganga Glory,HALDIA,23.7111,90.1146,8.25,164.02,6.87,0.96,11,283.01,28.73
V006,Himalaya Dawn,HALDIA,17.3896,83.2732,12.57,193.38,34.43,2.62,1,717.54,51.05
V001,Ganga Glory,SMPK,19.8617,84.5996,12.66,180.3,31.26,2.91,10,486.27,43.29
V005,Eastern Titan,SMPK,16.7919,83.8826,9.79,329.39,25.3,4.4,10,789.7,95.98
V006,Himalaya Dawn,VIZAG,20.1355,87.6133,13.53,220.31,29.39,1.83,9,530.73,39.77
V006,Himalaya Dawn,PARADIP,23.7352,86.5576,9.41,281.63,30.91,0.82,1,379.81,31.26
V001,Ganga Glory,HALDIA,19.7168,92.1531,11.99,142.65,27.59,2.99,5,495.83,40.48
V003,Odisha Queen,SMPK,25.485,86.7497,9.39,101.83,8.5,4.3,9,362.35,40.14
V001,Ganga Glory,SMPK,17.3597,83.9075,14.86,286.8,5.76,4.17,0,737.33,39.55
V003,Odisha Queen,SMPK,21.4964,85.0507,11.1,113.13,19.75,3.31,0,354.83,26.41
V001,Ganga Glory,VIZAG,20.0566,85.1155,10.77,119.04,21.82,3.83,9,326.4,33.3
V001,Ganga Glory,HALDIA,23.5293,89.471,13.3,30.37,18.28,2.45,7,222.41,15.62
V004,Steel Infinity,PARADIP,19.3375,90.0948,10.48,233.75,27.01,1.84,5,379.53,32.73
V006,Himalaya Dawn,HALDIA,19.8008,86.2457,13.33,49.18,5.67,3.31,3,309.61,18.99
V004,Steel Infinity,PARADIP,17.4724,84.2013,9.33,291.73,2.09,3.55,6,406.19,38.21
V006,Himalaya Dawn,SMPK,17.2945,89.9026,9.47,36.44,23.96,1.94,3,607.9,54.22
V005,Eastern Titan,PARADIP,20.9984,83.7774,11.92,284.37,23.79,3.37,10,305.22,28.33
V005,Eastern Titan,HALDIA,17.951,83.9292,12.75,45.37,8.46,1.06,8,624.45,39.1
V003,Odisha Queen,PARADIP,27.2123,88.7964,13.92,254.34,4.14,4.05,0,797.69,44.81
V001,Ganga Glory,SMPK,25.7684,85.3662,9.39,250.71,23.24,0.5,11,465.43,45.7
V002,Bharat Star,HALDIA,24.0531,86.9523,9.5,170.52,16.37,4.14,10,253.89,29.64
V002,Bharat Star,SMPK,26.0091,92.8103,11.88,269.38,15.27,2.17,1,597.35,38.36
V002,Bharat Star,HALDIA,28.8913,89.0637,14.7,231.51,20.22,2.51,3,771.77,44.94
V003,Odisha Queen,SMPK,23.8351,83.6938,9.08,352.99,33.74,3.58,5,491.97,57.12
V004,Steel Infinity,SMPK,20.7232,89.3792,14.44,313.98,4.18,2.32,6,231.74,13.04
V002,Bharat Star,VIZAG,11.0041,81.343,8.81,229.8,12.07,2.98,6,772.13,79.33
V004,Steel Infinity,VIZAG,19.5217,85.0222,9.35,319.39,3.97,0.2,7,274.21,20.33
V003,Odisha Queen,HALDIA,26.0224,91.9313,13.83,48.54,27.04,0.26,0,594.6,30.13
V002,Bharat Star,VIZAG,17.0002,81.3613,14.52,305.79,7.16,3.35,6,217.61,13.44
V003,Odisha Queen,SMPK,24.9136,90.5846,9.24,290.26,13.17,4.07,12,350.92,42.96
V006,Himalaya Dawn,HALDIA,25.335,81.956,13.44,244.13,18.27,3.34,4,723.11,49.41
V007,Ocean Sapphire,VIZAG,16.8314,81.4231,14.34,335.24,14.7,0.45,0,219.07,9.85
V004,Steel Infinity,VIZAG,11.5275,81.0194,9.87,315.64,11.53,3.51,6,727.08,68.92
V007,Ocean Sapphire,VIZAG,12.6673,81.916,8.73,342.27,19.51,1.79,1,577.35,50.58
V005,Eastern Titan,SMPK,25.5024,94.0659,9.71,168.38,7.62,1.89,9,671.21,60.04
V001,Ganga Glory,VIZAG,21.5684,86.2053,12.75,268.48,31.15,2.67,12,528.96,48.14
V004,Steel Infinity,PARADIP,23.5108,89.8918,10.39,341.73,31.31,1.69,12,489.64,51.33
V002,Bharat Star,SMPK,19.644,91.4106,13.79,281.13,30.15,1.99,6,456.63,31.68
V005,Eastern Titan,PARADIP,17.723,86.7495,13.19,41.57,3.35,4.23,9,289.09,21.92
V001,Ganga Glory,SMPK,22.7992,83.3175,9.6,8.0,13.78,3.13,2,511.94,44.32
V006,Himalaya Dawn,PARADIP,24.2697,81.8994,14.68,59.62,8.68,1.76,12,654.67,41.4
V007,Ocean Sapphire,PARADIP,19.2371,84.7819,8.37,80.64,32.33,3.23,3,226.91,26.3
V007,Ocean Sapphire,HALDIA,15.581,89.0815,10.43,81.19,19.65,1.56,6,722.91,59.78
V007,Ocean Sapphire,SMPK,25.9071,91.9096,9.24,76.54,18.13,3.98,2,522.73,51.19
V002,Bharat Star,VIZAG,15.9868,81.0629,14.98,94.11,6.66,0.58,9,302.55,15.6
V005,Eastern Titan,SMPK,25.709,85.795,8.14,137.75,11.04,4.41,8,433.56,55.37
V006,Himalaya Dawn,HALDIA,20.1939,89.4856,9.43,111.94,19.73,0.29,8,250.3,21.82
V001,Ganga Glory,HALDIA,19.8546,90.8843,13.11,78.15,7.15,0.9,10,378.76,23.57
V001,Ganga Glory,PARADIP,15.8776,86.6314,11.33,139.45,20.11,4.45,10,493.97,50.45
V004,Steel Infinity,SMPK,21.9161,94.1074,11.03,279.38,25.68,0.87,6,601.85,46.78
V002,Bharat Star,VIZAG,14.7199,81.2986,9.42,296.27,20.2,0.36,2,392.2,29.53
V001,Ganga Glory,HALDIA,20.2332,87.0779,12.63,22.81,3.85,1.44,0,222.28,11.25
V006,Himalaya Dawn,PARADIP,22.1507,84.1068,13.29,88.54,12.92,4.01,9,330.57,26.13
V007,Ocean Sapphire,SMPK,23.9917,82.9781,11.77,239.38,3.19,0.66,9,566.73,36.28
V001,Ganga Glory,VIZAG,16.8994,80.9075,10.13,289.61,27.57,4.28,3,266.78,26.43
V001,Ganga Glory,HALDIA,28.9237,87.7343,10.38,249.77,2.66,0.46,12,769.47,58.44
V004,Steel Infinity,PARADIP,21.0389,90.8599,14.35,323.83,6.62,0.26,8,448.25,22.87
V006,Himalaya Dawn,SMPK,16.4823,89.5855,14.67,142.98,24.38,3.2,7,688.0,47.96
V007,Ocean Sapphire,HALDIA,22.6087,81.7548,13.02,237.81,32.06,0.76,12,651.99,51.43
V004,Steel Infinity,HALDIA,24.9189,88.5446,12.0,341.03,31.57,1.9,5,327.21,25.53
V005,Eastern Titan,SMPK,28.7205,89.8608,11.97,44.67,25.98,1.89,4,703.71,51.56
V003,Odisha Queen,PARADIP,20.5119,82.6474,11.8,358.99,32.98,4.15,3,414.53,36.11
V007,Ocean Sapphire,SMPK,16.694,91.566,13.95,134.51,26.85,3.77,5,735.44,53.94
V003,Odisha Queen,PARADIP,22.1989,88.9317,10.01,121.95,25.7,2.76,2,317.84,27.9
V005,Eastern Titan,SMPK,28.64,90.3739,12.31,199.77,23.36,1.88,4,708.35,49.54
V007,Ocean Sapphire,PARADIP,18.6643,89.3948,14.12,252.84,2.31,0.46,5,344.21,16.2
V002,Bharat Star,PARADIP,20.4477,84.1433,8.56,305.61,17.83,0.68,0,258.54,20.34
V007,Ocean Sapphire,SMPK,17.2063,91.0007,13.59,245.59,6.74,1.17,6,657.83,36.56
V003,Odisha Queen,PARADIP,15.8939,85.1771,11.13,177.8,3.08,1.51,8,515.23,36.66
V004,Steel Infinity,HALDIA,22.1286,84.965,12.37,237.08,13.95,2.72,11,319.2,26.19
V003,Odisha Queen,SMPK,19.1132,93.6382,12.76,257.53,17.06,3.92,0,673.54,44.59
V003,Odisha Queen,VIZAG,17.6052,86.902,11.8,286.73,19.1,0.98,0,383.9,22.67
V002,Bharat Star,VIZAG,13.7812,83.524,14.93,175.56,11.44,1.38,8,435.42,24.47
V007,Ocean Sapphire,PARADIP,21.4047,80.1233,10.55,336.35,7.7,4.38,5,685.67,61.2
V003,Odisha Queen,PARADIP,23.1648,82.306,13.75,175.44,9.58,1.81,5,546.37,31.54
V005,Eastern Titan,SMPK,25.0688,86.0128,8.07,74.99,14.67,4.33,6,364.1,45.46
V001,Ganga Glory,HALDIA,19.6847,89.5727,8.6,21.98,4.47,2.72,3,302.59,27.3
V007,Ocean Sapphire,VIZAG,12.445,83.2698,12.66,323.77,18.07,3.88,7,583.22,47.28
V001,Ganga Glory,SMPK,29.077,87.0207,12.42,346.29,24.06,4.07,0,736.95,52.85
V003,Odisha Queen,PARADIP,26.8797,89.0095,9.61,242.03,22.46,0.74,5,768.9,64.58
V005,Eastern Titan,VIZAG,15.0116,80.7941,13.69,142.35,30.49,0.65,0,398.79,21.58
V005,Eastern Titan,VIZAG,13.1922,83.7828,11.36,160.75,4.86,3.53,10,503.03,43.61
V001,Ganga Glory,VIZAG,19.3002,81.3933,13.41,218.52,29.39,2.96,4,267.65,19.21
V003,Odisha Queen,HALDIA,22.4111,81.3879,14.39,193.68,32.58,4.19,10,688.25,58.64
V002,Bharat Star,HALDIA,22.2612,82.8581,8.55,238.61,28.75,4.46,11,536.49,78.2
V004,Steel Infinity,HALDIA,25.2107,82.1115,13.42,162.26,31.75,3.27,9,702.7,59.11
V002,Bharat Star,PARADIP,19.3682,84.9429,9.82,116.54,25.08,2.98,5,204.86,20.09
V007,Ocean Sapphire,HALDIA,24.6045,85.3074,13.65,309.97,22.71,3.09,0,402.77,24.5
V006,Himalaya Dawn,PARADIP,15.1513,86.2049,8.68,351.76,15.28,1.16,4,576.41,51.02
V006,Himalaya Dawn,SMPK,24.0856,86.9741,14.32,134.36,22.58,0.98,0,217.91,10.89
V005,Eastern Titan,PARADIP,18.9709,84.6822,11.85,96.83,16.85,3.68,12,252.35,24.05
V005,Eastern Titan,HALDIA,20.8873,84.2492,8.81,179.3,7.65,0.43,5,413.67,32.66
V007,Ocean Sapphire,HALDIA,24.6584,85.7973,14.86,358.78,17.52,1.91,1,374.28,19.16
V005,Eastern Titan,HALDIA,18.7998,87.816,13.97,332.65,30.97,1.23,5,357.87,22.81
V002,Bharat Star,VIZAG,16.3077,81.8839,8.81,25.08,18.49,3.98,2,213.69,22.0
V002,Bharat Star,VIZAG,15.4645,77.3305,10.59,175.98,15.84,2.48,3,680.57,53.27
V003,Odisha Queen,VIZAG,20.0816,81.7469,10.1,73.96,26.19,1.7,8,311.02,29.55
V001,Ganga Glory,SMPK,19.0424,86.2475,13.5,221.55,8.68,2.55,4,444.54,26.76
V006,Himalaya Dawn,HALDIA,18.0135,88.9995,12.44,38.25,11.74,0.48,2,455.1,24.44
V002,Bharat Star,SMPK,20.6045,92.4778,12.36,269.91,13.39,3.02,6,483.1,35.79
V005,Eastern Titan,SMPK,22.6867,92.2216,11.24,172.8,33.7,3.44,11,402.8,43.3
V005,Eastern Titan,SMPK,24.9325,84.5402,10.58,235.19,20.45,3.71,5,465.39,43.07
V001,Ganga Glory,SMPK,25.9212,85.4226,9.52,157.89,11.8,0.34,1,474.97,32.0
V001,Ganga Glory,SMPK,26.627,84.5834,14.54,139.38,3.93,4.16,3,588.76,34.72
V003,Odisha Queen,PARADIP,17.3945,84.927,13.73,186.81,28.84,3.12,6,370.88,27.57
V004,Steel Infinity,PARADIP,26.2281,86.4722,13.79,283.34,33.43,3.84,9,657.12,56.22
V003,Odisha Queen,SMPK,16.2144,88.291,8.0,129.04,34.79,1.16,0,704.49,69.68
V001,Ganga Glory,SMPK,20.5063,89.6573,11.75,188.86,4.5,0.66,5,267.11,15.7
V002,Bharat Star,VIZAG,20.8661,85.235,8.93,155.2,24.48,1.4,11,408.43,45.54
V005,Eastern Titan,VIZAG,17.4087,78.4759,11.76,208.52,28.94,0.69,10,510.27,41.41
V005,Eastern Titan,VIZAG,18.6373,84.8988,14.71,91.61,4.28,0.27,6,200.86,9.32
V002,Bharat Star,SMPK,21.6514,95.2868,8.81,261.7,20.88,0.26,3,726.64,59.99
V002,Bharat Star,SMPK,22.7769,91.3812,12.07,121.91,3.22,2.83,1,317.16,19.24
V007,Ocean Sapphire,HALDIA,19.6719,88.0216,12.0,50.26,5.91,0.57,5,260.01,15.03
V007,Ocean Sapphire,PARADIP,24.7015,89.528,13.59,231.94,10.18,3.33,9,571.43,41.41
V003,Odisha Queen,SMPK,25.2913,92.3197,11.77,88.27,22.85,1.85,0,509.7,33.08
V001,Ganga Glory,SMPK,18.3647,86.4351,10.01,207.96,7.04,3.44,2,504.28,40.81
V004,Steel Infinity,HALDIA,19.6098,90.2088,9.88,195.53,15.91,2.55,7,348.0,32.58
V002,Bharat Star,SMPK,23.1798,94.5912,12.67,84.26,26.01,4.44,3,648.32,51.39
V003,Odisha Queen,PARADIP,16.6871,88.0353,13.08,92.29,27.04,2.31,4,430.64,29.93
V007,Ocean Sapphire,SMPK,26.7824,86.4628,11.55,345.86,9.29,0.84,10,505.89,36.21
V006,Himalaya Dawn,SMPK,20.8902,89.4176,10.86,8.06,14.02,4.09,1,217.69,17.29
V005,Eastern Titan,HALDIA,19.2852,85.6854,12.96,10.14,22.5,2.47,8,390.93,29.76
V006,Himalaya Dawn,SMPK,21.6675,86.0589,8.95,325.79,33.61,4.07,12,250.86,35.92
V003,Odisha Queen,VIZAG,15.6933,84.2055,13.64,300.14,30.4,3.18,3,242.92,17.02
V006,Himalaya Dawn,HALDIA,25.0113,86.4888,14.1,217.24,12.92,3.32,5,370.18,23.84
V004,Steel Infinity,PARADIP,22.516,85.2207,11.4,36.18,9.0,4.46,10,283.91,26.87
V005,Eastern Titan,SMPK,22.8896,84.7703,10.78,69.45,25.37,2.43,12,363.98,37.15
V006,Himalaya Dawn,SMPK,21.1504,91.7845,13.63,89.36,8.7,0.71,2,391.84,19.07
V006,Himalaya Dawn,SMPK,18.8353,89.8885,9.36,204.88,7.44,2.86,9,444.86,44.38
V005,Eastern Titan,PARADIP,18.2336,88.9348,14.5,50.57,12.45,2.14,6,335.93,19.78
V002,Bharat Star,PARADIP,24.5146,92.4951,12.67,296.59,7.11,3.63,6,762.87,55.09
V003,Odisha Queen,HALDIA,19.3035,89.9929,13.71,122.64,22.29,1.35,7,361.95,23.45
V003,Odisha Queen,PARADIP,20.5085,84.0791,8.75,279.83,29.81,0.7,4,265.61,25.15
V005,Eastern Titan,VIZAG,11.9869,86.252,8.23,138.01,4.63,2.37,2,710.0,63.45
V003,Odisha Queen,SMPK,21.0861,86.4918,10.95,302.91,30.33,3.79,3,247.66,22.42
V007,Ocean Sapphire,PARADIP,18.3218,86.4936,11.39,99.18,16.26,1.3,11,222.58,18.16
V006,Himalaya Dawn,HALDIA,26.0493,89.149,11.66,51.42,31.88,1.25,6,462.56,36.54
V004,Steel Infinity,VIZAG,20.3092,85.9031,10.61,173.66,21.83,1.36,10,401.08,35.96
V006,Himalaya Dawn,PARADIP,17.7533,85.9609,11.5,279.32,8.84,1.57,1,293.69,17.71
V002,Bharat Star,PARADIP,16.5114,86.0518,11.51,36.26,16.95,0.83,5,427.71,28.92
V004,Steel Infinity,PARADIP,24.9029,83.5286,14.24,236.14,17.17,4.45,8,600.25,45.69
V005,Eastern Titan,SMPK,24.9747,82.9998,9.87,339.44,21.89,1.48,12,602.94,61.39
V007,Ocean Sapphire,HALDIA,16.8258,92.4395,10.44,37.01,31.11,2.74,2,736.9,64.12
V003,Odisha Queen,HALDIA,20.1496,85.5795,10.54,228.69,20.39,0.77,1,330.18,22.35
V004,Steel Infinity,VIZAG,23.2377,82.176,10.51,294.1,23.26,3.49,11,627.5,67.88
V001,Ganga Glory,HALDIA,27.4469,89.5159,11.63,137.23,18.91,3.85,3,622.16,49.62
V006,Himalaya Dawn,VIZAG,24.3155,84.2097,11.93,312.15,31.61,2.44,3,743.0,57.25
V002,Bharat Star,SMPK,18.3616,89.5566,9.26,123.77,9.66,1.66,2,483.77,37.79
V002,Bharat Star,VIZAG,12.5316,81.7948,8.66,245.26,15.58,2.09,5,595.31,58.32
V003,Odisha Queen,SMPK,19.5541,90.0178,11.87,130.8,30.46,0.47,2,377.81,24.65
V006,Himalaya Dawn,HALDIA,18.0311,83.116,10.91,131.48,27.1,1.66,1,679.99,49.85
V007,Ocean Sapphire,SMPK,24.2979,87.0037,8.85,355.92,16.95,4.34,12,235.09,31.31
V005,Eastern Titan,VIZAG,19.6241,80.9071,11.85,44.51,9.58,2.26,2,329.75,21.07
V007,Ocean Sapphire,PARADIP,15.0399,83.9409,10.59,118.55,19.07,3.54,2,652.07,54.5
V003,Odisha Queen,VIZAG,15.9184,79.7772,14.29,218.04,26.38,3.68,4,421.69,29.15
V001,Ganga Glory,VIZAG,19.9442,87.9155,9.15,271.15,23.36,2.41,11,548.46,63.52
V007,Ocean Sapphire,PARADIP,24.5162,86.708,14.84,323.7,33.03,1.35,3,466.68,27.15
V007,Ocean Sapphire,PARADIP,16.6064,86.4129,14.93,141.82,20.44,3.63,2,413.51,24.87
V001,Ganga Glory,PARADIP,22.9936,86.6973,10.97,337.52,21.39,1.38,2,297.39,21.0
V005,Eastern Titan,SMPK,25.4654,84.4321,9.6,302.79,22.49,1.34,10,509.3,50.66
V002,Bharat Star,PARADIP,18.2821,88.9136,13.79,109.05,28.79,2.21,1,330.58,20.15
V001,Ganga Glory,HALDIA,21.4864,91.4703,10.79,232.25,10.23,1.42,3,356.99,24.26
V003,Odisha Queen,PARADIP,19.5967,83.2924,9.93,174.24,12.5,2.22,8,356.96,32.46
V006,Himalaya Dawn,HALDIA,26.094,88.4623,13.5,117.04,9.87,3.51,9,455.95,33.62
V004,Steel Infinity,PARADIP,21.1019,83.3156,14.72,46.73,23.95,1.95,5,354.5,21.48
V006,Himalaya Dawn,SMPK,23.7363,90.6472,10.53,227.78,8.36,4.23,8,273.85,26.27
V004,Steel Infinity,HALDIA,18.9171,84.9293,12.88,256.71,20.08,2.18,10,473.93,36.7
V007,Ocean Sapphire,VIZAG,18.787,87.406,12.79,104.79,10.99,0.98,6,452.48,27.25
V004,Steel Infinity,SMPK,25.2547,86.391,14.61,57.63,19.33,3.41,7,357.91,24.59
V004,Steel Infinity,VIZAG,13.773,87.5932,14.0,304.11,11.87,0.3,2,634.59,29.84
V007,Ocean Sapphire,HALDIA,22.873,94.0151,8.88,323.89,2.75,0.76,1,619.46,42.87
V001,Ganga Glory,SMPK,25.9133,88.1476,12.84,208.25,27.4,1.96,6,374.3,27.34
V004,Steel Infinity,VIZAG,19.4151,86.2622,8.89,52.9,20.14,0.3,10,368.25,35.83
V005,Eastern Titan,SMPK,19.5012,88.7727,11.79,297.79,24.43,0.23,0,342.54,19.91
V004,Steel Infinity,VIZAG,11.43,82.7007,13.43,307.82,5.78,1.88,9,698.86,44.51
V005,Eastern Titan,HALDIA,21.825,90.0525,9.22,70.94,15.85,2.53,3,206.56,18.63
V002,Bharat Star,PARADIP,16.5211,86.641,12.35,350.52,31.97,2.67,11,422.43,39.03
V004,Steel Infinity,HALDIA,18.2401,85.4805,12.59,232.86,9.99,0.42,1,498.21,25.15
V002,Bharat Star,PARADIP,20.6901,90.5304,14.65,232.6,6.77,4.35,10,409.33,29.5
V003,Odisha Queen,VIZAG,19.4179,89.9147,9.29,258.99,9.83,0.95,3,725.24,54.9
V001,Ganga Glory,SMPK,16.9085,85.283,13.42,233.7,17.27,3.86,10,702.22,57.31
V002,Bharat Star,VIZAG,23.9172,83.0826,12.82,125.77,12.31,3.1,11,692.73,55.69
V002,Bharat Star,VIZAG,13.2599,79.5477,13.81,281.84,11.1,4.34,12,634.46,52.18
V007,Ocean Sapphire,SMPK,17.5942,84.7775,10.18,256.61,7.49,0.27,10,662.48,50.4
V001,Ganga Glory,HALDIA,24.984,83.2059,9.09,350.33,17.62,0.87,4,595.2,50.08
V001,Ganga Glory,VIZAG,16.4354,86.5498,14.12,238.51,29.68,3.51,10,374.52,30.72
V002,Bharat Star,VIZAG,13.7316,87.2011,10.2,227.54,14.9,0.54,1,608.12,39.93
V001,Ganga Glory,SMPK,25.7475,94.083,10.51,272.86,13.08,1.37,1,685.94,46.08
V004,Steel Infinity,PARADIP,18.2938,83.7287,8.17,240.01,24.12,2.51,2,377.9,39.56
V007,Ocean Sapphire,SMPK,20.7835,93.7068,11.48,169.4,19.91,1.4,6,592.2,44.06
V007,Ocean Sapphire,VIZAG,19.6915,79.2538,11.21,135.38,24.71,4.17,1,478.9,39.58
V006,Himalaya Dawn,VIZAG,21.8587,80.4003,12.7,201.61,4.97,0.9,3,552.81,29.22
V003,Odisha Queen,HALDIA,25.9135,93.0596,12.08,172.67,11.98,2.83,5,668.05,48.23
V005,Eastern Titan,PARADIP,18.976,82.4153,14.15,95.71,26.59,0.77,2,464.96,25.29
V007,Ocean Sapphire,VIZAG,16.0836,80.0947,13.3,239.31,31.61,1.85,1,383.09,24.07
V007,Ocean Sapphire,VIZAG,14.3282,83.4363,8.57,129.46,23.75,2.28,0,374.19,34.59
V005,Eastern Titan,SMPK,17.0055,84.8516,9.86,335.13,26.38,1.03,11,714.24,71.19
V005,Eastern Titan,HALDIA,19.473,91.6499,10.67,232.05,9.3,2.35,11,467.87,41.85
V007,Ocean Sapphire,SMPK,17.1438,86.6479,9.62,280.64,21.99,3.46,10,625.46,71.56
V006,Himalaya Dawn,HALDIA,18.0494,89.5328,13.23,82.38,29.02,3.66,9,466.49,40.09
V002,Bharat Star,PARADIP,20.5953,84.1499,13.97,358.12,26.7,3.62,4,259.15,18.29
V005,Eastern Titan,VIZAG,20.6179,80.7012,8.4,276.9,24.68,0.9,9,423.48,46.25
V002,Bharat Star,PARADIP,15.162,87.5601,13.48,104.39,15.72,1.81,0,582.12,31.24
V005,Eastern Titan,SMPK,15.5589,89.8092,9.01,18.79,33.06,1.28,7,793.37,84.03
V001,Ganga Glory,VIZAG,12.9529,87.9601,11.51,162.95,31.55,2.51,3,727.45,58.33
V007,Ocean Sapphire,PARADIP,17.4701,82.0477,9.35,171.92,34.62,1.24,0,575.95,48.97
V005,Eastern Titan,SMPK,15.7873,89.613,10.79,267.68,27.57,1.36,4,764.49,60.54
V002,Bharat Star,HALDIA,23.8676,93.9611,8.87,65.26,28.92,0.96,12,638.53,73.32
V005,Eastern Titan,PARADIP,23.3171,90.3415,11.42,268.68,24.33,0.97,0,508.52,32.25
V006,Himalaya Dawn,PARADIP,19.7459,83.7217,12.98,315.93,20.44,2.7,7,309.43,22.98
V002,Bharat Star,VIZAG,16.33,80.9865,14.23,340.11,19.63,0.81,6,286.94,16.42
V003,Odisha Queen,VIZAG,14.0907,77.2475,11.51,46.71,18.29,1.11,6,759.07,54.41
V004,Steel Infinity,SMPK,28.9921,86.625,12.84,218.11,11.9,1.57,0,735.67,39.5
V002,Bharat Star,SMPK,23.0182,91.4328,13.74,190.49,33.28,1.75,10,325.35,25.09
V006,Himalaya Dawn,PARADIP,23.5649,89.9763,8.79,150.23,14.49,0.97,2,499.97,40.47
V003,Odisha Queen,VIZAG,18.6523,85.2233,8.7,86.8,9.83,3.31,0,231.52,20.56
V007,Ocean Sapphire,SMPK,21.7833,90.988,10.64,71.42,4.17,3.16,6,289.63,23.57
V001,Ganga Glory,HALDIA,19.33,86.3616,13.77,51.32,8.84,4.36,5,346.43,23.84
V006,Himalaya Dawn,SMPK,24.4928,83.1898,9.81,93.55,9.78,3.78,6,563.96,54.1
V005,Eastern Titan,VIZAG,17.9098,81.0392,8.5,194.49,12.45,2.84,9,238.49,27.14
V004,Steel Infinity,PARADIP,18.0715,87.2851,11.94,0.74,29.93,3.26,4,259.59,21.39
V007,Ocean Sapphire,SMPK,24.9811,89.1889,14.07,76.12,10.84,4.15,8,285.06,20.69
V004,Steel Infinity,VIZAG,14.2778,88.4992,12.2,265.72,10.63,4.02,0,674.6,45.08
V001,Ganga Glory,VIZAG,17.0948,77.703,8.96,102.12,8.57,0.7,3,595.45,45.27
V007,Ocean Sapphire,SMPK,24.6641,88.6751,8.04,119.12,26.59,3.49,8,238.17,32.07
V002,Bharat Star,PARADIP,19.3318,92.751,11.5,128.23,34.04,0.21,4,650.63,46.63
V001,Ganga Glory,HALDIA,25.1937,86.2,8.49,156.17,2.51,1.91,6,401.54,36.69
V007,Ocean Sapphire,SMPK,27.0493,90.9638,11.08,305.4,11.75,2.16,11,567.92,49.16
V004,Steel Infinity,PARADIP,17.9153,81.2215,11.24,284.14,34.69,0.73,1,626.97,44.1
V002,Bharat Star,HALDIA,21.4317,90.3082,12.21,278.88,9.17,3.68,6,240.97,18.37
V006,Himalaya Dawn,PARADIP,16.4425,89.5025,13.46,312.83,21.44,3.99,9,527.6,43.42
V006,Himalaya Dawn,SMPK,18.7345,92.9734,13.58,285.35,18.47,3.41,4,645.25,43.88
V002,Bharat Star,PARADIP,25.182,88.6083,11.94,27.75,4.96,0.8,9,577.76,37.51
V001,Ganga Glory,PARADIP,17.7776,86.8176,8.36,356.71,8.55,0.47,1,283.46,21.37
V006,Himalaya Dawn,VIZAG,19.2131,84.7374,13.71,285.99,33.91,0.99,0,228.72,12.97
V003,Odisha Queen,SMPK,19.2371,90.8802,11.05,38.14,33.93,0.91,3,455.54,34.74
V004,Steel Infinity,SMPK,22.0458,90.8674,12.18,331.36,22.86,4.06,8,270.02,24.29
V004,Steel Infinity,PARADIP,17.1212,87.6264,9.27,136.84,14.03,0.69,5,371.13,30.1
V003,Odisha Queen,VIZAG,19.6148,82.2361,14.38,53.14,23.84,1.63,11,240.63,16.86
V006,Himalaya Dawn,VIZAG,22.226,81.4731,11.18,295.5,31.91,2.9,10,538.56,54.45
V003,Odisha Queen,PARADIP,15.9269,84.3245,14.77,25.92,26.67,1.5,7,545.38,34.2
V005,Eastern Titan,VIZAG,11.0429,82.3212,8.76,88.64,17.53,2.71,1,746.3,68.6
V004,Steel Infinity,PARADIP,18.825,93.4717,10.8,46.01,20.7,3.24,4,736.77,63.23
V007,Ocean Sapphire,PARADIP,25.5267,83.0652,8.82,140.99,32.08,0.93,5,683.8,68.15
V001,Ganga Glory,PARADIP,19.0281,82.0085,11.74,330.36,12.94,2.23,10,503.73,40.77
V001,Ganga Glory,HALDIA,27.1852,91.3034,11.89,340.38,19.85,2.25,9,662.23,54.42
V007,Ocean Sapphire,HALDIA,28.2375,85.8021,9.79,245.07,33.24,3.55,10,728.77,88.26
V002,Bharat Star,SMPK,19.8081,84.7779,10.17,56.62,15.65,2.26,6,475.68,41.26
V006,Himalaya Dawn,SMPK,24.891,87.7711,14.84,249.59,20.92,2.63,0,265.82,14.25
V004,Steel Infinity,SMPK,22.9045,91.4131,9.5,59.6,19.73,3.05,3,321.71,29.96
V005,Eastern Titan,PARADIP,26.4194,89.3251,14.62,287.91,12.63,2.26,3,732.19,39.92
V003,Odisha Queen,SMPK,26.367,91.0718,9.07,330.05,22.23,1.99,7,508.73,52.15
V005,Eastern Titan,SMPK,23.4715,92.5429,9.89,110.7,18.82,4.23,5,446.15,45.19
V002,Bharat Star,HALDIA,23.9821,88.7048,9.78,230.95,13.14,4.14,10,229.0,25.44
V001,Ganga Glory,HALDIA,18.8761,93.7083,14.31,168.08,26.11,4.41,0,683.83,43.97
V003,Odisha Queen,VIZAG,21.0865,88.1072,10.72,314.94,15.31,2.48,7,631.57,53.98
V001,Ganga Glory,HALDIA,20.2358,93.0796,14.07,71.41,33.85,1.25,7,556.73,37.87
V002,Bharat Star,SMPK,21.8604,82.9141,8.21,12.48,13.22,3.29,3,559.71,58.69
V007,Ocean Sapphire,HALDIA,16.8757,88.0046,12.22,165.75,21.09,2.28,0,570.94,36.33
V007,Ocean Sapphire,SMPK,24.6962,89.6608,9.86,288.15,13.31,3.34,1,275.98,22.86
V004,Steel Infinity,PARADIP,14.7128,90.5341,12.12,0.14,14.81,2.53,5,748.89,53.83
V004,Steel Infinity,VIZAG,16.1482,79.5675,11.05,231.9,4.45,3.73,11,430.53,39.71
V006,Himalaya Dawn,SMPK,27.1671,84.1824,13.44,316.8,6.23,3.95,11,660.3,51.47
V004,Steel Infinity,SMPK,17.449,89.4089,14.73,199.13,26.91,3.1,0,578.91,33.54
V002,Bharat Star,HALDIA,21.579,89.8582,12.77,95.56,10.46,3.52,7,191.75,14.31
V002,Bharat Star,HALDIA,23.1919,89.7146,8.05,5.94,12.77,1.37,8,214.75,22.62
V005,Eastern Titan,SMPK,21.1318,90.2874,8.9,344.3,20.13,4.1,8,258.73,31.39
V007,Ocean Sapphire,SMPK,24.6691,92.1373,14.87,48.2,5.0,1.43,5,456.45,22.76
V001,Ganga Glory,VIZAG,20.8009,82.2477,11.92,133.13,34.58,4.4,5,362.48,33.76
V005,Eastern Titan,VIZAG,17.6366,80.2061,13.17,242.18,20.64,1.34,9,325.74,22.75
V003,Odisha Queen,SMPK,22.0944,85.5895,11.09,27.62,8.84,3.27,1,283.37,20.13
V003,Odisha Queen,SMPK,22.9686,86.4405,11.59,25.95,16.67,2.72,8,196.27,16.33
V004,Steel Infinity,PARADIP,16.7011,90.7079,12.94,269.0,20.82,0.28,9,589.6,38.68
V003,Odisha Queen,SMPK,23.3406,85.5124,10.66,82.08,18.84,4.41,8,298.67,30.6
V007,Ocean Sapphire,SMPK,22.9698,85.8812,12.71,107.94,26.03,3.11,6,252.37,19.9
V007,Ocean Sapphire,PARADIP,22.5425,86.2978,11.53,325.97,5.02,3.97,3,249.37,18.44
V007,Ocean Sapphire,SMPK,27.1435,89.1579,14.13,100.96,27.49,0.45,0,518.05,26.15
V005,Eastern Titan,VIZAG,20.3987,86.0184,10.58,171.8,31.61,2.21,12,416.59,44.51
V003,Odisha Queen,PARADIP,19.5312,82.7233,14.32,327.36,11.36,3.06,8,416.68,27.69
V003,Odisha Queen,HALDIA,21.1577,84.4069,9.74,253.97,34.4,4.16,8,389.42,47.15
V004,Steel Infinity,PARADIP,18.6627,83.3419,8.94,263.1,9.71,4.33,8,389.9,44.72
V006,Himalaya Dawn,SMPK,19.9193,89.0397,10.03,32.15,24.06,2.71,12,302.4,33.5
V001,Ganga Glory,PARADIP,18.9572,80.5004,12.26,219.5,6.34,2.84,11,658.5,52.02
V007,Ocean Sapphire,HALDIA,20.272,90.9811,8.09,54.78,7.63,0.21,6,359.32,31.1
V005,Eastern Titan,VIZAG,17.8418,89.4262,14.29,193.42,27.58,3.69,12,651.03,55.1
V004,Steel Infinity,SMPK,26.2413,94.3386,10.57,165.07,8.86,4.32,0,736.3,57.26
V007,Ocean Sapphire,HALDIA,17.0079,93.3347,9.32,171.13,10.73,2.26,4,784.04,67.89
V003,Odisha Queen,HALDIA,18.1992,84.2812,12.46,22.38,11.27,3.07,2,578.94,37.79
V004,Steel Infinity,PARADIP,21.3545,84.6747,14.04,88.23,9.65,1.36,4,232.59,12.36
V001,Ganga Glory,HALDIA,24.5878,90.3854,9.23,325.59,24.45,3.18,3,372.21,37.13
V002,Bharat Star,HALDIA,18.2787,90.82,10.06,98.89,14.75,4.43,8,505.09,53.51
V002,Bharat Star,HALDIA,21.3971,83.6713,9.78,159.68,22.88,3.98,10,458.48,53.58
V003,Odisha Queen,VIZAG,18.7414,88.5714,11.13,256.87,19.72,1.06,1,570.96,37.21
V003,Odisha Queen,PARADIP,17.5707,85.2263,8.42,299.77,5.44,4.02,7,339.03,38.36
V005,Eastern Titan,VIZAG,21.6135,81.338,8.04,339.12,29.89,2.72,4,481.32,56.92
V004,Steel Infinity,PARADIP,26.7337,86.7931,11.14,38.91,33.03,2.79,1,713.39,57.39
V005,Eastern Titan,SMPK,24.8607,89.0267,11.42,160.13,6.53,2.59,1,267.38,17.26
V005,Eastern Titan,VIZAG,17.5162,77.1762,10.25,286.04,32.95,0.38,5,647.19,53.69
V001,Ganga Glory,HALDIA,18.5134,92.8144,13.62,248.92,4.25,3.78,6,630.1,41.92
V003,Odisha Queen,SMPK,24.0101,90.9015,12.44,31.69,12.83,1.84,5,311.38,20.41
V002,Bharat Star,HALDIA,25.4051,85.6985,11.94,331.77,27.69,0.28,8,447.54,32.79
V004,Steel Infinity,PARADIP,19.4614,89.8062,10.39,250.26,14.74,0.71,7,346.56,26.59
V001,Ganga Glory,HALDIA,25.3671,88.2855,13.43,99.51,2.85,2.03,3,374.0,20.21
V006,Himalaya Dawn,PARADIP,21.793,83.1411,11.43,310.37,10.6,2.85,2,396.41,27.65
V004,Steel Infinity,PARADIP,17.8834,89.8035,13.97,68.56,3.95,3.72,3,430.43,25.62
V002,Bharat Star,HALDIA,25.7655,83.5941,13.21,262.19,3.51,2.19,8,616.78,39.25
V003,Odisha Queen,SMPK,19.8253,94.3861,8.35,327.9,24.86,4.31,12,699.85,103.5
V003,Odisha Queen,HALDIA,24.6644,93.6477,14.65,193.42,19.17,3.06,6,642.22,41.87
V001,Ganga Glory,VIZAG,23.1791,80.4031,10.38,36.1,15.64,1.83,0,679.92,47.41
V002,Bharat Star,VIZAG,22.594,82.7072,8.54,294.41,32.72,1.63,4,548.56,57.94
V004,Steel Infinity,SMPK,20.5885,86.6644,14.8,190.43,18.1,2.76,0,276.0,14.69
V006,Himalaya Dawn,SMPK,23.0285,83.782,12.49,189.38,27.19,3.82,6,466.19,39.36
V002,Bharat Star,VIZAG,16.4274,80.7314,13.27,236.16,5.17,3.33,8,305.14,21.34
V001,Ganga Glory,VIZAG,19.4613,85.3121,12.68,155.59,18.8,2.27,0,290.97,17.55
V005,Eastern Titan,HALDIA,24.1044,88.358,9.79,88.86,20.84,1.5,5,234.87,20.27
V001,Ganga Glory,SMPK,18.5689,88.1788,11.22,355.4,22.59,2.97,0,442.86,32.5
V003,Odisha Queen,HALDIA,20.6803,86.0276,10.54,129.5,34.73,1.62,1,257.22,20.51
V002,Bharat Star,PARADIP,17.8598,83.8598,13.56,262.87,9.65,2.43,4,398.67,23.84
V002,Bharat Star,VIZAG,20.0999,88.3039,14.92,177.33,9.87,0.82,7,592.52,30.66
V001,Ganga Glory,VIZAG,18.7054,77.8653,9.25,352.0,24.56,1.89,8,582.98,60.62
V006,Himalaya Dawn,HALDIA,21.6923,85.826,9.73,249.09,27.8,4.17,3,233.25,23.93
V002,Bharat Star,PARADIP,21.0028,83.7349,12.03,280.28,12.29,2.29,12,309.63,25.59
V005,Eastern Titan,HALDIA,23.4109,94.4304,9.22,110.33,27.86,2.91,7,671.68,74.81
V002,Bharat Star,PARADIP,13.9357,90.0098,14.46,143.83,24.45,0.94,8,795.95,49.4
V001,Ganga Glory,PARADIP,23.9958,82.1829,14.87,16.71,32.83,1.17,10,612.98,41.85
V006,Himalaya Dawn,PARADIP,24.7581,82.8478,14.85,256.12,26.78,3.39,1,627.3,37.78
V003,Odisha Queen,VIZAG,16.969,86.0447,12.86,188.01,30.93,2.69,7,304.22,24.42
V005,Eastern Titan,VIZAG,13.1019,85.0814,9.08,125.34,12.39,1.63,4,545.48,46.81
V007,Ocean Sapphire,HALDIA,23.2921,92.7341,11.04,36.73,22.17,2.41,8,500.36,44.44
V004,Steel Infinity,VIZAG,21.7139,82.1412,14.02,242.81,15.73,1.91,7,463.04,29.12
V004,Steel Infinity,VIZAG,17.232,85.1731,12.81,27.38,33.98,1.85,9,207.16,16.93
V003,Odisha Queen,PARADIP,13.8038,86.9177,11.93,21.97,8.0,3.78,1,725.26,49.34
V005,Eastern Titan,HALDIA,16.1362,86.9933,13.5,213.03,30.8,1.25,4,662.67,42.59
V006,Himalaya Dawn,VIZAG,16.9656,77.5515,14.74,270.95,2.22,4.43,6,613.36,38.89
V005,Eastern Titan,PARADIP,21.0987,92.8752,11.53,168.87,33.08,3.61,7,656.29,62.97
V003,Odisha Queen,VIZAG,12.3535,87.2829,9.97,165.48,26.74,3.26,0,732.63,63.28
V007,Ocean Sapphire,PARADIP,26.9309,85.2357,11.32,73.65,21.64,4.3,3,748.48,64.13
V003,Odisha Queen,VIZAG,21.7681,79.5803,8.16,280.59,28.4,3.63,11,596.23,86.51
V006,Himalaya Dawn,HALDIA,17.0941,89.3164,12.25,279.14,19.25,4.37,5,562.24,46.49
V001,Ganga Glory,VIZAG,14.0818,85.2834,10.17,322.43,27.22,2.56,3,454.82,40.26
V007,Ocean Sapphire,SMPK,26.4925,85.9647,14.35,201.4,30.55,3.07,12,497.96,41.13
V002,Bharat Star,PARADIP,20.224,89.7624,14.56,220.08,11.92,2.55,9,327.95,21.25
V006,Himalaya Dawn,PARADIP,18.2824,92.8194,12.08,276.34,12.52,4.21,5,688.84,54.82
V001,Ganga Glory,HALDIA,22.2782,90.5639,9.09,284.33,15.53,3.17,10,259.6,29.55
V003,Odisha Queen,SMPK,19.9982,90.9224,11.18,112.15,22.26,0.68,0,392.84,24.52
V004,Steel Infinity,VIZAG,12.8619,82.478,8.57,3.97,30.88,4.0,0,543.7,58.62
V001,Ganga Glory,HALDIA,17.517,93.3586,8.93,7.28,17.25,3.87,3,746.18,76.8
V001,Ganga Glory,HALDIA,20.8396,91.1581,9.53,268.59,4.54,3.39,7,346.08,32.89
V005,Eastern Titan,SMPK,24.5012,89.3307,13.34,112.71,18.73,1.22,4,241.07,14.32
V003,Odisha Queen,HALDIA,27.3133,84.0479,11.67,285.24,16.64,0.46,4,715.48,45.0
V007,Ocean Sapphire,VIZAG,10.8702,81.0592,13.74,279.35,32.9,2.69,8,795.14,62.0
V007,Ocean Sapphire,PARADIP,24.6548,85.7353,8.26,98.95,9.13,2.57,4,490.5,48.46
V003,Odisha Queen,HALDIA,18.5557,93.5948,12.84,171.87,28.11,4.41,4,693.26,56.29
V004,Steel Infinity,HALDIA,26.6059,85.7737,9.63,307.7,3.05,0.72,0,561.07,34.73
V002,Bharat Star,VIZAG,22.3667,80.3564,10.59,263.69,25.41,2.26,10,603.03,59.23
V002,Bharat Star,VIZAG,18.6562,81.6423,12.33,157.68,29.87,1.98,10,203.66,17.38
V007,Ocean Sapphire,VIZAG,15.8847,79.7472,11.48,309.7,26.42,0.5,7,426.28,31.92
V007,Ocean Sapphire,PARADIP,19.9466,90.7393,14.3,221.98,15.9,1.09,2,432.05,21.95
V007,Ocean Sapphire,HALDIA,24.2186,85.1251,11.77,233.9,11.83,1.08,0,387.79,21.84
V007,Ocean Sapphire,VIZAG,21.0904,78.2177,10.99,221.49,18.06,1.86,0,651.74,43.8
V004,Steel Infinity,HALDIA,23.3221,90.0365,11.41,246.95,10.54,1.79,10,249.83,19.76
V002,Bharat Star,SMPK,17.0354,90.835,13.22,346.62,7.43,1.37,10,668.04,43.01
V004,Steel Infinity,VIZAG,20.8066,79.6918,11.12,311.05,32.37,3.8,12,511.8,57.65
V006,Himalaya Dawn,HALDIA,23.2612,90.0057,13.01,93.92,11.77,1.46,7,243.37,15.47
V006,Himalaya Dawn,SMPK,22.894,93.2213,11.23,160.58,22.0,3.76,2,506.18,41.22
V006,Himalaya Dawn,SMPK,21.9684,82.7436,10.16,191.8,14.53,3.22,6,575.41,53.0
V005,Eastern Titan,HALDIA,26.513,88.6898,10.51,270.7,30.24,3.79,0,504.77,43.66
V006,Himalaya Dawn,HALDIA,15.4219,90.3487,9.81,332.59,21.46,1.41,0,771.14,57.59
V004,Steel Infinity,PARADIP,16.8503,90.8432,11.36,192.31,22.44,3.88,4,588.96,50.59
V003,Odisha Queen,PARADIP,17.8292,85.7994,9.87,326.01,32.75,2.55,1,290.07,25.9
V005,Eastern Titan,PARADIP,26.0888,89.5917,14.53,152.34,32.39,0.43,3,709.64,39.33
V002,Bharat Star,PARADIP,25.5571,83.4135,13.14,301.02,2.73,3.79,4,668.44,43.3
V004,Steel Infinity,SMPK,26.1953,83.1479,14.35,242.71,34.56,1.35,8,660.62,45.68
V006,Himalaya Dawn,HALDIA,23.2806,86.4815,10.55,246.35,27.51,1.5,8,214.94,19.46
V004,Steel Infinity,HALDIA,23.868,93.9066,13.78,301.31,3.39,2.92,6,633.27,38.88
V004,Steel Infinity,PARADIP,20.7808,83.0307,12.41,184.23,29.69,2.51,5,377.2,29.25
V002,Bharat Star,PARADIP,18.4513,80.661,10.07,44.41,17.08,2.28,10,658.61,64.3
V001,Ganga Glory,VIZAG,14.3876,81.3891,8.79,57.56,9.29,3.91,2,419.12,40.53
V005,Eastern Titan,PARADIP,17.0701,83.3658,13.4,194.65,27.08,1.43,4,498.02,31.82
V004,Steel Infinity,HALDIA,19.8514,90.5613,11.29,300.74,21.31,1.45,10,353.68,29.9
V005,Eastern Titan,SMPK,19.4361,88.2785,10.84,314.66,26.99,3.53,1,346.25,28.86
V006,Himalaya Dawn,VIZAG,20.5704,88.8559,10.45,310.42,9.76,4.36,6,667.52,62.48
V005,Eastern Titan,PARADIP,14.5649,84.5963,9.02,172.56,7.36,0.22,11,674.95,58.96
V006,Himalaya Dawn,PARADIP,22.0511,89.644,12.73,42.15,26.22,3.26,12,367.88,33.73
V004,Steel Infinity,SMPK,16.0949,90.569,11.53,272.76,31.63,3.06,0,756.18,57.5
V006,Himalaya Dawn,HALDIA,17.3236,83.4926,13.48,53.6,12.04,2.35,8,707.16,47.65
V002,Bharat Star,HALDIA,25.3139,91.7618,12.39,238.18,23.24,2.03,4,526.34,36.93
V004,Steel Infinity,PARADIP,23.2641,90.804,8.24,304.03,19.94,1.33,7,541.96,57.33
V003,Odisha Queen,VIZAG,20.827,83.0802,13.58,12.99,6.03,2.6,2,349.45,19.46
V007,Ocean Sapphire,PARADIP,20.4297,91.262,11.1,298.6,23.14,3.12,2,484.01,38.55
V001,Ganga Glory,SMPK,25.1188,87.7389,11.88,201.38,29.72,0.95,2,291.28,19.56
V005,Eastern Titan,PARADIP,14.9024,89.4496,13.78,178.23,2.97,3.91,6,672.86,44.23
V001,Ganga Glory,VIZAG,19.1662,85.9979,13.74,65.67,23.68,2.4,0,330.37,19.2
V001,Ganga Glory,VIZAG,18.9009,86.5069,11.3,35.49,29.06,3.74,4,366.31,32.66
V006,Himalaya Dawn,HALDIA,24.5796,90.5198,9.86,294.07,4.19,2.29,9,380.44,33.66
V005,Eastern Titan,VIZAG,14.6326,81.9058,14.41,123.5,14.64,2.77,10,370.28,25.71
V002,Bharat Star,PARADIP,18.0341,93.2575,14.84,259.98,32.79,3.81,9,741.9,58.65
V007,Ocean Sapphire,PARADIP,21.3473,82.4515,10.27,103.73,24.52,3.58,12,448.0,51.41
V007,Ocean Sapphire,SMPK,22.8784,90.5293,14.45,25.09,5.31,1.36,2,231.56,10.92
V007,Ocean Sapphire,SMPK,16.4181,85.7025,12.06,268.45,2.92,3.41,3,734.13,49.15
V004,Steel Infinity,PARADIP,20.8909,81.2183,14.31,287.35,20.66,2.8,9,565.76,40.35
V006,Himalaya Dawn,PARADIP,17.0342,89.103,11.97,244.72,12.03,4.01,4,449.31,34.57
V003,Odisha Queen,HALDIA,22.7417,91.6054,13.12,158.83,17.39,2.45,7,373.5,26.41
V001,Ganga Glory,VIZAG,13.0074,87.6013,10.34,51.72,8.13,3.33,11,696.9,68.54
V006,Himalaya Dawn,VIZAG,22.069,84.8664,14.78,325.45,30.82,1.98,8,514.39,35.14
V004,Steel Infinity,SMPK,20.9475,89.9552,9.4,121.09,30.52,3.77,0,246.93,23.89
V003,Odisha Queen,VIZAG,21.0322,82.2178,11.66,329.33,28.45,0.37,4,387.97,26.62
V001,Ganga Glory,VIZAG,14.3027,85.9541,14.81,12.99,14.45,0.92,4,472.8,23.9
V001,Ganga Glory,HALDIA,21.9521,85.7652,8.89,219.03,3.91,2.8,4,236.71,21.26
V001,Ganga Glory,PARADIP,18.4241,84.253,12.03,229.12,32.73,2.56,5,325.71,26.65
V002,Bharat Star,PARADIP,14.0216,87.1647,9.99,327.85,5.87,1.62,7,702.73,56.18
V006,Himalaya Dawn,PARADIP,23.3335,89.2414,11.26,82.3,23.15,1.24,9,430.66,35.6
V004,Steel Infinity,PARADIP,17.2646,86.4011,12.34,142.33,13.4,0.81,4,340.52,20.31
V006,Himalaya Dawn,SMPK,21.8305,84.6525,14.6,176.52,31.32,0.53,4,383.96,21.75
V004,Steel Infinity,SMPK,24.8439,93.3543,14.84,345.38,27.06,1.02,7,574.3,34.75
V006,Himalaya Dawn,SMPK,23.3043,94.8139,14.37,303.52,22.81,1.55,5,672.28,40.22
V004,Steel Infinity,HALDIA,18.5329,93.8738,11.98,271.49,17.69,0.74,6,719.05,47.88
V007,Ocean Sapphire,VIZAG,19.8461,89.318,11.45,34.3,9.93,1.01,4,679.33,43.13
V005,Eastern Titan,PARADIP,20.0674,84.5163,11.1,333.31,32.69,1.24,7,221.33,18.92
V005,Eastern Titan,VIZAG,24.0082,83.6439,14.62,35.16,2.53,1.93,5,703.56,36.44
V007,Ocean Sapphire,VIZAG,15.1405,87.8172,13.85,329.97,29.85,3.58,12,560.81,49.31
V007,Ocean Sapphire,VIZAG,20.1829,78.8775,9.24,89.08,23.22,2.58,2,539.62,49.86
V006,Himalaya Dawn,SMPK,29.1635,86.8454,14.33,215.52,7.51,1.87,4,749.63,39.98
V005,Eastern Titan,SMPK,20.0,88.6543,8.13,135.15,30.76,0.73,6,285.91,30.96
V007,Ocean Sapphire,VIZAG,19.6671,76.5467,11.53,45.4,28.56,2.07,1,742.48,53.52
V007,Ocean Sapphire,PARADIP,18.9908,82.77,8.44,56.56,29.15,1.12,7,429.38,46.69
V005,Eastern Titan,SMPK,20.4882,88.2586,12.78,299.58,28.68,3.25,2,229.3,16.57
V001,Ganga Glory,PARADIP,18.5859,84.1961,14.94,12.25,3.1,2.77,1,319.0,15.54
V003,Odisha Queen,SMPK,22.7266,93.3898,12.8,187.22,24.54,3.59,3,522.7,38.6
V007,Ocean Sapphire,HALDIA,23.4976,93.7726,10.33,256.68,18.79,1.34,7,608.63,50.93
V004,Steel Infinity,VIZAG,20.0244,89.7716,10.31,69.59,28.28,0.87,3,730.65,57.18
V007,Ocean Sapphire,HALDIA,19.8615,93.4332,10.12,187.63,26.37,1.69,1,606.96,47.83
V003,Odisha Queen,SMPK,21.5761,84.7427,14.92,62.91,13.17,0.45,6,382.24,19.23
V002,Bharat Star,PARADIP,17.708,81.4764,12.07,41.41,25.63,3.57,5,613.72,50.98
V007,Ocean Sapphire,HALDIA,26.7111,82.6221,10.4,101.66,5.14,2.41,2,759.19,54.07
V002,Bharat Star,VIZAG,21.2834,83.5592,10.38,270.78,10.54,1.4,11,400.64,34.56
V001,Ganga Glory,SMPK,23.4176,85.982,12.42,37.52,19.53,3.25,4,256.15,18.99
V007,Ocean Sapphire,HALDIA,20.5991,82.5616,9.49,140.75,29.05,2.42,7,590.77,62.39
V004,Steel Infinity,SMPK,20.2473,88.7887,8.69,148.26,23.94,4.33,12,261.0,36.92
V001,Ganga Glory,SMPK,20.1234,93.5696,9.06,145.96,8.14,1.4,11,608.77,58.99
V004,Steel Infinity,PARADIP,16.6665,81.6475,11.29,159.23,34.76,1.74,12,663.22,65.72
V001,Ganga Glory,HALDIA,22.9922,95.0529,14.73,28.96,5.99,2.82,0,726.55,35.79
V001,Ganga Glory,PARADIP,13.7779,84.0418,11.45,234.94,19.57,2.97,9,777.3,69.57
V002,Bharat Star,VIZAG,12.5948,83.5947,11.51,138.09,20.1,3.73,3,567.56,45.73
V006,Himalaya Dawn,HALDIA,26.417,87.3096,13.33,308.92,12.27,3.44,4,495.91,33.03
V002,Bharat Star,PARADIP,21.5767,93.0356,10.01,58.44,25.61,2.49,2,680.66,58.66
V003,Odisha Queen,VIZAG,20.0768,82.529,8.67,231.92,20.97,0.6,9,276.91,27.83
V007,Ocean Sapphire,VIZAG,22.2253,85.871,9.62,243.78,24.48,3.2,1,572.37,51.84
V006,Himalaya Dawn,SMPK,20.6321,85.8164,10.2,13.23,22.47,4.42,6,333.78,34.8
V007,Ocean Sapphire,SMPK,18.1985,84.8078,12.75,54.85,22.85,2.99,5,605.43,45.1
V006,Himalaya Dawn,HALDIA,17.2386,88.9392,13.96,289.37,8.61,0.24,4,538.47,25.91
V003,Odisha Queen,SMPK,27.1512,87.1767,11.76,66.47,23.5,2.56,5,524.03,41.31
V006,Himalaya Dawn,SMPK,17.9117,92.4123,12.75,265.98,12.93,2.55,5,670.78,45.26
V002,Bharat Star,PARADIP,22.8249,82.2429,13.63,80.23,30.62,4.01,5,531.4,41.36
V007,Ocean Sapphire,VIZAG,18.261,79.4407,8.8,113.04,23.61,1.48,9,411.0,44.37
V005,Eastern Titan,VIZAG,19.1774,85.0221,9.29,296.78,18.95,2.52,7,247.23,25.09
V006,Himalaya Dawn,HALDIA,20.0967,84.6761,11.14,237.93,5.78,0.41,1,410.55,22.55
V002,Bharat Star,VIZAG,12.5608,80.5857,10.14,172.95,25.24,3.99,7,639.43,68.1
V002,Bharat Star,SMPK,18.4121,93.9692,8.48,352.09,9.35,2.75,6,748.46,77.02
V005,Eastern Titan,SMPK,26.6695,84.9619,13.84,347.43,20.94,2.83,10,568.88,43.11
V001,Ganga Glory,HALDIA,23.0781,90.9327,9.49,193.73,18.87,4.39,6,318.02,34.8
V007,Ocean Sapphire,PARADIP,16.9014,82.1251,12.8,344.78,14.83,2.18,0,607.26,35.04
V005,Eastern Titan,PARADIP,15.5116,82.5881,14.55,61.91,8.46,1.66,6,683.89,37.49
V004,Steel Infinity,VIZAG,11.1232,80.8693,8.18,136.5,9.26,1.26,3,774.92,68.01
V002,Bharat Star,HALDIA,19.077,88.9201,8.84,62.88,21.63,0.37,10,338.2,33.7
V004,Steel Infinity,PARADIP,19.1442,79.8513,13.81,198.9,7.89,3.67,4,720.35,45.66
V007,Ocean Sapphire,HALDIA,21.3969,92.2073,13.69,72.42,7.8,1.38,1,433.84,21.46
V003,Odisha Queen,VIZAG,22.2998,83.7141,11.52,39.04,4.17,4.21,4,514.58,39.56
V003,Odisha Queen,HALDIA,28.4732,89.5097,11.77,276.28,4.8,4.36,6,733.29,58.96
V001,Ganga Glory,SMPK,20.7152,81.4187,10.77,123.73,12.37,1.5,3,739.86,51.55
V003,Odisha Queen,HALDIA,22.6327,86.1683,14.8,222.42,27.77,3.01,9,206.53,15.12
V004,Steel Infinity,PARADIP,22.5285,84.1268,11.66,66.75,19.83,2.12,6,356.23,27.47
V004,Steel Infinity,HALDIA,20.5194,90.812,8.53,297.7,30.2,0.88,10,329.83,37.77
V005,Eastern Titan,HALDIA,24.4484,94.5979,11.52,94.13,28.94,3.82,3,720.85,61.62
V007,Ocean Sapphire,PARADIP,25.6785,82.3868,9.38,212.01,16.07,1.86,4,736.57,64.01
V005,Eastern Titan,VIZAG,12.9135,87.6382,13.83,111.16,32.13,2.17,7,707.4,51.48
V006,Himalaya Dawn,HALDIA,20.6468,91.217,14.9,168.54,21.53,2.93,10,360.41,25.64
V004,Steel Infinity,PARADIP,19.9765,88.5336,12.91,95.55,24.66,3.76,10,203.38,17.96
V006,Himalaya Dawn,PARADIP,22.9203,92.8954,12.61,96.92,18.01,3.99,2,710.11,50.95
V002,Bharat Star,HALDIA,25.9781,87.3455,8.35,235.45,32.82,4.39,6,447.16,60.36
V003,Odisha Queen,PARADIP,17.7688,82.1607,10.46,65.63,5.64,2.82,8,547.82,46.99
V005,Eastern Titan,PARADIP,18.107,86.7355,13.56,296.99,7.85,3.15,11,246.37,18.21
V003,Odisha Queen,HALDIA,23.5602,95.1751,9.49,42.87,25.23,3.45,3,749.41,74.33
V002,Bharat Star,PARADIP,25.2705,89.9693,14.28,148.15,10.15,3.28,12,648.68,47.74
V004,Steel Infinity,PARADIP,21.6245,82.1665,9.84,45.53,10.55,3.35,7,484.59,46.39
V005,Eastern Titan,HALDIA,17.2304,90.3175,11.11,144.98,31.82,0.52,3,581.65,42.25
V003,Odisha Queen,VIZAG,15.7046,86.4487,14.24,354.54,4.89,2.18,12,403.26,26.38
V005,Eastern Titan,SMPK,20.2103,93.2084,10.67,212.25,22.9,0.78,4,570.88,42.33
V006,Himalaya Dawn,SMPK,25.2829,91.5691,14.52,162.66,21.07,3.35,9,450.25,32.9
V002,Bharat Star,HALDIA,26.1432,85.8437,9.02,142.77,16.34,4.38,4,511.68,55.01
V007,Ocean Sapphire,HALDIA,20.0242,93.7162,11.54,283.52,20.83,3.1,2,627.18,47.26
V007,Ocean Sapphire,HALDIA,16.7816,90.642,11.24,241.94,30.37,0.91,0,641.3,43.03
V007,Ocean Sapphire,VIZAG,11.7151,82.5262,9.9,79.23,32.46,3.19,10,669.3,78.1
V001,Ganga Glory,SMPK,27.7178,86.975,8.12,194.85,4.15,0.22,11,589.9,55.53
V005,Eastern Titan,HALDIA,22.0099,90.7538,10.43,199.66,20.84,0.79,10,277.71,24.08
V005,Eastern Titan,PARADIP,20.2381,91.5228,8.06,10.68,26.72,3.67,4,511.43,62.78
V004,Steel Infinity,HALDIA,22.7871,90.5481,8.19,71.84,7.63,0.31,8,269.99,24.47
V005,Eastern Titan,PARADIP,15.3274,87.5853,13.1,129.42,27.97,3.5,9,564.47,48.2
V005,Eastern Titan,SMPK,19.7281,93.3337,12.86,192.98,3.87,3.81,12,609.01,49.43
V005,Eastern Titan,SMPK,21.3159,93.3348,12.63,331.91,4.77,2.94,7,537.11,37.31
V004,Steel Infinity,VIZAG,19.6498,83.4413,11.84,104.05,6.59,2.77,7,218.58,16.22
V004,Steel Infinity,VIZAG,17.8615,80.956,8.62,328.51,34.68,1.15,6,246.82,26.69
V005,Eastern Titan,HALDIA,20.6633,94.4864,12.4,279.2,26.33,2.98,5,682.17,53.38
V001,Ganga Glory,VIZAG,15.7307,82.7872,10.73,134.29,33.04,3.23,9,224.09,23.7
V002,Bharat Star,HALDIA,16.5671,86.2603,12.0,149.85,26.89,3.56,5,633.99,53.37
V007,Ocean Sapphire,VIZAG,15.1643,79.8203,9.67,328.84,25.42,4.4,10,463.69,57.09
V002,Bharat Star,HALDIA,24.418,92.5052,9.79,319.74,9.87,3.11,12,527.25,55.81
V003,Odisha Queen,SMPK,21.1596,92.925,13.36,73.44,28.58,4.08,12,501.7,46.76
V006,Himalaya Dawn,SMPK,23.3567,90.5089,8.79,271.4,30.93,2.8,11,243.3,31.63
V001,Ganga Glory,PARADIP,22.6948,86.0233,11.24,41.76,12.96,3.21,12,271.18,25.72
V005,Eastern Titan,HALDIA,27.6765,89.8035,14.98,205.24,31.54,3.42,10,654.16,50.85
V002,Bharat Star,VIZAG,18.2765,79.2106,8.41,227.4,20.16,3.4,10,435.29,56.08
V006,Himalaya Dawn,HALDIA,26.3569,82.6404,11.28,114.51,13.35,3.06,5,731.84,58.05
V005,Eastern Titan,VIZAG,17.9436,77.118,12.73,349.84,20.62,3.71,10,652.9,56.83
V003,Odisha Queen,VIZAG,14.5315,79.7282,12.76,308.17,3.71,3.07,1,516.98,30.33
V005,Eastern Titan,PARADIP,18.028,82.5485,10.7,170.56,16.66,2.21,3,497.76,38.03
V003,Odisha Queen,SMPK,19.4311,86.2523,13.48,46.62,19.26,3.03,2,406.75,25.86
V006,Himalaya Dawn,HALDIA,17.6065,88.4187,13.74,247.37,14.62,2.98,5,491.08,32.1
V007,Ocean Sapphire,HALDIA,20.0631,87.9037,14.09,320.63,22.07,1.33,3,217.09,12.29
V005,Eastern Titan,HALDIA,25.8456,86.6071,8.44,136.12,9.79,0.28,0,451.33,32.56
V007,Ocean Sapphire,SMPK,20.0995,86.8041,14.73,297.93,4.04,4.47,0,313.45,17.11
V003,Odisha Queen,HALDIA,19.9942,88.4061,11.22,174.27,27.29,0.29,2,227.01,15.09
V007,Ocean Sapphire,SMPK,25.3084,91.2174,12.12,228.02,16.94,3.75,5,426.58,33.79
V005,Eastern Titan,PARADIP,15.8181,84.5972,8.34,266.22,10.05,3.61,9,544.32,65.47
V002,Bharat Star,HALDIA,19.261,82.9215,9.18,25.32,17.48,3.05,2,615.84,56.86
V002,Bharat Star,HALDIA,17.2285,83.3822,14.59,144.22,22.77,1.13,9,722.86,45.59
V006,Himalaya Dawn,VIZAG,16.5967,80.0492,12.75,242.53,12.94,3.45,9,364.16,28.92
V003,Odisha Queen,HALDIA,18.094,88.0486,13.31,62.81,15.85,4.15,11,435.44,37.01
V003,Odisha Queen,VIZAG,21.0826,82.67,14.36,128.68,5.95,0.57,8,382.63,19.94
V004,Steel Infinity,SMPK,26.1267,91.4142,14.1,119.66,27.68,2.17,7,507.61,35.17
V002,Bharat Star,HALDIA,21.5866,85.033,8.87,189.61,6.02,2.57,9,316.04,32.22
V002,Bharat Star,SMPK,22.296,91.3038,12.38,50.98,28.64,2.36,1,310.04,21.23
V006,Himalaya Dawn,PARADIP,24.9019,85.3587,11.6,8.33,19.23,4.13,7,525.67,47.58
V003,Odisha Queen,VIZAG,19.8556,83.6953,9.13,203.96,19.16,2.64,12,244.74,28.69
V005,Eastern Titan,VIZAG,18.3803,80.4073,9.02,353.79,24.34,2.33,12,313.28,37.69
V001,Ganga Glory,SMPK,23.7992,93.8787,11.05,242.73,20.94,0.72,4,586.89,41.2
V004,Steel Infinity,HALDIA,15.0097,89.2408,13.0,264.88,23.3,0.23,3,788.28,44.85
V002,Bharat Star,HALDIA,24.8477,93.7612,12.48,174.55,18.23,1.12,2,661.63,39.32
V005,Eastern Titan,PARADIP,23.3511,86.8098,12.77,337.16,22.81,3.12,2,337.61,23.33
V004,Steel Infinity,VIZAG,16.7778,85.0531,9.23,113.23,15.83,1.15,1,213.89,16.43
V005,Eastern Titan,SMPK,17.7979,89.7379,12.55,274.61,32.54,3.21,3,549.29,42.46
V003,Odisha Queen,VIZAG,19.5053,84.5528,10.35,226.89,21.34,3.46,8,242.35,24.48
V007,Ocean Sapphire,PARADIP,19.1002,81.7113,12.46,126.68,6.32,2.91,10,531.42,40.57
V002,Bharat Star,VIZAG,18.6201,77.2141,8.24,216.05,34.07,2.99,10,649.18,90.75
V004,Steel Infinity,PARADIP,27.1127,86.1311,8.33,355.57,20.11,3.94,3,756.95,85.42
V003,Odisha Queen,SMPK,19.7798,84.8712,14.45,310.71,17.64,2.58,5,470.38,29.03
V002,Bharat Star,PARADIP,20.8828,91.534,10.03,233.31,2.91,0.99,11,515.26,41.67
V002,Bharat Star,HALDIA,24.519,81.2831,14.42,225.74,29.1,2.61,1,746.24,44.71
V003,Odisha Queen,HALDIA,21.3815,90.269,8.61,59.16,23.07,4.08,6,238.69,28.98
V002,Bharat Star,HALDIA,27.1038,88.2353,9.43,158.88,29.65,1.78,0,566.68,47.9
V005,Eastern Titan,PARADIP,17.6944,89.9612,11.74,176.77,11.04,3.86,3,456.72,34.29
V001,Ganga Glory,HALDIA,20.481,83.6131,11.86,18.63,29.98,1.24,3,491.19,34.73
V003,Odisha Queen,PARADIP,15.4495,86.1718,13.5,77.29,32.62,3.91,7,543.65,45.23
V005,Eastern Titan,SMPK,24.5945,85.2722,11.76,24.83,16.17,3.48,9,383.25,33.78
V001,Ganga Glory,SMPK,27.8785,89.0219,10.92,45.7,21.84,2.78,2,596.93,46.88
V004,Steel Infinity,HALDIA,15.7453,86.3061,14.04,20.43,21.16,1.34,12,720.59,50.77
V001,Ganga Glory,HALDIA,21.689,81.7971,11.75,176.37,21.28,1.19,8,647.32,49.17
V002,Bharat Star,HALDIA,20.7344,82.3456,11.88,56.68,7.34,3.08,11,608.43,50.87
V007,Ocean Sapphire,PARADIP,21.4634,89.4612,14.3,90.61,34.69,3.31,0,321.36,20.38
V004,Steel Infinity,PARADIP,17.5053,80.8292,13.41,298.03,5.46,1.49,0,684.75,33.22
V002,Bharat Star,HALDIA,23.3742,84.3166,11.46,138.21,30.59,1.34,4,412.87,31.41
V003,Odisha Queen,PARADIP,24.7711,90.2167,14.86,19.07,10.75,2.63,2,617.48,32.62
V006,Himalaya Dawn,SMPK,24.7433,83.5068,8.5,155.68,8.25,4.47,5,545.7,61.06
V003,Odisha Queen,SMPK,20.164,85.8651,10.27,144.17,17.6,3.31,8,366.01,36.0
V002,Bharat Star,PARADIP,16.4681,84.4576,9.17,21.82,6.13,0.97,2,485.26,35.11
V007,Ocean Sapphire,HALDIA,24.5754,90.6111,8.62,319.44,23.86,3.46,0,386.31,38.39
V007,Ocean Sapphire,PARADIP,16.2109,88.7637,9.89,31.18,11.34,0.35,6,509.87,37.77
V002,Bharat Star,PARADIP,23.0005,89.3749,14.51,100.53,18.28,2.23,9,412.16,27.42
V001,Ganga Glory,HALDIA,28.6801,89.0561,11.35,19.0,20.13,2.9,8,748.4,65.92
V005,Eastern Titan,SMPK,23.8827,84.9852,10.52,262.67,20.15,2.43,10,369.73,35.67
V006,Himalaya Dawn,VIZAG,13.4363,87.4534,12.33,59.44,21.47,4.13,12,650.73,63.15
V005,Eastern Titan,SMPK,18.7087,87.6396,11.02,9.78,2.88,3.72,11,432.62,39.52
V005,Eastern Titan,SMPK,24.5638,91.5319,8.3,231.14,22.08,3.07,4,398.29,44.38
V004,Steel Infinity,VIZAG,15.0248,82.9911,14.49,163.37,11.32,0.3,0,297.96,12.7
V002,Bharat Star,PARADIP,22.2354,87.7358,13.11,332.87,23.93,0.96,2,242.33,14.14
V001,Ganga Glory,VIZAG,19.9503,88.5167,11.93,259.43,3.69,1.29,0,605.7,32.0
V002,Bharat Star,HALDIA,19.6046,85.34,8.77,317.06,19.11,0.95,10,389.17,40.12
V003,Odisha Queen,VIZAG,13.4692,84.9536,9.06,93.06,15.65,2.95,11,502.38,57.86
V007,Ocean Sapphire,SMPK,23.2998,90.5207,10.4,327.75,2.93,0.33,1,242.22,13.77
V005,Eastern Titan,SMPK,24.3047,90.1053,9.86,257.22,14.94,2.38,0,268.31,20.41
V004,Steel Infinity,SMPK,26.8545,83.1601,11.33,40.59,13.35,0.21,10,706.01,50.54
V003,Odisha Queen,SMPK,28.5764,84.9099,12.41,338.43,5.03,3.0,0,751.33,44.18
V001,Ganga Glory,HALDIA,27.1851,84.5543,13.26,30.39,8.0,2.18,5,675.74,41.11
V001,Ganga Glory,VIZAG,19.4798,77.4146,9.67,55.55,34.72,0.32,9,649.38,63.59
V006,Himalaya Dawn,VIZAG,15.5224,83.9289,14.6,148.65,21.44,3.7,6,250.74,17.36
V007,Ocean Sapphire,PARADIP,21.6742,92.116,8.15,32.94,31.42,3.88,11,590.04,88.61
V001,Ganga Glory,SMPK,15.8797,90.7057,12.77,310.16,32.48,0.52,5,783.47,52.51
V003,Odisha Queen,VIZAG,17.2459,81.5263,8.09,337.88,29.23,3.66,1,192.45,21.96
V001,Ganga Glory,SMPK,20.6807,89.2489,12.61,271.28,34.58,3.73,1,229.84,17.44
V007,Ocean Sapphire,SMPK,17.4562,86.8123,11.36,105.24,13.24,1.53,0,587.33,35.93
V006,Himalaya Dawn,HALDIA,21.0101,85.7874,11.05,20.08,9.11,0.22,6,260.06,16.71
V007,Ocean Sapphire,HALDIA,22.8919,92.8434,14.47,92.0,23.87,0.65,0,501.23,24.41
V004,Steel Infinity,PARADIP,23.5724,87.9409,14.91,308.93,5.77,2.05,10,386.45,23.0
V005,Eastern Titan,PARADIP,21.1694,92.3829,13.2,320.62,17.31,1.11,6,606.62,37.65
V007,Ocean Sapphire,SMPK,17.7705,88.0328,14.69,184.61,21.37,0.88,0,532.19,25.5
V005,Eastern Titan,SMPK,20.7316,89.2573,14.07,137.82,22.64,2.96,10,225.11,17.11
V001,Ganga Glory,PARADIP,27.351,84.787,11.15,114.55,34.75,1.14,3,803.69,62.07
V001,Ganga Glory,SMPK,29.121,87.3704,11.14,168.42,28.74,1.69,10,736.55,67.67
V003,Odisha Queen,HALDIA,22.0658,84.2549,11.9,11.57,24.74,3.65,7,392.23,34.77
V004,Steel Infinity,PARADIP,18.9328,91.1852,12.78,336.49,11.16,2.29,9,502.38,36.17
V003,Odisha Queen,HALDIA,21.1059,95.0332,8.6,267.69,3.68,3.99,5,728.04,75.57
V007,Ocean Sapphire,PARADIP,13.6198,86.08,13.88,69.29,8.33,2.17,3,747.23,41.23
V006,Himalaya Dawn,SMPK,25.4107,84.2165,8.74,31.1,2.44,1.13,10,522.72,47.79
V006,Himalaya Dawn,SMPK,25.6364,92.3011,12.76,150.03,6.58,0.27,1,531.65,25.36
V006,Himalaya Dawn,HALDIA,23.9508,82.2995,13.71,276.1,9.47,1.32,5,627.87,34.93
V001,Ganga Glory,VIZAG,19.938,83.4477,10.33,3.51,26.18,1.63,3,250.59,20.37
V002,Bharat Star,HALDIA,22.9434,81.6755,13.09,133.5,11.51,0.81,6,664.09,38.7
V004,Steel Infinity,SMPK,19.3121,92.1921,8.8,55.2,14.31,0.64,0,541.26,40.15
V005,Eastern Titan,PARADIP,19.0232,83.5907,8.97,45.44,16.88,4.01,8,348.41,40.87
V001,Ganga Glory,HALDIA,20.9239,86.4274,9.99,101.29,28.47,0.67,3,207.67,16.55
V006,Himalaya Dawn,PARADIP,18.0536,83.7823,8.4,277.73,17.35,2.95,10,390.26,47.93
V001,Ganga Glory,PARADIP,18.352,81.1434,13.77,351.45,16.85,3.97,9,614.83,47.99
V004,Steel Infinity,HALDIA,21.6583,84.7947,13.86,286.99,32.98,3.81,10,339.29,29.42
V003,Odisha Queen,PARADIP,17.8726,87.4194,14.99,291.14,22.79,4.0,1,284.8,17.22
V003,Odisha Queen,PARADIP,17.8907,80.6286,11.88,80.77,7.61,4.26,9,684.94,59.45
V004,Steel Infinity,VIZAG,16.0712,89.8866,10.19,159.88,24.31,4.29,1,725.59,66.3
V003,Odisha Queen,SMPK,28.6335,90.7761,8.25,324.58,9.18,1.41,12,720.53,79.17
V004,Steel Infinity,HALDIA,24.4459,88.9592,13.87,205.24,12.84,3.09,8,286.02,19.87
V002,Bharat Star,HALDIA,21.264,91.0314,9.95,67.5,22.14,3.91,11,318.12,37.06
V002,Bharat Star,PARADIP,22.1049,88.805,13.96,304.83,15.12,2.49,5,301.14,18.77
V004,Steel Infinity,SMPK,19.1595,85.541,8.72,216.75,11.69,4.31,6,473.59,53.62
V007,Ocean Sapphire,SMPK,17.5572,91.4236,11.49,156.36,23.22,3.69,5,643.87,55.78
V007,Ocean Sapphire,PARADIP,18.2295,90.9223,14.33,171.63,4.51,0.56,8,507.85,26.16
V002,Bharat Star,HALDIA,21.1284,93.2857,9.23,312.29,14.99,1.89,12,549.17,58.56
V005,Eastern Titan,PARADIP,19.2075,89.6876,12.41,178.88,7.35,4.18,0,344.01,22.35
V003,Odisha Queen,VIZAG,13.5739,80.5735,12.22,77.79,9.41,2.54,2,541.69,34.23
V007,Ocean Sapphire,HALDIA,18.6088,84.9558,10.53,305.13,27.37,1.38,1,497.77,37.16
V006,Himalaya Dawn,HALDIA,20.3113,91.655,11.83,80.58,14.09,1.6,0,417.89,24.83
V005,Eastern Titan,VIZAG,22.9996,83.8187,10.33,111.94,20.86,2.7,9,593.06,58.28
V006,Himalaya Dawn,VIZAG,16.7382,88.5555,8.8,344.23,5.55,3.29,7,570.22,58.69
V003,Odisha Queen,PARADIP,17.4606,90.9868,8.14,118.94,11.9,4.0,8,558.65,69.89
V007,Ocean Sapphire,VIZAG,11.2802,86.3132,14.44,28.47,23.24,4.18,10,783.9,62.94
V004,Steel Infinity,SMPK,21.9262,94.2248,13.87,130.11,20.25,0.4,3,613.69,32.39
V002,Bharat Star,SMPK,23.6938,84.5111,11.77,153.79,7.94,2.84,3,407.79,27.83
V002,Bharat Star,VIZAG,14.2935,85.8774,13.33,53.41,17.78,1.87,6,468.72,30.61
V003,Odisha Queen,PARADIP,23.5884,91.1735,9.11,228.9,12.38,1.36,6,593.73,52.38
V005,Eastern Titan,VIZAG,17.2342,80.8931,8.08,332.17,22.16,1.1,7,258.2,27.83
V007,Ocean Sapphire,SMPK,20.0027,87.7458,9.47,126.51,18.22,3.68,7,289.01,30.94
V006,Himalaya Dawn,VIZAG,20.0271,82.0614,10.03,132.29,26.14,3.78,8,289.78,31.75
V005,Eastern Titan,PARADIP,23.3067,80.9573,9.4,154.96,16.39,1.11,11,672.21,65.53
V003,Odisha Queen,VIZAG,14.3901,83.6548,10.09,239.14,8.01,0.56,4,369.11,25.15
V001,Ganga Glory,SMPK,24.8081,87.7667,8.99,348.71,14.98,3.83,6,256.89,27.94
V007,Ocean Sapphire,PARADIP,23.9807,88.4809,13.65,150.38,33.49,1.25,0,449.89,26.01
V003,Odisha Queen,HALDIA,17.6511,90.7519,13.55,13.12,5.96,2.0,12,560.49,38.31
V001,Ganga Glory,HALDIA,17.1555,91.0477,13.62,311.74,21.91,4.03,0,623.91,40.16
V005,Eastern Titan,VIZAG,17.4862,88.7945,13.09,176.72,28.66,2.08,12,584.94,49.1
V003,Odisha Queen,PARADIP,18.3203,92.2429,11.57,101.44,12.84,3.93,1,630.48,46.15
V003,Odisha Queen,VIZAG,13.4426,80.6959,12.62,163.94,15.93,3.5,10,547.38,46.0
V006,Himalaya Dawn,PARADIP,17.2995,87.3776,12.14,160.64,9.38,3.45,10,345.2,28.75
V001,Ganga Glory,SMPK,25.3933,88.1612,9.15,182.73,3.79,1.19,7,316.47,26.18
V001,Ganga Glory,SMPK,20.6746,92.0507,9.57,159.1,30.19,2.77,12,440.23,53.39
V003,Odisha Queen,HALDIA,25.8174,90.7019,11.57,25.62,23.65,0.3,4,501.31,33.23
V005,Eastern Titan,PARADIP,14.7199,82.4049,13.65,202.38,20.86,4.41,11,766.37,66.57
V006,Himalaya Dawn,HALDIA,22.0264,94.9616,12.3,32.7,21.22,4.48,6,711.39,61.23
V003,Odisha Queen,SMPK,18.6341,88.0405,14.35,321.22,11.21,2.98,12,436.26,31.5
V007,Ocean Sapphire,SMPK,20.5071,87.5096,10.41,40.99,27.25,4.2,3,241.43,23.13
V003,Odisha Queen,SMPK,26.7375,93.3481,10.95,257.95,12.02,3.82,4,690.58,57.34
V005,Eastern Titan,VIZAG,12.5868,82.857,13.04,163.05,10.98,2.74,11,569.26,43.44
V001,Ganga Glory,HALDIA,19.1994,88.1672,8.5,195.18,22.68,0.46,12,312.73,34.41
V005,Eastern Titan,PARADIP,16.3751,90.592,9.97,126.4,34.84,3.42,3,606.68,60.59
V007,Ocean Sapphire,SMPK,23.6876,83.0885,9.5,101.43,34.76,3.63,8,547.72,66.11
V007,Ocean Sapphire,PARADIP,26.2757,84.2784,14.49,239.22,33.54,3.93,9,704.04,57.65
V004,Steel Infinity,HALDIA,21.4268,90.8561,10.66,313.33,27.78,0.67,11,296.03,26.84
V007,Ocean Sapphire,SMPK,20.0572,94.4349,14.67,335.62,4.44,2.59,8,693.26,41.3
V006,Himalaya Dawn,PARADIP,18.9545,85.008,13.71,223.02,5.55,2.85,3,227.05,13.08
V006,Himalaya Dawn,VIZAG,22.5205,85.5993,12.61,153.39,16.21,2.42,10,589.16,46.11
V001,Ganga Glory,VIZAG,20.5334,89.2381,13.57,342.97,17.12,0.49,1,701.2,35.11
V007,Ocean Sapphire,HALDIA,25.2633,84.763,10.53,75.08,34.16,0.64,11,493.56,47.36
V004,Steel Infinity,VIZAG,13.9213,85.8363,9.77,125.11,2.05,4.29,4,500.38,44.95
V006,Himalaya Dawn,SMPK,18.4741,84.3055,14.04,205.87,15.1,2.29,2,615.11,34.64
V002,Bharat Star,SMPK,21.1836,82.7599,14.62,42.4,16.47,4.45,8,591.51,43.66
V001,Ganga Glory,VIZAG,15.8972,88.6848,8.26,68.81,29.41,1.38,0,608.86,57.05
V006,Himalaya Dawn,HALDIA,24.2337,92.8317,9.89,341.05,34.51,1.59,11,546.98,59.8
V001,Ganga Glory,SMPK,20.9726,81.9937,13.05,66.98,18.27,3.99,10,674.39,57.43
V004,Steel Infinity,PARADIP,19.3127,83.3638,13.07,96.7,17.29,0.48,6,358.56,21.36
V001,Ganga Glory,VIZAG,16.1251,88.4822,14.38,352.12,27.11,1.06,1,580.13,30.93
V002,Bharat Star,HALDIA,24.6056,88.1202,14.97,212.65,2.15,0.65,6,288.69,13.37
V002,Bharat Star,SMPK,20.5151,89.1194,8.1,231.55,29.54,4.06,4,241.62,30.72
V006,Himalaya Dawn,HALDIA,21.6605,85.3244,10.83,115.71,6.2,1.95,0,285.02,17.88
V004,Steel Infinity,SMPK,20.5331,89.0513,11.2,119.24,8.47,2.02,11,237.35,19.6
V006,Himalaya Dawn,PARADIP,24.2051,90.0716,9.14,128.52,11.63,1.53,12,559.2,57.11
V001,Ganga Glory,PARADIP,14.3724,87.6153,14.35,187.07,31.37,4.1,8,669.72,53.93
V002,Bharat Star,SMPK,24.4078,85.15,11.41,46.83,16.1,2.43,5,381.92,29.2
V003,Odisha Queen,VIZAG,21.3271,77.8333,13.28,255.42,5.83,0.23,2,699.49,32.63
V005,Eastern Titan,HALDIA,19.3241,90.8628,14.53,357.31,20.03,3.11,2,417.37,24.88
V002,Bharat Star,PARADIP,21.5772,81.5653,14.9,99.13,15.02,4.11,2,543.17,32.61
V003,Odisha Queen,PARADIP,16.6232,91.774,14.28,182.68,25.19,4.29,2,681.38,45.96
V003,Odisha Queen,PARADIP,22.2925,92.0847,13.64,52.83,12.04,1.45,7,607.05,36.83
V004,Steel Infinity,PARADIP,18.0804,89.7231,10.8,42.1,6.99,0.6,5,410.09,26.66
V007,Ocean Sapphire,VIZAG,13.4374,82.6903,10.67,65.6,7.69,3.29,0,477.06,33.98
V001,Ganga Glory,SMPK,23.6135,83.6327,11.19,152.18,23.94,1.49,6,491.83,38.93
V006,Himalaya Dawn,HALDIA,17.9218,85.6885,11.79,40.32,2.38,3.68,3,517.73,36.01
V001,Ganga Glory,HALDIA,18.8807,90.1517,8.74,236.38,20.01,1.44,0,410.56,34.12
V007,Ocean Sapphire,HALDIA,22.8391,90.9846,11.06,13.1,4.84,2.05,7,314.42,23.31
V003,Odisha Queen,SMPK,24.6955,88.2223,9.03,264.12,7.67,0.22,3,238.7,17.11
V004,Steel Infinity,HALDIA,17.0623,88.5917,14.7,318.74,22.94,0.37,6,552.97,30.38
V006,Himalaya Dawn,VIZAG,14.2484,86.5414,12.32,178.77,34.54,1.61,10,517.66,44.48
V006,Himalaya Dawn,HALDIA,20.2515,86.9414,12.08,132.29,19.28,0.35,8,227.37,15.48
V002,Bharat Star,SMPK,21.5275,84.1596,14.78,265.83,31.13,3.02,6,441.62,30.74
V001,Ganga Glory,HALDIA,18.9728,87.518,9.02,214.34,33.13,1.87,12,342.41,42.37
V002,Bharat Star,SMPK,25.6231,88.0362,8.52,77.88,27.24,1.12,0,342.76,30.1
V001,Ganga Glory,HALDIA,18.6069,88.5056,9.06,2.03,8.78,0.72,7,381.25,31.91
V003,Odisha Queen,VIZAG,19.4568,76.8422,13.55,356.86,22.09,3.2,10,706.37,56.44
V002,Bharat Star,HALDIA,26.211,89.3421,13.44,44.89,32.99,1.46,1,484.9,29.65
V002,Bharat Star,PARADIP,18.3,87.1475,11.32,108.07,29.51,4.12,8,231.34,23.38
V003,Odisha Queen,PARADIP,23.4141,86.9446,10.83,193.59,25.48,4.4,9,345.67,37.14
V005,Eastern Titan,VIZAG,16.3366,76.3296,8.71,231.24,11.68,3.88,6,754.13,83.1
V001,Ganga Glory,VIZAG,19.1947,80.7893,14.01,167.34,6.46,1.76,2,311.47,15.8
V005,Eastern Titan,HALDIA,26.7771,88.1364,12.24,330.16,3.94,0.29,11,530.14,33.25
V005,Eastern Titan,HALDIA,20.1088,86.9115,10.84,114.0,10.32,2.43,7,242.68,19.72
V006,Himalaya Dawn,PARADIP,19.9331,89.4138,12.71,328.24,10.7,2.91,6,294.84,20.69
V001,Ganga Glory,HALDIA,23.7329,91.611,12.82,219.31,12.5,2.65,4,411.14,26.98
V007,Ocean Sapphire,VIZAG,20.7289,81.9316,14.92,91.32,4.56,0.78,8,366.37,18.49
V005,Eastern Titan,HALDIA,20.0896,89.434,14.32,146.6,25.55,2.75,1,256.77,15.28
V001,Ganga Glory,HALDIA,22.1793,86.1304,9.92,345.37,31.6,0.74,3,199.69,16.49
V002,Bharat Star,VIZAG,10.9671,81.8383,13.91,350.46,5.33,3.36,5,763.49,47.4
V003,Odisha Queen,PARADIP,19.9685,81.2198,11.96,144.35,20.28,4.35,0,565.07,41.82
V002,Bharat Star,HALDIA,25.757,92.3632,14.86,36.17,2.1,3.02,9,604.07,36.93
V002,Bharat Star,SMPK,24.8022,92.3047,11.41,43.81,30.99,3.89,5,478.52,44.3
V006,Himalaya Dawn,SMPK,20.1944,88.0658,14.22,191.22,4.5,0.2,10,263.05,13.85
V007,Ocean Sapphire,SMPK,19.5444,91.2166,13.46,286.51,5.36,2.3,7,450.86,28.11
V002,Bharat Star,VIZAG,16.6727,89.8836,8.16,161.47,3.02,0.52,7,710.53,61.64
V002,Bharat Star,HALDIA,20.0461,94.4253,13.46,14.0,25.24,0.22,3,695.72,38.82
V002,Bharat Star,PARADIP,22.8928,92.3534,13.17,46.11,29.28,3.27,11,658.06,58.17
V007,Ocean Sapphire,PARADIP,22.2604,91.6598,13.35,318.93,6.21,2.0,12,564.93,39.27
V001,Ganga Glory,VIZAG,20.6857,85.8436,10.89,72.2,15.87,4.33,4,428.27,37.89
V001,Ganga Glory,PARADIP,14.0409,85.8934,9.32,308.82,10.72,2.28,8,702.46,67.46
V004,Steel Infinity,PARADIP,24.5887,88.5867,9.66,1.83,13.49,0.83,2,515.87,37.25
V003,Odisha Queen,VIZAG,23.1718,80.6701,9.89,205.55,31.98,0.5,1,667.4,51.48
V004,Steel Infinity,SMPK,20.7171,85.4704,12.9,15.59,28.16,3.17,9,356.46,30.32
V005,Eastern Titan,SMPK,20.849,91.4734,13.54,283.6,7.2,2.4,8,378.49,24.58
V003,Odisha Queen,HALDIA,17.3501,86.2712,13.09,196.04,24.8,1.4,7,550.94,38.21
V003,Odisha Queen,HALDIA,24.5826,86.7454,12.25,281.81,24.18,3.17,0,315.99,21.73
V006,Himalaya Dawn,PARADIP,13.8014,86.0401,11.69,335.93,25.21,3.37,2,727.45,56.67
V006,Himalaya Dawn,HALDIA,21.2006,90.0139,11.21,288.99,9.56,0.91,10,221.14,16.45
V003,Odisha Queen,HALDIA,24.0601,90.7158,13.1,71.34,9.17,1.19,12,354.7,24.1
V004,Steel Infinity,VIZAG,22.6491,82.0571,8.96,32.26,20.66,1.39,9,565.99,58.34
V001,Ganga Glory,SMPK,18.3855,87.1754,14.09,35.26,26.61,3.25,6,477.66,34.41
V006,Himalaya Dawn,PARADIP,26.4686,83.5389,8.61,48.32,12.29,0.21,0,752.43,54.02
V007,Ocean Sapphire,VIZAG,17.6894,86.6105,8.96,318.27,33.2,1.64,7,352.82,38.52
V002,Bharat Star,VIZAG,22.9896,84.0559,8.65,23.09,19.4,4.21,4,594.81,67.24
V005,Eastern Titan,SMPK,23.7595,85.6834,9.18,248.79,34.2,3.46,6,299.41,35.11
V003,Odisha Queen,VIZAG,20.6259,80.7101,14.27,192.75,3.71,1.81,6,423.57,23.07
V003,Odisha Queen,PARADIP,16.6446,85.2887,14.49,26.99,5.92,2.99,12,432.12,29.78
V006,Himalaya Dawn,PARADIP,16.5391,85.4102,8.79,216.7,6.84,0.89,0,439.36,31.26
V001,Ganga Glory,HALDIA,19.1566,84.0328,11.86,245.71,13.22,1.67,3,525.69,33.92
V005,Eastern Titan,PARADIP,17.5459,83.5556,13.29,118.91,32.2,4.1,11,446.1,41.8
V005,Eastern Titan,PARADIP,22.3682,82.1154,11.48,20.41,20.49,3.87,12,519.11,52.93
V005,Eastern Titan,VIZAG,18.6095,85.2058,13.45,116.34,13.75,1.89,2,227.72,12.87
V007,Ocean Sapphire,PARADIP,20.7122,93.3818,8.59,122.63,5.86,3.64,11,705.49,84.02
V004,Steel Infinity,SMPK,20.5595,81.6868,9.97,96.33,20.86,2.16,9,718.76,70.49
V005,Eastern Titan,HALDIA,17.5957,90.9472,8.67,78.1,4.76,1.81,1,576.29,45.46
V004,Steel Infinity,HALDIA,28.5035,91.2062,14.74,102.03,2.83,4.29,11,788.21,56.02
V001,Ganga Glory,VIZAG,16.5753,86.6944,12.22,22.85,24.43,4.14,0,383.4,28.12
V003,Odisha Queen,SMPK,23.0556,91.5784,11.93,185.26,23.49,3.16,3,340.72,26.1
V001,Ganga Glory,VIZAG,14.4593,78.7847,10.53,256.78,2.84,1.54,11,599.72,48.4
V003,Odisha Queen,HALDIA,21.4504,93.5353,12.68,294.98,18.58,0.87,3,568.94,33.64
V007,Ocean Sapphire,PARADIP,25.6609,90.7872,9.99,304.87,31.71,1.58,9,731.06,74.12
V004,Steel Infinity,SMPK,18.0524,88.4446,14.18,217.51,34.25,2.58,8,500.34,37.84
V004,Steel Infinity,VIZAG,17.8172,86.824,11.21,14.66,29.23,4.28,0,375.57,31.15
V005,Eastern Titan,HALDIA,25.148,82.3483,8.34,297.13,19.6,1.46,8,678.52,73.16
V001,Ganga Glory,PARADIP,14.9802,90.6679,12.54,321.06,9.12,0.59,9,732.35,46.13
V007,Ocean Sapphire,HALDIA,20.3927,91.7804,8.95,350.83,14.79,2.53,5,425.53,41.42
V006,Himalaya Dawn,VIZAG,24.4544,84.436,12.23,30.87,4.72,3.88,10,761.65,62.81
V002,Bharat Star,SMPK,20.3249,83.4118,9.49,100.34,2.45,2.99,3,563.13,46.27
V005,Eastern Titan,PARADIP,17.1508,91.0213,9.82,216.77,25.21,0.59,11,582.16,55.87
V007,Ocean Sapphire,SMPK,21.1978,85.2794,10.14,344.31,8.49,0.82,5,346.05,24.75
V006,Himalaya Dawn,HALDIA,26.6264,91.707,12.15,169.43,20.98,1.22,10,632.4,48.7
V001,Ganga Glory,VIZAG,20.6561,83.3101,13.73,157.24,5.58,1.72,2,329.83,16.9
V007,Ocean Sapphire,VIZAG,17.8521,80.1803,14.53,117.91,23.18,4.23,0,328.72,20.24
V004,Steel Infinity,HALDIA,20.1483,88.5375,8.64,52.83,28.09,1.11,1,212.86,19.09
V005,Eastern Titan,PARADIP,18.8603,81.399,9.34,61.23,19.65,0.32,2,570.48,42.98
V005,Eastern Titan,HALDIA,21.0379,91.2759,10.49,285.03,4.77,1.84,11,349.76,29.52
V001,Ganga Glory,SMPK,20.4337,89.2184,8.25,77.59,16.08,0.47,7,253.78,24.31
V007,Ocean Sapphire,VIZAG,15.2624,82.5546,14.12,240.94,6.36,1.48,8,280.8,16.15
V001,Ganga Glory,PARADIP,13.7583,87.0113,12.09,191.35,25.33,1.32,10,730.81,58.84
V003,Odisha Queen,HALDIA,19.3383,87.921,11.01,267.53,12.1,1.05,0,297.43,17.9
V002,Bharat Star,HALDIA,15.747,87.6188,14.75,345.17,33.27,3.75,1,697.96,44.99
V004,Steel Infinity,PARADIP,26.2354,83.8153,11.65,44.37,34.43,0.56,1,717.36,48.01
V005,Eastern Titan,SMPK,26.8001,92.9867,9.31,146.78,25.74,2.2,8,668.88,71.15
V005,Eastern Titan,PARADIP,18.1838,93.1982,12.1,349.02,18.06,3.18,9,730.18,62.06
V007,Ocean Sapphire,PARADIP,25.3432,86.2761,11.71,63.23,13.31,2.32,2,559.66,37.4
V002,Bharat Star,VIZAG,17.507,85.6874,14.15,354.49,4.73,0.26,12,255.97,14.27
V005,Eastern Titan,SMPK,20.6321,83.6949,10.87,6.51,8.09,1.27,9,521.66,39.8
V003,Odisha Queen,HALDIA,22.282,84.7634,14.76,96.85,21.33,0.59,0,340.86,15.88
V003,Odisha Queen,SMPK,26.9073,87.8752,12.8,93.18,9.3,3.77,11,486.41,40.15
V002,Bharat Star,HALDIA,20.2694,93.7866,10.33,66.08,22.51,4.38,11,624.6,72.28
V003,Odisha Queen,HALDIA,19.8683,90.9981,10.95,69.12,24.26,0.26,5,387.04,27.87
V006,Himalaya Dawn,HALDIA,20.7013,93.3917,8.32,285.79,9.12,1.02,10,570.96,57.55
V003,Odisha Queen,HALDIA,20.1507,84.0281,13.28,60.02,23.98,0.41,4,466.59,27.25
V004,Steel Infinity,VIZAG,19.3667,85.9222,14.0,42.35,24.65,0.62,4,335.19,18.96
V007,Ocean Sapphire,HALDIA,19.2284,88.035,8.92,38.26,28.95,3.62,4,309.32,34.67
V002,Bharat Star,HALDIA,18.5086,92.1495,8.55,151.29,19.85,1.37,9,577.48,61.93
V002,Bharat Star,VIZAG,11.5985,84.122,12.79,321.59,26.5,3.16,12,683.37,62.09
V005,Eastern Titan,SMPK,25.5379,93.7879,8.76,11.35,22.5,2.88,8,648.69,75.1
V001,Ganga Glory,SMPK,15.3475,89.3205,13.1,335.55,21.21,2.23,3,808.02,52.17
V002,Bharat Star,VIZAG,21.4329,81.5274,9.46,159.82,31.51,2.14,3,454.88,43.31
V002,Bharat Star,PARADIP,18.6047,85.3502,9.19,190.58,8.11,0.23,12,232.6,20.54
V006,Himalaya Dawn,PARADIP,22.2583,87.6129,14.16,42.19,6.61,3.24,1,238.82,13.05
V006,Himalaya Dawn,VIZAG,14.7222,89.5672,8.77,115.81,32.57,3.02,8,747.95,93.04
V004,Steel Infinity,VIZAG,22.9508,86.8821,8.74,88.17,10.84,4.19,12,695.07,89.28
V006,Himalaya Dawn,VIZAG,20.6071,89.5362,10.24,350.39,12.48,0.67,1,732.74,47.5
V005,Eastern Titan,PARADIP,14.8595,84.1527,14.14,180.6,25.33,0.3,11,661.05,43.12
V006,Himalaya Dawn,SMPK,24.4416,89.3918,10.99,30.53,22.43,0.79,11,237.98,20.29
V006,Himalaya Dawn,VIZAG,19.2752,86.1381,10.08,102.26,12.34,1.72,11,349.15,32.25
V004,Steel Infinity,PARADIP,20.9132,80.9833,13.19,287.9,8.92,1.38,4,590.3,33.25
V007,Ocean Sapphire,SMPK,22.8394,90.9157,9.01,213.93,31.34,2.9,8,270.25,32.24
V002,Bharat Star,VIZAG,14.9954,78.6286,12.1,66.32,27.35,4.0,12,579.68,58.94
V006,Himalaya Dawn,HALDIA,23.8926,90.9267,8.83,29.14,12.54,3.21,5,360.51,36.71
V004,Steel Infinity,HALDIA,19.6792,87.8293,8.02,163.02,26.08,3.31,6,260.28,32.95
V003,Odisha Queen,SMPK,25.4051,86.1723,9.12,261.19,4.6,2.55,4,384.06,33.18
V003,Odisha Queen,VIZAG,23.3554,81.3019,14.76,354.49,5.05,2.15,10,662.75,39.93
V001,Ganga Glory,HALDIA,25.0112,86.009,14.82,204.36,19.65,4.07,1,393.81,23.73
V003,Odisha Queen,VIZAG,19.8513,77.643,12.7,344.53,25.92,2.33,10,640.22,52.87
V006,Himalaya Dawn,PARADIP,14.5637,85.8708,14.1,26.47,9.49,0.62,9,644.98,36.32
V004,Steel Infinity,PARADIP,23.1,86.8551,14.58,145.12,21.33,1.16,12,310.08,20.78
V001,Ganga Glory,PARADIP,16.775,89.8352,8.07,97.33,4.26,0.61,4,519.82,43.02
V006,Himalaya Dawn,HALDIA,19.6413,81.6277,14.45,120.05,29.35,1.9,2,718.42,42.27
V004,Steel Infinity,SMPK,17.6672,90.7705,12.94,216.34,17.74,4.36,6,601.06,47.8
V007,Ocean Sapphire,SMPK,22.7858,94.9743,13.08,217.79,11.88,0.6,6,685.27,39.39
V005,Eastern Titan,PARADIP,25.9669,86.4339,14.98,207.52,9.82,1.18,6,628.19,32.53
V002,Bharat Star,HALDIA,16.8191,86.1739,11.74,251.09,23.95,0.81,2,610.12,39.31
V005,Eastern Titan,PARADIP,21.0415,80.2331,12.36,245.44,13.93,4.18,6,669.21,53.79
V003,Odisha Queen,PARADIP,18.3056,84.0552,11.09,190.0,11.12,4.03,8,350.14,32.04
V005,Eastern Titan,PARADIP,18.3775,81.954,8.48,273.45,4.09,3.38,5,535.02,54.07
V004,Steel Infinity,SMPK,27.7589,88.8464,9.14,290.83,14.33,2.44,5,581.81,54.91
V001,Ganga Glory,HALDIA,24.8291,85.2824,10.72,140.37,2.46,3.76,4,422.56,33.42
V005,Eastern Titan,PARADIP,21.8461,92.1369,8.74,219.91,28.72,0.39,1,596.96,50.43
V004,Steel Infinity,PARADIP,17.2343,87.9107,14.83,333.92,14.54,2.33,11,369.04,24.67
V003,Odisha Queen,SMPK,18.8176,94.2181,8.73,205.07,13.15,0.83,6,742.31,65.9
V001,Ganga Glory,PARADIP,18.7641,89.7619,8.31,114.08,21.06,1.15,3,371.91,34.95
V005,Eastern Titan,PARADIP,19.1711,88.6301,9.17,260.5,4.23,1.64,10,246.11,22.76
V005,Eastern Titan,SMPK,26.8814,93.508,11.99,338.18,11.76,1.01,1,713.06,40.34
V004,Steel Infinity,PARADIP,15.5329,89.2859,11.15,236.29,28.62,2.08,9,602.36,55.42
V003,Odisha Queen,HALDIA,23.7523,91.3836,9.54,72.5,11.1,1.49,11,391.72,37.21
V001,Ganga Glory,SMPK,16.7889,90.4391,13.67,174.92,4.96,1.6,12,678.59,44.14
V002,Bharat Star,VIZAG,11.6289,86.2415,12.83,345.56,19.43,0.94,10,745.39,52.58
V007,Ocean Sapphire,PARADIP,24.9934,89.7341,10.85,223.85,28.44,2.6,6,609.97,55.39
V004,Steel Infinity,SMPK,25.4455,90.4452,14.0,96.03,4.98,2.4,9,388.75,24.59
V005,Eastern Titan,HALDIA,17.1071,83.2475,14.29,132.09,5.29,1.76,12,742.46,46.93
V007,Ocean Sapphire,PARADIP,19.6846,91.1492,11.28,219.79,21.61,3.39,2,478.47,37.81
V007,Ocean Sapphire,SMPK,25.8117,86.4604,12.03,189.98,24.99,1.05,9,407.86,31.53
V002,Bharat Star,SMPK,20.8105,89.4927,10.41,324.45,31.35,3.57,11,229.34,26.46
V002,Bharat Star,VIZAG,23.8154,84.7475,13.16,41.24,14.36,1.12,5,697.97,41.41
V004,Steel Infinity,HALDIA,17.9916,84.909,9.57,141.11,28.52,3.33,9,554.97,64.41
V002,Bharat Star,PARADIP,16.6885,85.8224,10.78,99.65,19.16,3.96,7,412.47,39.72
V004,Steel Infinity,PARADIP,19.718,82.9076,13.89,206.82,9.39,3.01,10,393.58,27.78
V007,Ocean Sapphire,VIZAG,11.4277,83.1841,9.83,110.59,31.69,4.4,11,696.41,89.47
V007,Ocean Sapphire,SMPK,24.4419,91.9735,12.9,217.27,26.84,1.82,12,429.6,35.5
V004,Steel Infinity,SMPK,26.7884,92.1529,12.21,242.53,18.46,3.35,3,611.2,44.83
V001,Ganga Glory,VIZAG,17.6604,86.8079,11.2,102.28,14.2,2.15,7,373.77,29.62
V001,Ganga Glory,VIZAG,22.0269,83.6271,11.57,12.86,33.45,1.77,3,483.6,37.22
V004,Steel Infinity,PARADIP,25.2594,87.546,12.55,278.89,29.02,2.2,5,557.37,41.7
V001,Ganga Glory,VIZAG,16.0329,82.2418,12.13,225.97,18.82,4.2,4,214.84,17.25
V003,Odisha Queen,SMPK,26.3327,83.0298,14.84,249.04,30.55,0.23,8,679.22,40.75
V007,Ocean Sapphire,VIZAG,23.5957,86.4784,11.35,283.52,12.2,2.99,1,736.11,51.32
V004,Steel Infinity,SMPK,26.5675,88.0437,9.35,149.58,19.46,4.4,12,447.47,57.51
V006,Himalaya Dawn,SMPK,19.8518,91.7598,12.47,195.43,25.95,4.07,2,467.57,35.81
V002,Bharat Star,VIZAG,11.9566,81.5823,8.64,10.32,15.85,3.96,5,663.11,74.14
V003,Odisha Queen,PARADIP,22.7478,90.7987,11.42,34.35,18.25,3.42,12,509.55,50.0
V002,Bharat Star,SMPK,25.7068,90.3532,14.59,177.63,12.66,4.47,8,408.18,29.51
V004,Steel Infinity,PARADIP,18.5317,85.9498,8.72,117.66,5.86,2.81,0,210.91,17.51
V003,Odisha Queen,PARADIP,23.653,90.2531,14.39,15.18,30.83,1.07,3,526.89,30.53
V003,Odisha Queen,VIZAG,20.0316,82.9736,13.31,300.12,14.25,1.68,1,262.36,14.38
V007,Ocean Sapphire,SMPK,25.6043,90.329,14.11,285.48,14.77,3.52,6,397.18,26.93
V005,Eastern Titan,SMPK,27.339,88.7881,9.06,215.62,21.95,3.69,7,534.78,61.32
V004,Steel Infinity,HALDIA,17.7893,86.8989,10.56,123.68,2.52,2.88,5,484.76,37.48
V007,Ocean Sapphire,HALDIA,25.066,94.1212,9.25,41.74,19.96,2.77,4,705.03,68.12
V002,Bharat Star,HALDIA,23.5342,89.5263,10.22,240.84,5.07,0.33,1,226.54,13.37
V003,Odisha Queen,SMPK,16.9876,90.1792,12.48,219.25,4.35,0.88,6,648.99,37.52
V005,Eastern Titan,HALDIA,16.8924,89.1609,13.12,6.26,2.4,1.57,10,580.63,36.71
V002,Bharat Star,SMPK,26.0111,93.538,9.81,146.06,13.84,0.26,3,655.6,45.87
V006,Himalaya Dawn,VIZAG,15.3455,85.349,8.08,331.61,34.04,2.51,3,341.47,39.62
V006,Himalaya Dawn,VIZAG,20.1518,76.9342,11.78,88.09,7.4,3.32,2,721.35,49.32
V006,Himalaya Dawn,HALDIA,23.4923,91.1636,13.03,187.92,7.91,1.11,8,358.38,21.94
V004,Steel Infinity,PARADIP,18.5543,88.2647,13.05,66.95,29.88,2.97,1,261.32,17.79
V002,Bharat Star,SMPK,23.8296,86.3287,13.07,13.26,11.84,3.83,3,246.66,16.69
V004,Steel Infinity,SMPK,19.7727,90.5376,12.94,112.95,5.6,1.4,8,386.26,23.93
V004,Steel Infinity,SMPK,19.0088,93.2558,12.22,326.23,24.9,2.17,12,648.35,57.17
V002,Bharat Star,SMPK,21.1079,93.4592,13.14,209.27,17.92,3.86,9,556.11,45.47
V003,Odisha Queen,HALDIA,19.5638,89.024,12.47,202.79,9.36,3.55,2,289.87,19.29
V005,Eastern Titan,SMPK,29.7208,87.4026,13.83,296.41,29.65,2.57,8,802.37,60.39
V006,Himalaya Dawn,VIZAG,20.8669,82.1069,14.44,185.04,22.35,0.91,11,374.09,24.47
V005,Eastern Titan,SMPK,25.9824,86.4734,12.42,322.43,9.73,1.37,4,424.19,25.53
V005,Eastern Titan,VIZAG,18.0549,88.1626,9.78,236.7,26.58,3.21,8,518.3,56.38
V007,Ocean Sapphire,PARADIP,18.7148,89.1299,13.47,171.88,7.35,3.55,7,317.87,22.05
V002,Bharat Star,PARADIP,19.3356,81.5816,8.84,3.24,2.39,1.21,10,538.25,49.0
V007,Ocean Sapphire,VIZAG,15.4641,82.1469,14.11,168.41,10.07,0.36,1,275.39,12.35
V002,Bharat Star,SMPK,28.7926,84.8194,8.26,112.5,16.51,0.43,4,776.73,68.78
V006,Himalaya Dawn,VIZAG,21.59,79.3608,14.85,114.81,17.42,4.2,8,597.01,42.95
V005,Eastern Titan,SMPK,21.1864,92.8057,10.24,151.85,22.47,2.72,3,489.03,42.12
V003,Odisha Queen,PARADIP,21.2523,84.5042,9.96,50.72,20.02,3.08,9,243.16,25.27
V005,Eastern Titan,SMPK,23.6087,92.2748,12.91,42.0,13.67,1.59,9,423.28,29.17
V005,Eastern Titan,SMPK,20.74,85.519,11.75,46.84,18.1,2.63,10,350.87,30.3
V006,Himalaya Dawn,PARADIP,23.4585,80.5719,9.12,213.86,19.08,2.27,6,714.85,70.88
V007,Ocean Sapphire,PARADIP,13.63,88.4734,11.18,72.72,11.95,0.68,2,769.53,46.83
V001,Ganga Glory,SMPK,23.5484,84.1079,10.16,24.36,18.37,0.73,5,443.04,34.07
V007,Ocean Sapphire,PARADIP,19.3681,84.7035,14.45,132.49,34.15,2.17,6,226.67,15.6
V001,Ganga Glory,VIZAG,19.141,86.0696,12.07,322.09,27.63,3.24,1,335.62,24.78
V007,Ocean Sapphire,VIZAG,15.061,82.7646,14.09,338.9,34.46,3.12,4,297.46,21.18
V007,Ocean Sapphire,HALDIA,24.8157,88.9053,13.22,183.43,13.82,1.07,9,323.68,20.93
V006,Himalaya Dawn,HALDIA,17.4985,90.1942,13.72,90.28,28.3,2.79,11,549.09,44.94
V006,Himalaya Dawn,HALDIA,18.3677,88.1316,14.2,262.16,34.1,3.42,8,405.07,32.18
V007,Ocean Sapphire,VIZAG,12.8077,85.8205,11.16,37.03,15.3,0.48,1,607.42,36.4
V001,Ganga Glory,PARADIP,22.1403,88.4221,13.33,44.73,18.44,4.46,12,275.41,24.76
V002,Bharat Star,PARADIP,19.4452,84.4059,10.15,5.82,10.43,2.39,5,251.12,20.66
V007,Ocean Sapphire,SMPK,27.6679,90.1268,10.7,57.32,29.76,2.9,7,598.04,58.02
V005,Eastern Titan,VIZAG,19.6134,84.3427,8.49,288.18,34.22,0.79,1,241.4,22.5
V004,Steel Infinity,SMPK,19.4126,87.3722,10.44,197.17,26.04,2.28,0,361.91,27.89
V005,Eastern Titan,VIZAG,15.3823,79.0808,11.37,224.34,34.33,1.73,3,515.91,40.53
V005,Eastern Titan,PARADIP,17.4169,86.2726,11.47,175.64,10.72,2.84,10,324.87,27.69
V002,Bharat Star,PARADIP,19.4092,82.0996,12.43,245.25,28.36,2.63,7,483.44,39.35
V003,Odisha Queen,SMPK,25.3805,87.0589,11.89,133.91,7.78,0.3,12,339.06,23.23
V002,Bharat Star,VIZAG,15.8504,80.912,11.49,357.91,34.42,1.86,6,324.65,27.58
V004,Steel Infinity,PARADIP,18.6045,89.2232,14.69,293.46,31.78,2.1,7,332.96,22.64
V001,Ganga Glory,HALDIA,24.9654,85.6905,13.2,195.67,32.88,3.1,8,407.88,33.93
V005,Eastern Titan,VIZAG,16.4548,86.2977,10.24,17.45,11.05,3.34,3,348.93,28.99
V002,Bharat Star,VIZAG,17.9101,79.9042,13.92,310.34,7.63,3.11,6,358.24,22.77
V002,Bharat Star,PARADIP,17.9423,88.6711,13.52,279.12,25.64,3.52,5,341.06,25.22
V006,Himalaya Dawn,HALDIA,26.304,88.2891,14.87,121.72,17.7,0.83,2,478.03,23.22
V004,Steel Infinity,PARADIP,17.0992,90.2351,11.59,280.56,10.08,0.72,1,522.66,29.43
V003,Odisha Queen,HALDIA,24.1364,90.1465,14.98,111.99,2.69,0.9,5,318.52,14.77
V005,Eastern Titan,SMPK,19.9566,88.0001,11.46,25.46,21.84,4.28,8,290.04,27.93
V005,Eastern Titan,HALDIA,19.3706,89.3886,8.26,327.72,25.97,1.49,12,324.4,40.67
V003,Odisha Queen,HALDIA,18.9464,88.8433,10.29,87.03,31.96,3.75,12,350.28,42.4
V001,Ganga Glory,VIZAG,18.5623,85.9611,14.35,56.94,17.84,1.52,5,299.47,17.26
V002,Bharat Star,VIZAG,19.2445,81.2252,10.94,241.49,15.71,3.14,10,277.21,26.2
V002,Bharat Star,HALDIA,20.473,85.3965,10.0,99.09,11.05,2.12,5,324.66,26.68
V003,Odisha Queen,VIZAG,23.4122,81.3586,14.52,318.44,5.88,0.93,3,666.95,31.16
V002,Bharat Star,HALDIA,18.9779,82.8382,13.12,318.34,2.93,0.6,10,639.81,37.32
V002,Bharat Star,SMPK,25.4553,89.9544,10.61,328.13,14.88,1.82,8,364.13,30.61
V005,Eastern Titan,SMPK,22.8974,84.9155,10.84,15.42,16.04,2.01,7,349.26,28.68
V007,Ocean Sapphire,VIZAG,17.931,80.5227,11.71,87.33,14.7,1.9,4,293.13,20.26
V002,Bharat Star,HALDIA,19.5225,85.9509,13.51,267.32,17.92,1.39,11,352.96,24.76
V003,Odisha Queen,VIZAG,13.2444,82.3295,10.81,157.15,16.01,2.54,4,504.71,39.98
V004,Steel Infinity,HALDIA,21.4218,81.3053,10.94,352.57,4.91,3.96,7,700.79,60.55
V002,Bharat Star,PARADIP,22.7709,88.1665,8.91,281.66,27.73,3.5,8,315.99,38.67
V004,Steel Infinity,HALDIA,19.948,89.8592,11.56,323.93,6.97,0.61,9,295.74,19.85
V003,Odisha Queen,SMPK,15.9862,90.6869,11.84,222.23,30.26,3.08,8,771.6,70.34
V002,Bharat Star,VIZAG,24.7575,81.9179,10.55,204.79,32.05,3.94,0,798.43,70.16
V007,Ocean Sapphire,VIZAG,24.5835,82.4578,8.9,200.96,26.59,2.64,12,771.24,97.47
V004,Steel Infinity,VIZAG,12.4387,82.2718,9.61,257.95,26.51,1.15,0,593.86,46.1
V001,Ganga Glory,PARADIP,16.6651,88.483,8.73,241.78,22.15,3.3,2,451.38,45.96
V002,Bharat Star,VIZAG,13.8272,81.2708,8.97,219.28,22.22,0.25,12,480.31,49.08
V006,Himalaya Dawn,PARADIP,21.9413,88.8669,14.42,42.99,4.99,2.36,12,294.63,19.32
V007,Ocean Sapphire,SMPK,25.7768,90.5897,8.15,139.93,21.98,2.13,3,427.4,44.26
V005,Eastern Titan,SMPK,21.3025,94.683,10.75,57.67,19.82,0.67,0,672.8,42.79
V005,Eastern Titan,SMPK,27.3691,86.9465,8.59,262.42,26.78,1.76,2,552.95,53.24
V002,Bharat Star,PARADIP,18.6084,82.3555,13.24,130.04,33.98,4.43,6,485.88,41.73
V004,Steel Infinity,PARADIP,17.5225,84.2107,14.36,222.97,9.25,1.56,0,401.21,18.86
V004,Steel Infinity,VIZAG,16.3669,89.0431,13.61,190.24,8.8,1.78,4,630.11,35.5
V005,Eastern Titan,PARADIP,13.4468,88.3691,11.46,289.84,20.51,3.37,3,786.57,62.38
V006,Himalaya Dawn,PARADIP,20.9389,83.6509,10.81,160.83,34.73,0.64,1,316.54,23.01
V007,Ocean Sapphire,PARADIP,18.3228,91.9039,13.82,263.49,22.1,2.61,4,597.22,38.78
V003,Odisha Queen,PARADIP,20.3662,83.0839,11.9,215.44,33.33,3.96,4,368.7,32.44
V004,Steel Infinity,SMPK,23.9986,84.1278,10.92,119.13,26.37,2.39,12,455.57,46.09
V007,Ocean Sapphire,HALDIA,18.352,85.5968,8.24,16.96,22.64,3.51,12,481.15,67.72
V006,Himalaya Dawn,HALDIA,20.1557,90.3564,12.41,254.34,24.6,1.14,4,315.07,20.91
V006,Himalaya Dawn,VIZAG,21.8521,81.5116,14.44,306.44,4.6,0.93,12,498.4,28.91
V001,Ganga Glory,VIZAG,16.645,80.8179,12.67,65.62,12.38,2.68,4,286.21,19.03
V005,Eastern Titan,SMPK,18.1295,89.0999,8.31,81.82,27.52,4.25,4,498.56,61.74
V001,Ganga Glory,PARADIP,20.2764,89.9685,10.89,239.91,21.71,2.61,4,349.24,28.69
V005,Eastern Titan,HALDIA,27.1542,83.9296,10.99,77.14,6.78,1.87,6,708.11,51.56
V007,Ocean Sapphire,VIZAG,14.5125,80.6214,9.65,328.11,6.26,2.5,8,453.3,41.32
V007,Ocean Sapphire,PARADIP,23.0878,85.3674,10.27,71.76,26.6,2.29,6,333.85,30.99
V007,Ocean Sapphire,SMPK,21.3866,85.3678,14.19,241.56,3.36,4.03,7,328.88,21.77
V002,Bharat Star,SMPK,27.9306,88.8513,12.97,51.76,17.11,2.27,6,600.86,41.3
V002,Bharat Star,PARADIP,14.8498,85.6153,10.18,332.27,34.01,3.96,9,617.5,72.29
V007,Ocean Sapphire,VIZAG,15.7986,82.335,10.56,158.39,14.46,2.8,5,233.14,19.55
V003,Odisha Queen,HALDIA,17.1447,87.1895,12.11,84.94,12.15,4.03,11,548.63,49.65
V007,Ocean Sapphire,PARADIP,24.3827,80.9836,14.28,176.57,14.86,1.69,4,734.72,41.04
V003,Odisha Queen,HALDIA,26.9388,86.4097,14.25,27.7,3.03,0.29,7,572.92,27.85
V006,Himalaya Dawn,VIZAG,19.4985,80.7817,12.29,203.27,15.65,1.8,7,331.29,23.56
V006,Himalaya Dawn,PARADIP,19.4896,83.6232,12.92,104.5,34.76,3.95,9,326.64,30.25
V003,Odisha Queen,PARADIP,16.6686,83.3652,14.34,347.07,26.01,3.92,0,531.6,33.1
V001,Ganga Glory,SMPK,22.7408,90.2753,8.76,170.73,3.96,3.36,12,203.82,23.53
V007,Ocean Sapphire,VIZAG,16.4128,84.7364,11.54,123.37,21.12,4.06,10,210.1,20.68
V004,Steel Infinity,HALDIA,25.1469,90.1027,12.7,269.02,30.96,4.49,6,406.19,35.87
V006,Himalaya Dawn,PARADIP,19.2054,92.4853,9.37,148.53,14.01,3.8,2,626.13,58.2
V003,Odisha Queen,VIZAG,15.1483,85.6131,13.71,274.08,33.79,3.6,2,376.55,26.72
V003,Odisha Queen,PARADIP,15.6664,82.9607,9.47,166.5,11.01,0.99,11,646.07,59.29
V001,Ganga Glory,VIZAG,12.2815,79.3362,12.06,41.08,7.54,0.97,10,735.51,50.22
V007,Ocean Sapphire,PARADIP,19.7305,92.2993,10.0,37.95,26.06,3.63,8,596.91,64.97
V002,Bharat Star,VIZAG,16.4155,84.9332,12.93,132.44,3.59,1.67,5,225.76,13.05
V002,Bharat Star,SMPK,24.5496,84.6077,8.63,92.05,28.11,3.62,1,437.11,46.34
V001,Ganga Glory,HALDIA,20.7064,82.1652,11.65,236.84,19.04,3.0,5,627.37,49.88
V004,Steel Infinity,HALDIA,27.5637,91.5033,12.88,270.86,18.79,2.0,6,708.54,48.71
V005,Eastern Titan,VIZAG,23.8951,84.6169,8.16,115.21,28.46,2.8,12,703.81,99.18
V006,Himalaya Dawn,HALDIA,25.8292,87.5122,8.04,28.74,34.11,3.24,3,428.31,52.26
V001,Ganga Glory,SMPK,21.5256,89.7954,14.09,157.73,26.74,2.62,8,191.65,13.94
V001,Ganga Glory,PARADIP,17.9533,81.6213,13.9,63.21,3.95,0.35,4,587.31,27.5
V007,Ocean Sapphire,SMPK,20.1303,92.3051,10.93,226.09,23.95,1.77,9,494.38,43.98
V004,Steel Infinity,SMPK,20.641,92.3606,8.05,145.74,16.51,0.64,7,470.4,46.98
V002,Bharat Star,PARADIP,22.3849,82.4008,12.85,29.21,24.95,0.94,7,493.56,33.74
V006,Himalaya Dawn,HALDIA,19.524,92.8811,10.72,72.26,13.37,3.76,7,572.36,52.71
V007,Ocean Sapphire,PARADIP,26.1712,86.6933,12.8,117.21,6.85,2.4,11,650.66,47.8
V002,Bharat Star,VIZAG,13.7679,87.2665,15.0,193.59,16.53,4.44,11,610.05,47.05
V003,Odisha Queen,VIZAG,17.9771,85.1388,9.87,281.96,17.93,2.26,9,199.33,19.48
V002,Bharat Star,PARADIP,22.4851,91.7365,14.72,322.27,17.75,1.98,9,581.78,37.32
V005,Eastern Titan,VIZAG,16.0346,88.3697,13.53,271.01,30.88,1.04,3,572.0,35.18
V001,Ganga Glory,HALDIA,22.2783,83.7026,13.76,320.92,4.14,1.84,0,449.76,21.65
V002,Bharat Star,HALDIA,17.2321,89.5678,8.2,353.15,11.05,3.41,9,554.23,67.34
V003,Odisha Queen,VIZAG,18.1996,79.6764,11.97,208.45,16.57,3.42,8,385.39,32.53
V006,Himalaya Dawn,VIZAG,17.3695,81.1456,12.05,48.26,22.27,4.32,12,229.1,23.13
V004,Steel Infinity,VIZAG,19.3998,81.5465,14.04,226.63,34.71,1.62,11,263.7,20.38
V003,Odisha Queen,HALDIA,18.5554,87.5771,8.9,260.96,29.75,2.05,4,387.43,39.59
V007,Ocean Sapphire,SMPK,26.8022,91.0505,11.85,200.88,4.78,0.83,5,548.4,32.54
V001,Ganga Glory,HALDIA,26.4565,90.4308,9.07,70.28,4.79,3.14,9,549.73,56.66
V002,Bharat Star,HALDIA,17.8346,88.4615,14.6,268.29,23.99,4.31,10,466.17,37.49
V002,Bharat Star,SMPK,23.7473,84.9979,9.15,26.95,27.51,2.41,2,362.9,34.44
V003,Odisha Queen,PARADIP,26.5517,88.6109,10.84,183.48,5.3,4.06,11,722.04,69.89
V007,Ocean Sapphire,VIZAG,13.635,84.5481,14.87,25.03,27.54,2.26,5,470.88,29.55
V006,Himalaya Dawn,SMPK,18.5603,89.2469,11.06,0.21,34.74,1.78,7,454.45,41.0
V001,Ganga Glory,SMPK,26.3124,88.0898,14.45,51.21,16.16,3.5,6,418.9,27.95
V006,Himalaya Dawn,VIZAG,20.0134,87.916,13.68,275.16,26.99,4.01,3,551.98,39.72
V007,Ocean Sapphire,PARADIP,18.3181,85.72,8.5,53.13,22.47,4.3,4,241.8,28.5
V001,Ganga Glory,PARADIP,14.1913,88.8492,13.14,70.31,20.28,0.81,6,721.37,44.94
V004,Steel Infinity,PARADIP,18.6408,92.0671,13.39,348.89,4.93,2.13,5,600.72,35.19
V005,Eastern Titan,VIZAG,18.793,81.2649,13.44,270.7,10.46,2.05,7,245.62,15.65
V003,Odisha Queen,HALDIA,22.4004,81.363,14.68,212.89,3.29,3.85,5,690.76,41.48
V002,Bharat Star,VIZAG,18.1719,89.6898,13.0,330.73,21.93,3.79,11,680.2,60.11
V006,Himalaya Dawn,HALDIA,25.5765,88.1077,9.34,3.02,28.67,2.53,10,396.61,45.94
V001,Ganga Glory,VIZAG,20.7316,84.4619,9.18,148.42,13.38,4.18,3,360.25,35.87
V005,Eastern Titan,HALDIA,17.9662,90.8294,10.85,142.66,15.87,2.49,5,534.68,43.11
V005,Eastern Titan,HALDIA,19.5026,89.394,12.36,174.37,10.14,1.53,3,311.4,18.62
V007,Ocean Sapphire,HALDIA,26.55,92.1916,12.38,179.04,14.67,3.51,7,655.79,51.9
V006,Himalaya Dawn,SMPK,24.9442,90.1521,12.82,9.05,24.25,0.58,5,326.19,20.56
V004,Steel Infinity,HALDIA,24.4606,94.0023,10.75,79.1,18.43,1.88,4,665.4,51.42
V007,Ocean Sapphire,SMPK,29.3345,89.5568,8.65,27.06,30.7,2.7,8,764.78,93.48
V007,Ocean Sapphire,VIZAG,19.5654,83.5073,14.8,87.66,12.45,1.73,9,209.9,12.63
V001,Ganga Glory,HALDIA,19.9155,87.2073,9.92,353.54,33.63,2.49,5,249.15,24.76
V005,Eastern Titan,PARADIP,21.4042,92.4956,10.98,181.51,7.15,0.31,1,622.25,34.79
V007,Ocean Sapphire,SMPK,16.2626,88.4937,11.42,238.92,16.68,1.82,2,699.42,47.33
V004,Steel Infinity,SMPK,21.9948,84.9764,11.31,60.64,29.09,3.54,10,347.52,35.52
V003,Odisha Queen,SMPK,20.342,88.2614,14.26,263.98,28.71,2.85,9,245.55,18.58
V004,Steel Infinity,VIZAG,11.8952,81.0524,11.52,327.45,6.27,1.98,0,687.38,40.66
V001,Ganga Glory,PARADIP,25.5601,81.9205,12.01,185.6,33.01,1.32,11,755.52,66.11
V004,Steel Infinity,SMPK,21.2464,92.6864,10.1,200.13,26.48,0.54,4,475.17,37.56
V007,Ocean Sapphire,SMPK,27.3003,89.7477,13.0,168.52,23.25,0.57,3,547.99,32.02
V007,Ocean Sapphire,SMPK,20.518,81.3523,12.81,302.22,7.9,4.03,0,753.2,47.09
V007,Ocean Sapphire,HALDIA,23.8614,84.4816,9.79,38.57,20.49,4.33,8,420.28,47.13
V006,Himalaya Dawn,PARADIP,25.6287,83.095,14.39,356.14,27.77,4.08,12,691.76,59.56
V006,Himalaya Dawn,PARADIP,17.9637,87.6867,14.93,231.64,15.98,0.84,5,284.96,14.75
V003,Odisha Queen,HALDIA,23.3507,92.0691,11.48,328.64,27.24,0.97,8,437.48,34.98
V001,Ganga Glory,HALDIA,24.12,84.4193,8.87,296.02,20.72,3.07,6,440.17,47.93
V002,Bharat Star,VIZAG,17.2781,79.1724,13.47,269.5,23.72,0.44,11,438.03,29.96
V003,Odisha Queen,HALDIA,24.6044,82.3857,13.91,294.1,28.79,0.59,6,647.2,39.98
V007,Ocean Sapphire,SMPK,17.0252,92.7213,10.38,131.46,31.75,0.38,3,768.87,59.16
V007,Ocean Sapphire,PARADIP,19.0845,81.0371,8.62,352.81,32.85,0.92,9,600.34,67.9
V006,Himalaya Dawn,HALDIA,26.0546,87.5406,14.09,247.18,15.62,3.54,11,452.82,34.88
V005,Eastern Titan,VIZAG,16.6905,85.5355,12.95,6.57,9.27,0.55,5,264.12,14.55
V002,Bharat Star,PARADIP,19.7944,88.7121,11.12,189.12,30.48,0.37,6,226.2,17.41
V003,Odisha Queen,SMPK,20.4356,88.1745,8.86,94.04,8.65,1.75,3,235.47,19.75
V001,Ganga Glory,VIZAG,22.705,79.9814,9.04,59.26,29.27,2.61,5,655.25,70.01
V004,Steel Infinity,VIZAG,16.2629,77.6021,13.16,250.5,22.29,2.32,9,624.31,47.4
V001,Ganga Glory,HALDIA,20.0244,90.8454,8.88,76.03,21.52,3.38,12,363.76,46.77
V004,Steel Infinity,HALDIA,22.0867,91.6551,9.03,50.0,30.57,1.46,2,370.61,34.13
V006,Himalaya Dawn,HALDIA,21.1222,85.5552,8.62,52.08,6.14,2.76,12,277.19,31.62
V006,Himalaya Dawn,SMPK,24.3027,81.7765,14.27,95.38,10.61,4.07,1,693.44,40.92
V004,Steel Infinity,SMPK,24.0356,95.0382,10.47,157.04,30.09,1.74,11,707.65,71.66
V005,Eastern Titan,PARADIP,20.4505,83.4446,13.52,181.32,5.17,0.52,7,331.29,17.68
V007,Ocean Sapphire,SMPK,28.9168,85.0681,10.39,242.0,7.72,1.68,11,778.34,67.08
V005,Eastern Titan,HALDIA,18.5126,83.3259,13.64,300.45,31.07,1.66,10,628.48,47.82
V005,Eastern Titan,HALDIA,22.1008,82.3539,13.69,196.71,5.63,2.14,12,588.11,40.1
V003,Odisha Queen,VIZAG,14.999,84.5691,10.0,72.0,4.11,2.97,0,329.32,23.81
V004,Steel Infinity,VIZAG,10.7053,84.9447,8.88,276.08,27.22,4.09,6,797.09,96.28
V001,Ganga Glory,PARADIP,25.1123,83.8138,9.23,180.07,26.99,2.59,8,605.58,67.23
V007,Ocean Sapphire,HALDIA,16.8424,89.855,13.75,357.91,2.36,1.22,12,604.63,37.05
V007,Ocean Sapphire,HALDIA,20.4049,85.4084,9.4,262.34,16.36,1.62,1,327.72,25.73
V007,Ocean Sapphire,VIZAG,24.2516,80.9492,13.98,74.44,9.54,0.68,9,768.64,43.9
V006,Himalaya Dawn,SMPK,18.5797,90.6055,13.93,297.17,30.36,0.96,10,502.48,35.47
V002,Bharat Star,SMPK,17.1835,86.9078,13.69,317.09,33.61,1.83,2,614.21,39.05
V007,Ocean Sapphire,VIZAG,10.9762,85.811,14.36,44.84,27.39,1.75,11,794.71,57.64
V003,Odisha Queen,SMPK,27.1201,84.9036,13.2,82.26,6.87,1.17,5,612.86,34.22
V006,Himalaya Dawn,VIZAG,21.3183,86.0111,10.62,247.47,26.41,2.45,7,494.65,45.96
V002,Bharat Star,PARADIP,18.1345,82.9065,11.11,117.03,29.37,0.6,0,459.39,30.26
V004,Steel Infinity,HALDIA,20.8723,82.5489,8.39,191.41,15.26,3.4,5,584.22,64.62
V003,Odisha Queen,HALDIA,17.3426,87.6807,8.46,264.5,2.87,2.52,2,520.51,45.17
V005,Eastern Titan,PARADIP,24.2509,81.1578,11.74,47.5,33.45,3.89,4,711.82,63.26
V006,Himalaya Dawn,PARADIP,20.5065,88.9085,11.71,134.75,4.76,2.86,0,239.39,14.73
V004,Steel Infinity,VIZAG,16.2953,90.3925,11.25,99.73,32.44,0.46,8,772.02,63.01
V001,Ganga Glory,PARADIP,15.7575,88.2317,11.8,356.32,16.75,1.47,7,535.16,38.98
V006,Himalaya Dawn,SMPK,19.0792,91.3189,14.48,247.46,17.97,1.98,12,497.35,34.78
V002,Bharat Star,PARADIP,19.9228,93.1913,8.19,257.34,34.54,1.27,11,687.47,88.83
V005,Eastern Titan,PARADIP,19.0338,85.2491,13.53,166.67,2.08,4.25,4,202.62,13.11
V004,Steel Infinity,SMPK,27.0851,85.4937,12.19,183.06,10.0,3.23,12,578.31,49.62
V005,Eastern Titan,SMPK,19.391,93.5404,14.5,171.31,17.01,1.07,1,647.54,31.76
V006,Himalaya Dawn,PARADIP,20.9893,88.7767,8.7,336.48,10.32,4.0,4,236.41,24.73
V001,Ganga Glory,HALDIA,22.1035,90.0814,12.5,229.04,33.35,0.9,1,208.58,13.23
V004,Steel Infinity,HALDIA,24.1636,86.7981,14.9,279.32,31.33,2.71,8,272.04,19.38
V003,Odisha Queen,PARADIP,16.871,91.0628,11.7,352.75,4.12,2.54,12,605.16,49.26
V006,Himalaya Dawn,SMPK,22.8148,92.3975,8.48,322.0,24.33,4.37,4,421.39,50.56
V006,Himalaya Dawn,HALDIA,19.961,82.2157,14.69,154.88,25.97,4.25,0,648.04,40.18
V002,Bharat Star,PARADIP,16.9404,84.8679,9.22,317.01,15.87,4.03,1,418.68,39.49
V007,Ocean Sapphire,PARADIP,16.6681,83.4351,13.41,130.31,34.73,1.34,12,526.91,42.79
V007,Ocean Sapphire,SMPK,18.3886,88.6013,8.27,71.71,22.94,4.06,4,463.79,55.52
V007,Ocean Sapphire,SMPK,28.1909,84.6463,11.41,99.57,24.36,0.83,12,726.63,62.09
V006,Himalaya Dawn,SMPK,28.8347,91.6351,14.52,228.13,8.77,2.69,9,774.49,49.67
V002,Bharat Star,SMPK,24.9324,95.0935,11.23,55.32,12.35,3.78,2,740.35,56.73
V003,Odisha Queen,VIZAG,12.8779,81.5483,13.08,219.1,4.11,2.06,11,566.38,38.82
V002,Bharat Star,PARADIP,22.8627,83.0433,10.68,256.15,17.43,2.21,4,465.46,36.82
V002,Bharat Star,VIZAG,13.5389,88.892,11.27,139.71,15.07,4.06,10,757.65,73.55
V006,Himalaya Dawn,VIZAG,11.6538,84.1089,11.74,135.63,25.13,4.18,11,677.08,69.23
V007,Ocean Sapphire,SMPK,23.7329,91.2509,10.63,51.75,11.51,2.1,3,329.13,24.17
V004,Steel Infinity,VIZAG,20.381,80.7985,12.58,279.38,11.83,0.58,4,396.93,22.47
V002,Bharat Star,VIZAG,11.052,81.0836,14.13,156.46,18.08,2.5,11,775.05,56.41
V004,Steel Infinity,PARADIP,23.354,84.4541,10.39,326.02,19.5,3.64,8,404.69,40.71
V003,Odisha Queen,VIZAG,18.3263,85.0099,13.72,38.5,27.26,2.98,7,196.14,14.68
V002,Bharat Star,PARADIP,22.0096,83.0681,12.69,273.84,15.97,0.45,1,413.44,21.85
V006,Himalaya Dawn,SMPK,19.4163,86.1991,14.57,345.58,12.85,0.74,1,411.07,18.89
V006,Himalaya Dawn,PARADIP,14.5795,87.9323,11.98,336.09,9.74,2.05,1,653.3,39.53
V007,Ocean Sapphire,HALDIA,19.2306,86.3189,13.59,219.63,6.1,2.58,4,358.25,21.05
V001,Ganga Glory,SMPK,18.9849,88.7678,13.91,298.28,16.04,0.54,2,399.4,19.99
V001,Ganga Glory,PARADIP,20.2883,84.4049,14.37,140.99,31.6,1.04,8,231.02,15.3
V004,Steel Infinity,HALDIA,19.0103,84.8403,13.85,97.21,11.9,3.6,7,472.93,33.03
V003,Odisha Queen,VIZAG,13.3107,79.6735,14.35,92.43,25.38,2.93,9,621.59,46.01
V007,Ocean Sapphire,VIZAG,20.3219,81.0914,8.5,79.44,7.39,1.05,2,372.26,29.59
V002,Bharat Star,SMPK,18.497,86.5262,11.16,21.71,9.16,3.19,11,487.04,44.25
V006,Himalaya Dawn,PARADIP,21.6501,83.5784,11.08,308.18,34.75,1.48,4,348.68,28.48
V006,Himalaya Dawn,HALDIA,26.9047,83.5595,8.56,289.77,3.21,1.77,9,709.58,68.78
V005,Eastern Titan,PARADIP,15.2368,81.8709,14.71,150.91,3.05,3.25,4,756.39,42.2
V003,Odisha Queen,HALDIA,18.4758,87.9963,9.63,165.1,25.92,1.64,9,393.04,39.86
V005,Eastern Titan,VIZAG,21.4938,85.9213,12.06,77.29,4.31,1.5,7,505.39,32.71
V006,Himalaya Dawn,HALDIA,26.1068,91.3229,13.29,301.63,7.73,2.4,5,563.2,34.69
V007,Ocean Sapphire,VIZAG,14.9916,86.218,13.37,235.44,33.24,1.2,5,433.91,29.31
V007,Ocean Sapphire,VIZAG,22.3392,83.2133,14.32,178.02,18.51,1.75,3,517.01,28.92
V005,Eastern Titan,HALDIA,16.5454,91.7934,9.05,239.1,5.65,1.33,8,722.92,63.67
V001,Ganga Glory,VIZAG,22.0489,86.6688,10.58,132.98,29.51,3.43,0,600.35,50.23
V003,Odisha Queen,HALDIA,24.3704,89.7641,11.76,73.36,25.5,2.64,3,314.99,23.97
V002,Bharat Star,PARADIP,25.8341,90.6739,10.38,3.33,28.25,2.91,11,740.07,80.66
V004,Steel Infinity,HALDIA,25.8512,89.3361,11.79,260.66,10.83,3.75,3,446.37,33.09
V007,Ocean Sapphire,HALDIA,26.3516,93.2194,9.72,46.14,32.26,1.53,0,711.85,58.4
V007,Ocean Sapphire,VIZAG,15.515,81.8832,9.43,282.59,31.76,3.02,0,283.97,26.36
V007,Ocean Sapphire,HALDIA,20.8676,92.278,14.14,172.68,29.66,0.93,9,454.65,30.66
V003,Odisha Queen,VIZAG,13.6815,80.3118,12.5,321.05,3.4,0.89,8,547.34,32.97
V003,Odisha Queen,VIZAG,14.8128,81.4252,12.63,113.83,31.1,3.22,1,376.23,27.08
V006,Himalaya Dawn,VIZAG,17.379,76.774,8.12,55.87,7.51,3.21,9,690.65,81.49
V006,Himalaya Dawn,HALDIA,25.643,87.2379,8.93,323.16,34.27,2.11,5,412.53,44.61
V002,Bharat Star,SMPK,25.5248,88.8836,9.79,28.47,25.97,0.42,5,336.04,27.78
V006,Himalaya Dawn,PARADIP,23.2448,88.6781,11.0,34.42,24.8,2.16,4,388.48,31.3
V001,Ganga Glory,SMPK,24.6828,88.8273,8.75,298.48,17.06,4.46,0,243.16,24.28
V003,Odisha Queen,PARADIP,17.0564,87.7616,13.08,104.12,25.59,3.7,9,382.29,32.62
V003,Odisha Queen,HALDIA,23.4181,93.9405,13.87,197.42,8.97,1.99,12,623.09,42.55
V007,Ocean Sapphire,SMPK,24.668,91.5286,11.96,203.69,12.28,3.51,11,404.54,35.85
V005,Eastern Titan,SMPK,21.6716,90.2893,12.14,339.56,10.5,0.57,2,227.02,12.45
V001,Ganga Glory,HALDIA,20.6993,90.8096,8.15,238.83,7.14,0.79,0,319.86,24.41
V002,Bharat Star,VIZAG,19.2896,78.8823,8.23,108.61,32.55,3.57,0,496.67,54.89
V002,Bharat Star,HALDIA,21.9182,93.7415,11.85,359.55,7.28,1.16,1,585.96,32.72
V002,Bharat Star,VIZAG,22.7114,82.3804,14.3,196.78,23.23,3.99,11,566.18,46.44
V004,Steel Infinity,VIZAG,13.2966,84.7199,12.78,85.71,7.57,3.74,5,512.3,36.13
V005,Eastern Titan,SMPK,27.6256,87.9945,8.67,198.15,11.43,1.94,11,565.22,61.3
V001,Ganga Glory,PARADIP,23.2494,92.3713,12.52,172.36,6.73,3.72,7,677.2,50.92
V006,Himalaya Dawn,PARADIP,18.4537,83.417,14.32,141.16,8.38,2.37,12,394.87,26.77
V006,Himalaya Dawn,SMPK,26.9513,89.3309,10.95,54.92,2.65,0.56,0,500.34,26.74
V006,Himalaya Dawn,HALDIA,23.4352,85.7333,9.46,1.34,27.43,1.73,9,286.45,30.09
V003,Odisha Queen,SMPK,23.2416,83.395,10.14,240.14,5.01,4.02,2,508.26,41.71
V006,Himalaya Dawn,SMPK,20.5218,89.273,10.06,248.48,18.18,0.67,3,246.96,18.07
V001,Ganga Glory,PARADIP,15.372,83.8405,13.72,196.33,12.06,0.5,3,623.85,31.37
V006,Himalaya Dawn,SMPK,22.9045,81.9555,9.68,271.07,33.74,0.99,6,651.84,61.71
V005,Eastern Titan,SMPK,21.2645,90.2635,12.16,195.92,31.32,2.88,11,247.92,23.48
V005,Eastern Titan,SMPK,19.8677,84.6285,11.96,164.26,32.58,4.37,11,483.5,51.24
V003,Odisha Queen,SMPK,21.9533,90.9368,11.58,343.75,19.07,1.64,3,279.35,19.26
V006,Himalaya Dawn,HALDIA,22.5447,83.8971,14.15,165.81,16.55,0.72,6,432.43,24.12
V004,Steel Infinity,HALDIA,18.8543,89.4873,9.86,178.43,28.87,4.07,5,381.1,40.75
V007,Ocean Sapphire,HALDIA,25.5659,86.9731,14.43,77.71,30.02,2.07,6,410.56,27.36
V004,Steel Infinity,SMPK,25.817,83.5702,12.21,237.88,28.88,0.81,3,601.68,39.78
V003,Odisha Queen,HALDIA,20.5187,89.103,8.78,96.35,22.04,0.54,7,197.93,18.8
V005,Eastern Titan,SMPK,23.8568,93.9497,8.51,167.32,22.26,2.68,0,595.35,56.36
V001,Ganga Glory,SMPK,29.6523,87.0015,9.07,7.66,31.03,1.29,3,800.29,74.82
V004,Steel Infinity,HALDIA,20.2931,84.0621,10.27,77.06,2.65,0.21,1,456.41,25.91
V005,Eastern Titan,HALDIA,22.4206,84.5598,8.81,126.56,9.57,3.34,7,363.18,38.55
V005,Eastern Titan,SMPK,21.3211,93.154,12.09,44.44,4.6,4.16,9,518.95,43.09
V004,Steel Infinity,HALDIA,20.4338,94.8217,13.6,334.91,26.25,1.93,11,722.38,55.58
V003,Odisha Queen,SMPK,25.0469,93.6166,11.99,283.05,5.23,2.51,6,607.92,42.13
V007,Ocean Sapphire,HALDIA,25.5801,88.0583,12.63,337.68,9.28,0.55,3,396.97,21.26
V001,Ganga Glory,VIZAG,20.4194,83.5956,10.55,322.87,24.3,0.54,2,305.3,21.5
V005,Eastern Titan,PARADIP,25.2761,83.2858,8.53,16.45,23.21,2.25,10,648.39,77.83
V007,Ocean Sapphire,VIZAG,24.0415,85.6763,14.27,339.51,11.15,2.69,3,748.8,42.69
V005,Eastern Titan,SMPK,24.1598,83.2776,14.75,73.97,18.76,2.93,12,543.0,40.08
V002,Bharat Star,SMPK,25.294,86.4028,9.36,115.89,34.92,3.48,3,360.93,38.56
V007,Ocean Sapphire,SMPK,18.9788,89.4092,8.15,164.68,15.34,0.53,4,413.5,37.07
V006,Himalaya Dawn,PARADIP,21.107,84.3248,9.89,49.47,21.32,3.71,6,254.25,25.98
V001,Ganga Glory,VIZAG,13.956,85.7159,12.22,112.99,8.04,1.24,4,490.18,29.26
V003,Odisha Queen,SMPK,22.7312,93.4054,9.55,43.56,7.07,0.46,4,524.31,37.11
V004,Steel Infinity,PARADIP,17.6402,84.5082,8.12,142.45,30.19,2.66,6,371.6,45.78
V003,Odisha Queen,VIZAG,18.5172,81.2766,8.37,224.57,10.05,3.23,11,230.85,28.23
V004,Steel Infinity,HALDIA,25.1868,88.3809,9.15,30.89,6.47,3.9,6,354.75,35.98
V003,Odisha Queen,VIZAG,11.9019,82.0502,13.63,16.56,25.1,1.71,3,657.03,40.38
V002,Bharat Star,VIZAG,21.1194,79.1692,13.81,34.74,22.85,3.21,7,575.5,42.24
V003,Odisha Queen,SMPK,23.6426,84.7252,9.44,70.15,9.19,2.99,6,385.27,36.21
V005,Eastern Titan,VIZAG,19.781,78.5115,8.29,289.13,7.42,0.53,8,553.31,50.43
V007,Ocean Sapphire,HALDIA,22.283,82.9853,14.3,251.86,2.37,1.9,5,523.5,27.61
V001,Ganga Glory,VIZAG,18.5373,80.8247,11.84,219.04,15.37,3.63,10,276.06,24.86
V007,Ocean Sapphire,PARADIP,20.3656,92.1787,8.11,188.48,28.1,1.72,4,579.54,62.88
V005,Eastern Titan,HALDIA,27.2397,87.5238,13.24,137.77,7.81,1.51,12,584.03,39.86
V005,Eastern Titan,PARADIP,19.6181,91.0126,8.29,31.59,32.04,4.12,5,465.64,60.5
V006,Himalaya Dawn,SMPK,17.372,88.2003,13.0,338.4,12.6,0.52,6,575.86,33.29
V002,Bharat Star,HALDIA,21.1376,86.151,13.01,13.37,11.35,1.36,5,219.95,13.13
V005,Eastern Titan,VIZAG,14.1365,87.3645,10.36,344.88,8.19,1.47,12,588.91,51.36
V006,Himalaya Dawn,PARADIP,15.7372,86.1026,14.75,25.97,31.01,3.61,8,512.51,38.92
V003,Odisha Queen,VIZAG,18.6514,89.6131,8.83,337.58,29.14,0.99,5,677.54,66.33
V006,Himalaya Dawn,HALDIA,24.5246,82.8992,11.41,64.24,5.49,2.65,0,596.66,37.3
V002,Bharat Star,SMPK,27.4439,83.3156,10.54,223.89,8.69,1.95,4,740.39,54.51
V005,Eastern Titan,SMPK,22.7916,90.4312,8.29,169.2,10.61,2.35,10,220.31,25.04
V004,Steel Infinity,HALDIA,17.5038,85.7712,8.14,204.09,7.7,0.56,7,555.34,50.58
V003,Odisha Queen,SMPK,21.932,81.3355,10.96,269.81,17.72,1.05,11,720.02,60.58
V001,Ganga Glory,VIZAG,18.9813,80.0828,10.28,161.35,3.24,3.25,3,366.72,28.52
V007,Ocean Sapphire,HALDIA,24.1657,88.2901,14.91,290.43,7.55,3.71,4,240.85,14.14
V003,Odisha Queen,SMPK,21.9683,86.2616,11.38,52.23,22.08,2.87,5,219.51,18.08
V001,Ganga Glory,HALDIA,20.9073,91.9284,9.99,302.06,29.46,3.15,9,418.67,46.31
V003,Odisha Queen,PARADIP,20.0991,79.6195,11.69,321.56,5.83,3.26,9,730.86,59.42
V005,Eastern Titan,SMPK,26.3207,88.0657,8.5,31.07,4.98,4.34,12,419.95,53.88
V003,Odisha Queen,SMPK,23.4588,85.3052,10.41,27.63,32.28,1.37,8,322.74,30.34
V001,Ganga Glory,SMPK,19.7893,84.1485,12.25,115.47,9.13,1.15,3,528.65,30.67
V004,Steel Infinity,HALDIA,19.6397,92.6821,14.68,123.25,24.62,1.44,5,547.88,32.26
V005,Eastern Titan,PARADIP,24.3632,86.4909,10.85,310.44,7.36,3.36,10,449.78,41.06
V006,Himalaya Dawn,SMPK,20.2523,88.075,14.31,19.71,25.04,3.02,7,256.56,18.2
V002,Bharat Star,HALDIA,26.011,82.7184,13.36,226.68,14.29,3.13,5,701.48,47.53
V002,Bharat Star,VIZAG,12.1471,78.8225,12.12,287.77,24.07,3.02,4,780.41,60.15
V007,Ocean Sapphire,SMPK,24.5987,87.6639,12.8,47.8,24.85,1.51,11,236.85,18.62
V005,Eastern Titan,PARADIP,15.5015,90.189,10.24,311.2,8.63,0.21,10,655.4,49.8
V002,Bharat Star,HALDIA,20.0954,89.6412,10.03,244.23,10.2,0.31,4,268.78,18.39
V001,Ganga Glory,PARADIP,17.7594,87.9813,13.29,298.96,25.59,4.1,8,318.65,26.78
V006,Himalaya Dawn,VIZAG,19.8057,84.0552,13.0,16.64,6.25,1.32,5,249.01,14.22
V002,Bharat Star,PARADIP,21.4744,80.736,9.05,316.29,18.21,2.94,8,624.52,68.26
V006,Himalaya Dawn,SMPK,28.926,90.0118,8.94,329.65,22.76,2.61,10,729.39,85.34
V003,Odisha Queen,VIZAG,18.6746,88.6488,11.04,236.95,22.66,0.88,1,577.61,38.29
V007,Ocean Sapphire,VIZAG,15.5106,79.9564,11.14,286.94,10.93,4.44,8,429.11,40.11
V006,Himalaya Dawn,PARADIP,19.5175,83.7031,8.05,275.65,17.59,4.34,8,317.73,42.58
V003,Odisha Queen,PARADIP,13.2182,86.9449,9.25,108.08,34.89,0.58,6,790.44,76.69
V004,Steel Infinity,SMPK,16.0696,87.2984,8.24,200.08,10.63,3.54,0,728.2,69.76
V003,Odisha Queen,VIZAG,14.4646,85.873,11.65,258.42,14.42,3.66,2,453.17,33.65
V006,Himalaya Dawn,VIZAG,16.7461,85.9485,14.44,315.96,13.21,2.16,12,302.23,20.74
V002,Bharat Star,PARADIP,25.8391,86.1972,9.78,269.17,21.81,2.56,12,615.22,68.15
V007,Ocean Sapphire,PARADIP,20.5907,83.5007,13.62,3.29,30.27,0.54,10,326.37,22.85
V006,Himalaya Dawn,PARADIP,22.3079,85.3125,13.07,223.97,3.7,1.33,2,259.23,13.3
V005,Eastern Titan,VIZAG,13.1696,85.0874,10.3,164.44,27.32,0.99,12,538.67,52.74
V004,Steel Infinity,HALDIA,17.5673,90.2442,12.86,273.53,34.17,4.34,4,544.27,45.5
V007,Ocean Sapphire,PARADIP,14.2749,87.1905,9.26,222.08,17.78,0.26,12,674.9,64.48
V006,Himalaya Dawn,SMPK,19.1794,86.9453,10.31,57.61,19.92,1.27,7,400.34,33.67
V002,Bharat Star,SMPK,28.4281,86.7878,11.79,315.86,25.21,4.35,10,670.98,67.46
V005,Eastern Titan,SMPK,23.9104,93.5987,13.4,274.65,19.92,1.5,9,562.11,38.84
V005,Eastern Titan,VIZAG,14.0347,87.2267,11.69,139.92,5.7,3.12,9,585.93,47.09
V002,Bharat Star,VIZAG,12.342,83.7391,14.17,125.01,19.71,4.1,5,596.7,42.07
V006,Himalaya Dawn,HALDIA,16.871,89.383,8.52,1.84,31.91,1.12,12,588.02,72.59
V002,Bharat Star,PARADIP,26.4766,86.7432,10.54,46.65,3.91,0.38,11,684.7,50.31
V004,Steel Infinity,PARADIP,18.9452,91.6275,13.1,89.19,6.03,1.37,3,546.23,29.41
V005,Eastern Titan,VIZAG,17.3767,87.0324,11.03,208.4,19.51,3.63,11,399.37,40.57
V002,Bharat Star,VIZAG,22.9311,86.135,11.5,168.18,4.01,1.55,4,654.36,41.17
V004,Steel Infinity,SMPK,24.3337,90.4475,12.38,127.87,12.19,3.55,4,295.51,21.35
V002,Bharat Star,PARADIP,18.6141,91.1458,13.67,103.1,24.61,2.68,11,510.96,40.68
V001,Ganga Glory,HALDIA,28.7527,88.5098,10.63,338.37,19.77,4.22,7,751.11,74.87
V003,Odisha Queen,HALDIA,28.0042,86.6476,9.56,264.04,19.34,3.91,5,681.52,70.23
V004,Steel Infinity,SMPK,23.6808,86.7152,14.82,246.49,14.21,1.12,2,205.13,9.95
V001,Ganga Glory,VIZAG,14.2958,88.8464,10.09,198.91,12.5,0.69,1,704.49,46.43
V002,Bharat Star,HALDIA,16.4924,86.8638,11.0,319.37,21.57,0.61,10,626.23,51.07
V002,Bharat Star,SMPK,25.7929,85.9401,8.8,293.77,29.77,0.37,1,432.8,36.55
V006,Himalaya Dawn,HALDIA,27.536,88.5678,12.23,31.02,9.5,1.04,11,616.6,43.47
V007,Ocean Sapphire,VIZAG,11.8979,85.4929,13.86,199.37,9.46,2.4,12,686.55,48.59
V001,Ganga Glory,HALDIA,16.1745,88.9629,10.94,159.34,10.48,2.81,2,655.76,47.59
V002,Bharat Star,HALDIA,24.058,87.9515,10.61,51.69,34.84,3.62,10,228.0,25.82
V001,Ganga Glory,VIZAG,22.918,84.8829,13.52,270.56,27.13,3.24,7,604.86,46.68
V001,Ganga Glory,VIZAG,20.1158,83.4931,12.21,43.25,23.29,0.55,6,270.66,18.21
V006,Himalaya Dawn,PARADIP,23.8831,86.7211,14.87,127.95,16.26,0.88,1,396.33,18.55
V005,Eastern Titan,PARADIP,20.5843,84.3831,12.86,3.48,30.53,4.3,0,234.89,17.14
V005,Eastern Titan,SMPK,22.5773,92.3618,14.35,279.59,2.61,2.22,3,417.07,21.38
V005,Eastern Titan,HALDIA,22.0286,90.362,14.69,176.9,30.09,2.46,5,237.3,15.53
V005,Eastern Titan,HALDIA,25.3161,91.0671,11.27,33.02,7.24,0.78,10,478.43,34.31
V006,Himalaya Dawn,PARADIP,19.4885,81.3618,10.95,65.44,15.58,4.07,10,557.45,55.92
V003,Odisha Queen,PARADIP,24.3027,82.3956,10.35,310.48,18.39,2.9,1,620.35,49.18
V007,Ocean Sapphire,HALDIA,18.4254,88.7868,10.37,282.01,5.24,1.69,9,405.74,32.81
V001,Ganga Glory,VIZAG,14.7704,80.3302,8.27,14.13,19.45,2.8,7,452.27,52.75
V001,Ganga Glory,PARADIP,19.3863,88.9196,8.01,183.69,28.96,0.33,12,261.95,31.78
V005,Eastern Titan,VIZAG,19.0907,84.6465,11.81,295.43,17.38,2.75,2,212.24,14.92
V001,Ganga Glory,HALDIA,26.2598,83.7192,9.27,52.34,13.64,3.02,10,645.9,70.45
V003,Odisha Queen,SMPK,21.1157,85.1954,13.74,18.59,5.68,3.76,3,357.94,21.99
V007,Ocean Sapphire,HALDIA,21.7702,93.5297,8.17,37.5,6.79,1.22,5,564.95,51.13
V001,Ganga Glory,SMPK,20.0684,89.059,10.93,270.07,6.72,0.8,2,286.92,17.25
V005,Eastern Titan,VIZAG,18.9761,77.8613,9.15,289.05,5.35,4.17,4,589.53,57.36
V005,Eastern Titan,VIZAG,11.3884,84.6866,8.06,187.61,28.16,4.06,4,716.86,90.89
V003,Odisha Queen,PARADIP,17.7218,90.3119,8.34,99.36,2.19,3.01,9,483.79,52.68
V003,Odisha Queen,PARADIP,22.2635,83.8016,14.5,136.58,10.33,1.47,11,363.26,22.52
V005,Eastern Titan,VIZAG,13.9279,85.4757,10.81,274.05,2.93,2.94,3,479.75,34.6
V003,Odisha Queen,VIZAG,14.8128,78.5619,13.68,269.85,31.33,3.29,4,596.63,43.37
V002,Bharat Star,PARADIP,14.5867,87.1459,9.4,300.22,29.88,1.15,4,639.94,58.28
V001,Ganga Glory,PARADIP,18.7942,81.7538,14.89,96.83,3.71,4.12,0,537.33,28.26
V005,Eastern Titan,HALDIA,27.3494,83.7903,13.02,255.76,7.0,1.06,6,733.74,42.26
V002,Bharat Star,SMPK,23.3386,83.0103,13.23,110.58,17.98,3.99,9,548.67,44.94
V007,Ocean Sapphire,PARADIP,23.4508,85.9064,10.76,169.74,30.25,4.35,1,355.83,31.98
V006,Himalaya Dawn,PARADIP,17.1322,84.4952,13.58,3.08,34.67,3.12,3,419.17,30.17
V005,Eastern Titan,VIZAG,19.6724,89.6199,8.39,279.46,33.0,2.5,9,703.19,90.93
V001,Ganga Glory,PARADIP,21.3025,80.8142,12.64,256.07,9.31,2.98,7,613.22,44.15
V005,Eastern Titan,SMPK,25.1343,88.6047,11.57,243.66,9.52,0.62,11,289.03,20.77
V003,Odisha Queen,HALDIA,23.5235,86.4131,14.28,174.2,17.55,0.55,9,238.4,14.11
V003,Odisha Queen,SMPK,20.4513,85.087,14.74,341.35,5.39,3.46,8,406.12,25.85
V002,Bharat Star,PARADIP,18.5968,82.6485,8.79,304.91,5.84,3.95,5,458.33,47.12
V002,Bharat Star,HALDIA,24.822,90.8426,8.31,84.82,20.1,3.81,9,422.32,55.2
V001,Ganga Glory,PARADIP,16.2762,85.7321,10.64,342.28,2.0,1.02,7,459.31,31.68
V006,Himalaya Dawn,HALDIA,26.3695,91.3106,11.21,345.48,9.36,1.38,1,586.19,35.86
V005,Eastern Titan,VIZAG,14.3326,80.7588,14.52,41.63,11.64,0.8,11,460.39,27.28
V005,Eastern Titan,PARADIP,24.1545,90.415,9.91,287.07,3.32,2.63,10,578.16,53.16
V005,Eastern Titan,PARADIP,21.6184,92.8345,9.09,142.76,21.88,4.18,8,661.15,79.82
V007,Ocean Sapphire,PARADIP,14.1146,89.6469,9.87,151.56,6.93,1.79,5,761.14,59.82
V005,Eastern Titan,HALDIA,24.0675,89.76,11.18,5.46,19.22,3.45,6,287.4,25.21
V004,Steel Infinity,PARADIP,21.0258,80.3157,10.56,30.99,28.5,1.95,6,660.5,59.06
V001,Ganga Glory,VIZAG,13.6846,88.7337,14.51,155.91,19.26,0.43,6,734.19,39.89
V006,Himalaya Dawn,SMPK,24.7748,90.167,11.25,137.76,5.26,3.61,11,312.01,28.19
V006,Himalaya Dawn,SMPK,29.6388,87.3921,11.17,273.34,24.96,4.26,0,793.43,64.35
V007,Ocean Sapphire,HALDIA,25.7407,83.7985,8.05,317.94,15.49,3.44,0,599.77,60.36
V001,Ganga Glory,HALDIA,20.5459,83.7392,14.81,247.99,9.18,3.65,12,476.35,34.43
V005,Eastern Titan,HALDIA,19.9156,87.8551,8.81,336.27,29.45,4.46,3,233.86,27.22
V001,Ganga Glory,VIZAG,14.6163,84.2759,9.19,28.44,24.71,0.91,5,357.94,32.41
V004,Steel Infinity,SMPK,28.1979,84.6143,11.95,193.08,12.91,4.34,10,728.93,67.0
V003,Odisha Queen,SMPK,19.4873,89.3577,13.81,338.19,22.83,2.08,0,357.81,20.11
V006,Himalaya Dawn,HALDIA,26.0748,91.4949,12.16,89.69,8.87,3.88,10,570.85,48.7
V002,Bharat Star,VIZAG,16.3124,85.8012,13.05,76.61,13.52,3.18,8,308.76,23.04
V001,Ganga Glory,PARADIP,17.3829,88.686,12.91,142.09,23.16,1.59,4,392.32,25.58
V004,Steel Infinity,HALDIA,18.9052,87.5354,11.84,233.63,18.82,3.53,7,349.54,29.77
V002,Bharat Star,HALDIA,23.9503,89.0584,12.32,320.61,18.78,0.43,6,238.74,15.22
V003,Odisha Queen,HALDIA,20.9121,94.1568,13.47,235.76,23.79,3.7,11,642.58,55.14
V007,Ocean Sapphire,VIZAG,15.325,84.4983,13.67,277.37,12.67,1.46,3,293.3,16.09
V007,Ocean Sapphire,SMPK,21.2522,86.749,10.33,45.4,17.45,4.04,11,215.48,23.67
V001,Ganga Glory,VIZAG,13.3152,81.7008,14.2,67.54,26.96,1.62,10,515.03,36.49
V003,Odisha Queen,VIZAG,24.2802,86.2565,9.97,257.73,29.72,3.74,4,795.19,80.7
V003,Odisha Queen,VIZAG,10.9983,82.1117,9.06,239.23,7.61,3.32,1,754.64,65.3
V001,Ganga Glory,HALDIA,26.9304,91.2769,13.05,39.46,15.54,3.54,11,636.58,52.95
V003,Odisha Queen,SMPK,20.4057,93.1271,12.64,208.19,22.77,3.86,11,553.42,50.81
V006,Himalaya Dawn,SMPK,23.564,92.2878,14.3,315.86,19.91,1.35,12,423.27,29.03
V005,Eastern Titan,SMPK,29.6037,88.6581,8.23,96.58,13.93,3.2,11,785.15,100.07
V002,Bharat Star,VIZAG,20.257,84.0906,8.93,60.84,19.63,0.61,5,297.9,26.07
V001,Ganga Glory,HALDIA,26.9261,92.2177,10.2,335.48,30.77,1.64,5,689.72,61.86
V004,Steel Infinity,PARADIP,24.3163,85.63,13.5,127.24,15.0,3.4,12,455.88,37.0
V005,Eastern Titan,SMPK,17.5264,89.2753,9.23,33.18,15.1,1.91,6,567.8,52.66
V004,Steel Infinity,SMPK,16.4473,89.8652,14.28,349.77,21.5,2.42,6,698.12,45.42
V003,Odisha Queen,PARADIP,19.9364,89.1371,8.39,141.08,30.54,0.75,12,266.23,32.21
V003,Odisha Queen,PARADIP,18.9146,88.4708,12.33,29.12,16.13,2.33,8,249.0,18.88
V007,Ocean Sapphire,SMPK,23.7709,90.4818,11.96,93.12,7.95,1.52,12,261.11,19.76
V007,Ocean Sapphire,SMPK,21.079,90.4553,12.15,331.85,23.78,3.99,4,276.14,22.52
V005,Eastern Titan,HALDIA,25.1997,88.1053,13.02,152.25,28.37,1.48,2,354.71,22.35
V003,Odisha Queen,HALDIA,16.2052,88.3034,11.56,118.67,5.37,1.54,10,645.97,47.43
V007,Ocean Sapphire,PARADIP,14.6004,84.7413,11.04,95.24,14.12,0.48,1,666.45,39.96
V001,Ganga Glory,PARADIP,23.6258,84.9384,13.03,138.36,10.81,3.51,3,406.42,26.81
V001,Ganga Glory,PARADIP,24.7415,85.5977,8.42,110.8,25.15,0.68,12,502.72,57.94
V005,Eastern Titan,PARADIP,17.379,89.0514,8.43,95.03,7.51,2.51,8,415.2,43.77
V003,Odisha Queen,PARADIP,15.2019,88.6033,14.99,288.58,34.99,4.48,7,606.59,47.59
V005,Eastern Titan,HALDIA,17.4831,87.2489,9.45,98.45,2.81,1.01,8,510.47,40.87
V002,Bharat Star,SMPK,23.5714,90.6251,14.67,265.82,11.62,2.39,9,263.59,16.71
V006,Himalaya Dawn,VIZAG,20.401,84.8761,11.41,260.42,23.15,2.19,3,344.98,25.85
V007,Ocean Sapphire,SMPK,20.6228,92.1677,11.04,269.44,33.23,2.81,11,453.68,47.66
V003,Odisha Queen,HALDIA,25.1264,93.4377,9.81,210.92,7.87,2.98,4,648.33,55.07
V002,Bharat Star,VIZAG,20.4879,89.2366,13.04,50.81,12.53,1.74,3,698.88,41.03
V007,Ocean Sapphire,SMPK,17.2432,88.3338,13.29,47.92,19.1,1.39,6,590.1,37.67
V005,Eastern Titan,HALDIA,27.1688,91.6299,10.18,281.94,5.28,1.01,8,677.64,51.47
V003,Odisha Queen,PARADIP,23.3513,82.5502,14.3,101.64,14.6,1.19,0,538.52,25.76
V007,Ocean Sapphire,VIZAG,20.8545,86.1841,11.35,43.63,14.72,2.7,10,465.51,40.85
V007,Ocean Sapphire,SMPK,16.8089,92.2092,11.34,212.84,3.08,3.83,0,758.19,51.1
V007,Ocean Sapphire,VIZAG,20.4636,88.5046,8.83,175.23,27.22,1.31,11,629.66,71.92
V007,Ocean Sapphire,VIZAG,18.812,86.3773,8.63,76.15,19.31,4.19,12,350.05,48.08
V001,Ganga Glory,SMPK,18.6826,90.6391,9.18,338.34,27.71,4.16,8,494.12,61.07
V006,Himalaya Dawn,SMPK,25.0688,85.9318,10.9,76.51,19.58,4.05,3,369.41,31.96
V003,Odisha Queen,VIZAG,19.1214,81.7365,13.03,20.31,12.02,2.11,8,227.71,15.6
V004,Steel Infinity,VIZAG,15.9349,84.8551,12.5,208.81,2.09,3.04,10,257.28,19.16
V002,Bharat Star,PARADIP,16.4482,87.8695,11.74,72.24,8.06,2.81,2,450.26,29.93
V001,Ganga Glory,HALDIA,19.3679,89.4466,12.61,116.85,18.72,4.42,2,327.28,24.23
V006,Himalaya Dawn,SMPK,18.9077,88.0426,11.01,20.85,8.78,1.94,2,405.88,27.07
V006,Himalaya Dawn,VIZAG,20.9644,77.3305,9.06,338.55,32.98,3.37,10,722.56,93.42
V003,Odisha Queen,SMPK,20.0413,83.3925,12.52,353.19,24.51,3.57,5,579.86,46.11
V001,Ganga Glory,SMPK,26.3951,92.8785,8.19,222.37,22.43,3.62,3,630.37,71.95
V004,Steel Infinity,HALDIA,23.2988,93.8471,14.75,288.65,20.1,1.94,2,610.83,33.09
V004,Steel Infinity,SMPK,23.4173,85.6338,9.48,118.49,4.3,2.45,7,289.46,25.73
V007,Ocean Sapphire,SMPK,23.7565,84.3718,13.57,269.36,19.6,3.12,12,423.41,34.59
V004,Steel Infinity,VIZAG,21.8739,84.2823,8.27,130.57,5.6,2.25,8,476.89,49.51
V006,Himalaya Dawn,VIZAG,19.3162,78.1727,11.88,1.76,7.83,2.0,7,568.06,39.99
V007,Ocean Sapphire,VIZAG,18.0757,79.1755,12.07,304.53,13.22,1.5,10,436.45,32.57
V006,Himalaya Dawn,SMPK,20.6992,82.2056,8.19,218.6,6.25,4.09,2,662.66,68.22
V002,Bharat Star,HALDIA,22.8363,85.2002,10.51,206.73,4.16,1.93,10,307.97,25.43
V006,Himalaya Dawn,SMPK,26.524,84.9404,12.48,195.12,15.26,3.51,0,557.38,36.31
V007,Ocean Sapphire,SMPK,27.4851,89.3893,11.84,77.78,24.25,0.38,11,559.62,43.52
V001,Ganga Glory,VIZAG,21.9298,80.6771,9.59,318.41,12.34,1.05,7,544.39,45.62
V002,Bharat Star,VIZAG,13.0809,82.524,11.78,228.93,28.67,3.18,3,518.87,41.63
V005,Eastern Titan,HALDIA,19.6239,88.7589,9.28,254.08,12.94,0.41,10,275.08,24.37
V005,Eastern Titan,HALDIA,26.5325,84.8237,13.96,18.72,11.58,4.47,5,600.34,41.77
V004,Steel Infinity,VIZAG,18.6772,85.7455,11.54,310.08,11.54,0.61,1,282.64,16.04
V007,Ocean Sapphire,VIZAG,20.6224,81.2511,10.07,142.65,32.17,1.53,0,389.52,30.83
V003,Odisha Queen,VIZAG,16.8464,77.1818,12.46,358.42,4.06,3.71,11,654.24,53.3
V007,Ocean Sapphire,HALDIA,25.2032,90.6023,12.69,325.14,4.01,1.38,5,439.48,25.36
V005,Eastern Titan,HALDIA,17.6784,88.5227,9.27,287.11,12.47,3.27,11,484.07,54.5
V002,Bharat Star,PARADIP,22.982,83.6984,8.25,172.93,25.24,2.95,7,422.8,51.86
V005,Eastern Titan,SMPK,19.263,87.5143,13.09,53.37,23.51,0.36,5,374.49,22.61
V001,Ganga Glory,SMPK,22.9374,93.1461,13.01,265.54,29.57,1.73,9,498.8,38.64
V001,Ganga Glory,HALDIA,22.0206,84.6388,11.56,1.79,21.9,1.64,3,352.68,24.85
V002,Bharat Star,SMPK,20.6459,90.6447,12.69,242.13,9.05,2.32,0,321.84,18.13
V006,Himalaya Dawn,HALDIA,19.0207,94.1327,8.62,29.29,29.75,1.35,6,714.34,75.73
V005,Eastern Titan,VIZAG,21.6793,84.0023,10.16,110.95,18.24,2.17,5,449.99,38.53
V005,Eastern Titan,HALDIA,25.4586,88.3017,10.25,85.03,19.52,1.31,2,384.26,28.49
V001,Ganga Glory,HALDIA,28.7291,89.6801,8.4,255.05,27.01,1.7,8,764.62,87.84
V005,Eastern Titan,VIZAG,17.596,81.038,9.87,272.68,12.64,1.06,8,237.8,19.9
V004,Steel Infinity,SMPK,23.2096,85.8494,13.88,63.04,14.08,0.62,0,261.55,12.25
V004,Steel Infinity,VIZAG,20.7436,85.243,10.33,359.09,31.27,3.27,2,397.18,36.13
V003,Odisha Queen,PARADIP,24.8345,86.0927,13.07,1.2,22.91,1.45,10,504.9,37.3
V004,Steel Infinity,HALDIA,19.5106,91.2207,10.69,89.2,20.9,1.13,4,430.36,32.22
V004,Steel Infinity,VIZAG,21.1171,87.2001,11.47,222.65,17.77,1.16,2,560.51,36.24
V007,Ocean Sapphire,HALDIA,17.1918,91.2681,10.76,256.91,14.45,1.62,3,632.35,45.25
V006,Himalaya Dawn,SMPK,28.128,85.9895,11.48,315.12,31.84,1.79,1,662.23,48.08
V005,Eastern Titan,VIZAG,12.108,81.1847,11.75,6.12,24.68,2.88,2,660.23,49.42
V006,Himalaya Dawn,HALDIA,23.369,93.0565,14.97,236.3,23.91,0.73,10,534.36,32.92
V002,Bharat Star,PARADIP,22.1361,82.2105,11.96,170.28,27.36,2.95,0,499.63,35.43
V003,Odisha Queen,SMPK,20.2747,89.225,13.38,135.4,30.02,3.66,8,270.51,22.58
V007,Ocean Sapphire,HALDIA,18.4188,89.9845,13.56,337.8,6.98,3.85,1,446.95,26.7
V001,Ganga Glory,PARADIP,17.6121,89.9429,10.06,147.12,23.82,3.58,4,461.23,44.29
V004,Steel Infinity,HALDIA,25.8954,87.8589,14.16,208.3,28.62,3.09,1,432.52,27.14
V001,Ganga Glory,SMPK,17.6109,91.9526,9.91,101.21,27.88,2.44,8,668.59,68.84
V002,Bharat Star,PARADIP,18.7763,84.0734,8.55,252.11,11.73,2.18,10,317.28,34.82
V003,Odisha Queen,VIZAG,14.3134,81.6696,11.06,257.07,10.53,3.66,3,413.03,32.38
V001,Ganga Glory,HALDIA,17.9011,90.2399,11.86,341.78,14.68,1.5,4,510.51,33.8
V006,Himalaya Dawn,HALDIA,18.5739,88.2916,8.85,359.55,33.71,4.17,4,382.84,45.94
V001,Ganga Glory,VIZAG,14.857,85.7252,8.12,304.93,7.93,1.03,1,409.07,33.16
V003,Odisha Queen,HALDIA,27.4155,91.4921,10.38,58.96,12.01,2.97,1,693.77,52.71
V004,Steel Infinity,SMPK,25.1739,89.0591,10.09,90.87,32.69,0.33,6,301.8,25.94
V007,Ocean Sapphire,SMPK,26.008,90.2527,8.51,97.68,29.16,0.77,10,432.44,48.88
V005,Eastern Titan,VIZAG,14.083,85.6754,11.18,254.11,12.37,3.21,11,475.89,44.22
V006,Himalaya Dawn,VIZAG,16.6693,76.7943,10.54,248.16,13.66,0.27,10,698.24,54.17
V002,Bharat Star,VIZAG,13.0202,86.8597,14.76,9.24,23.04,0.7,5,645.64,35.35
V003,Odisha Queen,PARADIP,17.7699,82.631,9.22,195.51,26.19,0.93,8,506.11,49.84
V004,Steel Infinity,SMPK,25.1302,86.9984,9.21,228.93,17.48,3.05,11,315.97,36.51
V002,Bharat Star,HALDIA,21.2823,83.7878,14.1,347.91,26.83,3.84,6,448.88,33.56
V005,Eastern Titan,HALDIA,24.3486,83.0778,11.47,22.95,15.68,1.78,6,571.76,42.43
V005,Eastern Titan,PARADIP,26.3054,85.2069,8.73,234.08,8.11,0.81,11,680.99,65.19
V005,Eastern Titan,VIZAG,24.2062,81.1558,9.03,252.9,6.5,2.47,9,757.35,75.54
V001,Ganga Glory,VIZAG,13.068,87.7287,10.11,58.6,29.32,0.79,10,701.05,66.86
V006,Himalaya Dawn,VIZAG,17.8173,85.5154,14.43,108.05,13.14,3.59,4,237.15,14.83
V006,Himalaya Dawn,HALDIA,27.0187,86.5708,13.18,218.6,26.73,3.26,9,576.94,47.89
V007,Ocean Sapphire,HALDIA,19.3755,92.7883,14.16,114.34,2.68,2.51,6,572.41,32.94
V002,Bharat Star,PARADIP,23.7737,87.2472,13.52,188.85,5.36,2.69,10,389.43,26.77
V001,Ganga Glory,PARADIP,24.5649,88.8299,14.22,269.46,24.65,0.92,2,523.77,28.24
V007,Ocean Sapphire,PARADIP,22.3237,82.3562,9.61,261.67,11.94,1.29,12,494.63,47.25
V001,Ganga Glory,SMPK,24.0793,90.6409,11.99,6.15,26.06,2.55,6,293.35,23.65
V002,Bharat Star,HALDIA,18.9825,85.8553,12.91,125.24,30.56,1.5,5,407.48,28.56
V005,Eastern Titan,PARADIP,17.751,90.5606,12.04,8.54,3.03,2.65,1,503.12,30.13
V002,Bharat Star,VIZAG,21.769,83.9756,13.8,324.08,34.46,1.61,12,459.36,36.85
V001,Ganga Glory,HALDIA,22.2025,93.5067,9.27,36.75,31.88,2.37,11,561.5,67.75
V004,Steel Infinity,SMPK,23.4698,89.9573,9.7,82.67,21.9,1.99,11,198.07,20.82
V003,Odisha Queen,PARADIP,25.3093,86.4384,9.44,287.33,22.71,2.94,7,555.09,58.51
V006,Himalaya Dawn,VIZAG,17.9006,87.8233,8.32,293.89,20.04,2.31,3,481.57,48.82
V002,Bharat Star,SMPK,19.9629,90.7982,12.8,135.54,10.92,1.64,10,386.99,27.05
V003,Odisha Queen,HALDIA,20.3246,84.6715,12.17,189.59,23.64,1.23,2,398.19,25.48
V006,Himalaya Dawn,PARADIP,15.0744,89.2189,13.85,2.31,13.81,3.13,6,644.94,43.09
V002,Bharat Star,HALDIA,20.3966,86.9074,8.92,76.65,9.74,4.01,4,215.55,21.92
V004,Steel Infinity,SMPK,23.177,84.8363,12.0,228.74,30.4,4.18,2,361.66,29.74
V002,Bharat Star,SMPK,29.793,88.129,11.13,15.43,9.65,1.19,2,805.57,50.39
V002,Bharat Star,HALDIA,21.2871,84.5919,14.48,283.24,20.88,1.91,9,367.33,24.38
V004,Steel Infinity,HALDIA,19.2676,93.5509,9.86,129.71,30.07,1.47,10,647.56,66.8
V006,Himalaya Dawn,SMPK,23.9291,92.9854,10.86,264.5,27.66,1.49,11,502.65,47.44
V004,Steel Infinity,VIZAG,23.1267,85.7635,11.45,159.75,34.21,1.89,11,657.55,63.22
V002,Bharat Star,SMPK,20.4304,81.5034,9.25,262.31,28.01,0.58,10,741.55,75.39
V003,Odisha Queen,SMPK,19.4498,94.5939,12.0,147.06,2.82,3.87,3,738.6,51.32
V007,Ocean Sapphire,SMPK,28.8394,85.9011,12.63,327.84,28.42,3.68,5,739.44,60.11
V004,Steel Infinity,PARADIP,15.3637,87.3419,13.96,65.89,32.1,0.47,11,556.38,39.19
V002,Bharat Star,VIZAG,19.7927,82.7507,11.31,325.65,30.84,4.08,8,240.36,24.45
V006,Himalaya Dawn,PARADIP,16.4439,80.6604,8.12,113.75,33.58,0.69,11,762.23,94.83
V007,Ocean Sapphire,PARADIP,13.5006,85.5982,8.7,15.83,13.91,2.23,6,766.03,76.49
V003,Odisha Queen,SMPK,17.6452,86.1415,10.1,216.95,18.27,4.08,6,590.09,59.27
V002,Bharat Star,HALDIA,24.588,85.3931,14.73,81.23,3.1,2.41,9,395.39,23.43
V007,Ocean Sapphire,HALDIA,20.3754,84.7053,14.62,225.1,26.12,3.01,2,392.41,24.03
V002,Bharat Star,PARADIP,19.1297,84.8401,14.65,227.12,23.09,2.8,2,228.52,13.5
V001,Ganga Glory,HALDIA,24.0359,90.6629,8.08,160.34,34.05,2.29,11,348.84,48.71
V002,Bharat Star,HALDIA,21.4016,89.7699,10.73,202.89,25.41,2.41,7,189.16,17.24
V002,Bharat Star,VIZAG,16.4694,81.842,13.59,285.86,24.19,2.75,4,204.41,13.81
V007,Ocean Sapphire,PARADIP,21.6856,84.4022,9.44,310.92,34.6,3.33,11,275.78,35.26
V003,Odisha Queen,VIZAG,17.4365,76.9859,9.26,189.82,7.28,2.74,8,667.81,65.09
V001,Ganga Glory,SMPK,21.3405,85.8864,13.62,157.57,27.86,3.33,8,282.93,22.43
V006,Himalaya Dawn,PARADIP,23.7548,81.7173,9.81,119.73,33.91,0.57,11,633.31,64.81
V004,Steel Infinity,HALDIA,17.5525,91.3739,14.29,74.13,29.75,0.3,11,604.83,40.4
V001,Ganga Glory,HALDIA,20.0176,91.8852,9.77,353.18,10.55,1.76,4,454.64,36.11
V001,Ganga Glory,VIZAG,14.1833,85.9498,10.6,136.84,28.7,2.25,2,483.21,39.48
V004,Steel Infinity,VIZAG,15.2876,86.5204,8.08,166.95,34.27,1.16,1,436.7,43.89
V004,Steel Infinity,VIZAG,19.7098,85.0179,14.88,282.33,6.6,1.29,11,289.72,16.73
V003,Odisha Queen,VIZAG,14.4621,82.8412,14.99,70.47,12.84,3.69,7,361.97,23.66
V005,Eastern Titan,SMPK,23.8385,89.8249,10.54,251.64,9.05,3.47,10,211.7,20.29
V005,Eastern Titan,HALDIA,25.768,91.1869,13.93,293.41,19.41,1.16,5,524.99,30.68
V003,Odisha Queen,PARADIP,20.5734,89.6731,13.13,230.03,4.01,0.59,7,319.34,17.49
V001,Ganga Glory,SMPK,28.4517,90.7754,8.68,355.36,31.78,3.88,8,701.62,92.43
V002,Bharat Star,SMPK,25.3011,85.6289,9.35,170.29,11.86,1.57,7,408.98,36.48
V001,Ganga Glory,VIZAG,16.5048,77.778,11.44,316.98,4.4,0.59,8,599.39,38.72
V007,Ocean Sapphire,PARADIP,21.8368,83.9522,9.92,16.55,29.75,0.49,9,324.12,30.19
V003,Odisha Queen,HALDIA,17.5981,84.0226,14.7,15.34,28.34,1.07,1,647.26,34.09
V004,Steel Infinity,VIZAG,10.6311,84.2309,8.02,264.82,20.78,2.69,11,791.57,104.79
V005,Eastern Titan,HALDIA,20.0676,87.971,8.86,5.87,32.21,0.87,8,216.19,23.04
V005,Eastern Titan,VIZAG,19.7255,80.9139,13.68,329.37,17.24,0.93,9,336.63,21.37
V001,Ganga Glory,HALDIA,28.6663,85.3733,12.2,273.23,3.4,0.56,10,787.77,49.47
V002,Bharat Star,HALDIA,18.4701,91.8674,10.39,358.24,24.36,2.13,6,559.15,49.99
V007,Ocean Sapphire,VIZAG,24.7687,84.5925,12.39,41.99,21.33,3.58,11,798.76,72.8
V004,Steel Infinity,SMPK,21.9949,90.7285,12.19,248.57,22.88,2.17,8,257.4,20.46
V007,Ocean Sapphire,SMPK,28.9719,86.8543,8.6,237.38,11.62,3.35,0,728.59,66.45
V001,Ganga Glory,HALDIA,24.3795,92.5533,8.89,358.05,31.14,3.59,7,529.4,65.08
V005,Eastern Titan,PARADIP,17.6154,86.9274,14.28,188.67,32.2,1.03,10,302.47,21.21
V003,Odisha Queen,HALDIA,17.4042,90.4713,14.96,179.13,33.91,2.88,2,570.93,35.57
V003,Odisha Queen,SMPK,25.8781,93.8435,10.36,235.09,30.59,3.09,3,672.91,61.8
V003,Odisha Queen,HALDIA,28.0381,88.4333,8.01,9.09,22.7,3.73,9,671.35,92.05
V004,Steel Infinity,VIZAG,20.7418,78.0812,11.01,29.2,19.21,3.44,2,642.66,51.37
V002,Bharat Star,SMPK,27.8063,86.4017,10.26,47.15,12.58,1.29,1,614.86,41.86
V002,Bharat Star,SMPK,26.3932,91.4421,13.32,136.59,17.39,1.99,4,532.61,33.23
V003,Odisha Queen,HALDIA,24.4143,87.3766,12.68,352.2,26.39,3.48,12,276.32,25.83
V007,Ocean Sapphire,HALDIA,19.0537,87.75,8.09,62.09,32.35,1.77,0,330.31,33.11
V001,Ganga Glory,HALDIA,23.5855,80.9924,13.73,196.63,10.46,3.59,12,745.27,58.39
V002,Bharat Star,SMPK,19.1238,93.2705,11.21,19.95,18.24,2.98,10,641.74,59.54
V006,Himalaya Dawn,PARADIP,18.704,90.0574,13.86,320.4,11.28,1.42,1,402.57,20.29
V004,Steel Infinity,VIZAG,23.4312,84.5836,8.27,260.83,13.68,2.29,0,652.64,58.25
V005,Eastern Titan,HALDIA,23.5177,86.6186,11.13,240.58,29.66,0.67,11,223.48,19.68
V003,Odisha Queen,HALDIA,19.6256,88.9611,8.58,161.34,23.42,2.62,1,281.19,27.31
V004,Steel Infinity,VIZAG,13.8547,82.8014,11.41,252.5,11.75,3.24,0,429.53,29.34
V003,Odisha Queen,SMPK,22.348,82.5276,13.69,119.31,5.88,0.21,2,593.61,26.84
V006,Himalaya Dawn,HALDIA,25.9396,93.6178,9.37,61.83,23.77,2.9,5,713.83,72.33
V002,Bharat Star,VIZAG,21.2633,80.7492,11.57,227.72,27.19,1.59,8,477.74,39.59
V004,Steel Infinity,PARADIP,22.2661,85.3966,14.21,32.29,3.51,1.68,7,250.78,13.89
V003,Odisha Queen,VIZAG,15.4156,82.7874,12.95,182.15,5.36,1.31,11,258.29,16.98
V003,Odisha Queen,HALDIA,26.1908,88.066,10.72,87.34,10.56,0.36,12,464.88,36.4
V004,Steel Infinity,PARADIP,18.8145,93.5372,13.34,291.12,22.74,1.33,3,743.74,44.69
V003,Odisha Queen,VIZAG,18.8665,85.513,10.85,85.31,13.1,0.24,11,269.62,20.64
V005,Eastern Titan,HALDIA,22.6308,83.4748,9.12,27.0,32.41,3.36,4,476.65,52.54
V006,Himalaya Dawn,VIZAG,18.464,88.2629,13.31,200.76,28.22,2.67,8,533.69,41.63
V006,Himalaya Dawn,HALDIA,25.2682,87.5337,11.31,215.35,7.06,3.51,10,366.24,32.34
V007,Ocean Sapphire,SMPK,24.1344,91.405,9.28,270.78,30.05,3.95,3,362.65,39.04
V004,Steel Infinity,VIZAG,19.034,77.1609,9.43,274.65,14.96,1.76,7,662.79,60.92
V003,Odisha Queen,VIZAG,10.8399,82.926,9.55,16.51,28.28,4.1,4,762.65,81.83
V002,Bharat Star,SMPK,20.9203,81.9563,11.93,203.71,13.18,3.07,1,679.76,45.65
V007,Ocean Sapphire,PARADIP,17.9855,85.4425,9.99,161.36,28.59,0.97,1,287.54,22.16
V007,Ocean Sapphire,SMPK,20.4362,88.2328,9.2,121.09,29.1,1.12,12,235.15,26.37
V003,Odisha Queen,HALDIA,24.286,88.3078,14.94,84.5,21.25,1.13,6,254.34,14.39
V006,Himalaya Dawn,HALDIA,22.894,90.613,8.19,272.27,9.14,1.38,8,280.16,28.19
V006,Himalaya Dawn,SMPK,24.6807,90.823,9.33,203.02,19.11,1.55,1,349.56,28.08
V003,Odisha Queen,HALDIA,18.1413,89.8255,8.69,197.0,12.85,1.29,9,468.01,46.5
V004,Steel Infinity,SMPK,18.8193,83.6239,8.02,323.3,10.47,0.58,6,639.2,59.11
V006,Himalaya Dawn,PARADIP,14.7068,89.5685,12.47,228.0,29.21,0.61,10,698.02,53.24
V006,Himalaya Dawn,PARADIP,20.8834,92.8581,14.77,42.22,9.05,2.27,1,652.26,32.39
V004,Steel Infinity,HALDIA,28.5962,87.0639,12.92,338.05,22.68,3.06,0,739.16,47.39
V004,Steel Infinity,HALDIA,15.7075,86.4508,13.69,100.36,6.94,0.61,9,720.95,40.87
V005,Eastern Titan,SMPK,19.7603,88.2177,8.66,179.9,11.23,1.58,7,310.31,29.78
V007,Ocean Sapphire,VIZAG,16.5757,78.8517,12.97,170.87,2.76,2.49,8,486.57,32.11
V001,Ganga Glory,HALDIA,20.6942,93.0677,9.75,52.06,12.89,0.95,2,538.82,38.76
V007,Ocean Sapphire,PARADIP,13.3015,85.1798,9.87,355.33,31.82,0.86,1,795.32,62.99
V002,Bharat Star,VIZAG,20.8958,76.7649,10.64,282.47,16.51,1.87,7,770.96,64.06
V005,Eastern Titan,SMPK,16.5491,85.8831,11.59,282.68,32.23,1.31,9,713.66,61.44
V007,Ocean Sapphire,VIZAG,18.5037,78.096,14.13,65.44,22.07,3.31,8,555.31,40.88
V004,Steel Infinity,VIZAG,21.0746,84.5941,9.09,213.66,29.08,3.06,3,400.79,41.49
V004,Steel Infinity,HALDIA,23.0289,86.1127,8.35,183.79,7.04,3.53,7,229.87,25.63
V002,Bharat Star,PARADIP,22.8745,86.3547,12.3,241.41,25.65,1.96,2,285.36,19.3
V002,Bharat Star,PARADIP,20.4624,88.8936,10.29,59.11,31.56,4.08,2,237.5,22.79
V003,Odisha Queen,VIZAG,23.9261,83.4927,11.15,254.12,24.06,3.14,0,693.78,52.28
V003,Odisha Queen,SMPK,16.1189,89.0681,9.71,256.64,24.84,1.01,0,719.62,54.05
V006,Himalaya Dawn,VIZAG,17.5137,87.5604,9.33,230.97,11.45,2.58,1,454.09,37.19
V001,Ganga Glory,HALDIA,19.2809,82.2393,8.05,163.84,8.06,2.74,0,677.34,61.62
V003,Odisha Queen,SMPK,26.2677,83.0085,14.15,18.56,15.14,4.44,5,676.59,47.42
V006,Himalaya Dawn,VIZAG,15.247,85.9205,8.23,11.37,34.36,4.38,9,391.22,58.13
V006,Himalaya Dawn,PARADIP,16.6385,81.6081,9.18,30.93,26.23,1.19,6,668.44,64.17
V007,Ocean Sapphire,VIZAG,14.7011,82.6278,14.21,43.3,30.51,1.19,11,339.56,24.47
V005,Eastern Titan,HALDIA,18.3957,87.0673,8.03,98.63,15.33,2.22,3,415.02,41.88
V004,Steel Infinity,HALDIA,22.8337,92.7156,12.73,8.91,4.97,2.12,6,487.2,30.8
V002,Bharat Star,PARADIP,16.9305,89.7961,12.71,89.95,3.03,2.47,5,503.99,31.48
V006,Himalaya Dawn,HALDIA,27.0112,87.5076,11.69,327.07,33.17,4.18,11,558.9,60.14
V006,Himalaya Dawn,SMPK,18.6154,92.2717,10.65,38.6,26.95,3.38,12,601.87,66.8
V001,Ganga Glory,VIZAG,17.4738,78.1162,13.16,177.58,19.41,1.94,8,547.88,38.74
V001,Ganga Glory,SMPK,20.1283,87.4615,8.82,247.18,15.45,0.38,11,282.94,27.5
V005,Eastern Titan,HALDIA,27.455,85.6464,11.65,166.2,27.39,0.73,2,652.62,43.22
V003,Odisha Queen,PARADIP,16.6166,82.9121,9.55,14.56,3.82,3.39,12,567.84,60.21
V005,Eastern Titan,SMPK,19.5938,86.4073,12.35,119.5,24.45,0.72,1,382.89,22.73
V004,Steel Infinity,VIZAG,21.3357,82.04,12.46,196.41,7.11,3.72,4,425.7,29.85
V002,Bharat Star,SMPK,23.6871,86.2043,14.97,63.17,29.98,1.26,6,248.83,15.12
V003,Odisha Queen,SMPK,26.5573,89.0415,12.26,352.74,8.62,3.01,7,451.86,33.44
V004,Steel Infinity,HALDIA,23.4858,82.4535,12.52,298.18,15.37,0.54,3,597.83,33.98
V006,Himalaya Dawn,PARADIP,21.8244,91.8986,9.15,21.55,21.74,3.58,12,572.63,72.46
V006,Himalaya Dawn,HALDIA,22.541,90.784,10.4,144.15,22.98,3.82,11,286.44,31.92
V006,Himalaya Dawn,VIZAG,13.3141,77.717,11.98,330.4,30.61,2.48,5,769.3,62.04
V006,Himalaya Dawn,HALDIA,21.7254,82.8923,11.77,230.23,14.82,1.52,0,534.18,31.89
V004,Steel Infinity,HALDIA,25.1198,89.2579,14.85,106.15,33.31,1.28,6,366.71,23.02
V007,Ocean Sapphire,HALDIA,25.7213,88.1667,10.76,346.95,17.37,0.63,9,412.83,32.58
V007,Ocean Sapphire,VIZAG,23.6923,80.0372,14.19,94.32,30.7,3.56,2,747.73,50.2
V002,Bharat Star,SMPK,26.9469,94.0836,11.29,359.14,10.21,1.86,3,761.45,51.18
V005,Eastern Titan,SMPK,25.5119,86.931,14.49,52.67,14.92,0.47,2,357.48,16.91
V005,Eastern Titan,SMPK,17.3977,87.2821,12.16,261.6,16.12,1.33,7,582.69,40.57
V005,Eastern Titan,HALDIA,18.9873,84.1961,8.94,72.09,5.65,3.17,3,524.28,47.44
V004,Steel Infinity,VIZAG,18.1935,79.1802,14.65,31.7,17.34,1.42,4,437.29,23.78
V004,Steel Infinity,SMPK,26.6402,85.0743,14.28,60.47,7.42,4.49,4,559.59,36.13
V003,Odisha Queen,SMPK,19.1552,83.6295,9.74,216.59,12.51,1.07,5,614.75,48.32
V001,Ganga Glory,VIZAG,19.9098,78.6243,14.88,145.88,21.01,1.32,0,548.67,26.75
V003,Odisha Queen,SMPK,20.992,91.2413,11.22,249.72,23.71,1.77,3,349.65,25.97
V001,Ganga Glory,SMPK,19.8212,93.2204,9.88,73.41,13.48,1.43,10,593.48,53.92
V006,Himalaya Dawn,SMPK,15.6407,90.3689,12.69,319.3,2.82,2.31,8,798.4,53.08
V006,Himalaya Dawn,SMPK,28.3428,88.4115,12.34,113.47,10.09,1.96,1,644.22,37.68
V006,Himalaya Dawn,VIZAG,19.717,79.496,9.87,205.08,14.82,4.45,3,457.83,43.55
V003,Odisha Queen,SMPK,20.248,86.8901,11.64,173.79,21.49,1.79,6,294.65,22.51
V007,Ocean Sapphire,HALDIA,22.8225,89.8828,9.3,198.71,31.98,0.93,11,208.01,22.71
V003,Odisha Queen,SMPK,23.5879,90.4353,10.12,91.9,13.96,4.36,0,247.05,20.78
V006,Himalaya Dawn,HALDIA,17.7863,88.1881,10.65,264.82,8.08,0.89,4,469.84,31.24
V003,Odisha Queen,SMPK,20.4461,93.4184,13.25,58.45,15.9,2.84,11,578.85,45.32
V001,Ganga Glory,HALDIA,24.0356,90.0621,12.01,20.14,7.28,0.21,12,304.47,20.39
V001,Ganga Glory,SMPK,27.0631,93.6135,12.05,295.64,21.78,4.4,3,734.3,59.53
V005,Eastern Titan,SMPK,27.4803,89.1398,13.7,215.85,22.21,3.41,1,554.71,35.24
V003,Odisha Queen,HALDIA,15.5217,88.4569,12.35,151.58,18.86,1.05,1,722.68,42.16
V001,Ganga Glory,PARADIP,15.3192,87.4209,10.32,106.97,20.1,1.69,6,562.49,47.63
V004,Steel Infinity,SMPK,19.1357,94.359,13.36,66.51,13.87,0.49,0,735.1,35.32
V002,Bharat Star,VIZAG,18.7725,85.1157,13.87,331.58,32.8,1.91,1,228.2,13.91
V003,Odisha Queen,SMPK,23.6474,91.5201,14.14,105.92,16.41,3.98,5,351.22,24.12
V006,Himalaya Dawn,HALDIA,18.5627,88.4733,11.18,313.88,30.55,3.48,6,385.74,36.38
V007,Ocean Sapphire,PARADIP,17.3789,81.0545,11.59,47.3,12.01,4.2,1,670.69,49.61
V006,Himalaya Dawn,PARADIP,21.1737,81.3113,11.46,190.3,2.3,4.15,7,560.09,45.98
V003,Odisha Queen,PARADIP,15.0058,83.9379,9.67,144.24,18.53,3.48,9,655.63,71.37
V001,Ganga Glory,SMPK,18.0675,83.3561,8.37,34.42,12.56,2.34,12,716.95,85.6
V003,Odisha Queen,VIZAG,16.4421,88.136,12.65,82.19,5.62,2.03,5,534.49,33.07
V002,Bharat Star,SMPK,26.7335,83.7874,9.02,140.95,28.03,2.08,2,651.33,61.56
V001,Ganga Glory,VIZAG,15.0744,84.3429,10.71,242.53,9.8,1.59,11,312.16,26.35
V003,Odisha Queen,SMPK,23.7623,90.9809,13.44,152.07,17.34,2.76,12,305.43,24.21
V002,Bharat Star,VIZAG,15.2707,84.4996,9.09,232.93,30.05,0.4,1,298.79,24.53
V005,Eastern Titan,SMPK,19.5127,89.7613,14.43,294.49,33.09,2.75,9,370.21,28.28
V001,Ganga Glory,PARADIP,19.7429,84.1769,8.62,293.63,27.2,1.05,7,263.17,27.5
V003,Odisha Queen,PARADIP,18.0745,89.9492,11.15,52.73,12.61,1.56,3,429.59,29.11
V004,Steel Infinity,VIZAG,19.4415,81.2106,11.96,169.9,26.13,0.72,5,292.41,20.26
V002,Bharat Star,PARADIP,15.8602,85.4498,11.2,310.82,33.44,3.85,7,511.09,51.3
V002,Bharat Star,VIZAG,14.4827,83.5057,9.31,9.25,3.02,3.82,6,357.45,34.59
V007,Ocean Sapphire,PARADIP,17.906,84.1822,9.94,42.77,27.82,1.85,12,371.0,40.15
V001,Ganga Glory,SMPK,23.3128,93.9136,10.37,272.66,23.28,3.97,10,581.05,64.18
V004,Steel Infinity,SMPK,25.9786,82.234,8.26,28.56,25.61,3.92,2,723.35,82.71
V002,Bharat Star,VIZAG,20.3455,88.4619,14.21,329.34,34.44,1.72,1,619.56,36.81
V004,Steel Infinity,HALDIA,16.2485,88.0085,13.93,67.33,10.62,0.96,0,640.67,29.89
V006,Himalaya Dawn,VIZAG,18.0407,86.1622,14.93,161.9,9.79,3.93,8,307.51,20.59
V002,Bharat Star,PARADIP,22.5629,91.6429,9.17,271.9,14.17,1.41,5,576.53,50.13
V001,Ganga Glory,HALDIA,24.4066,90.8267,12.7,203.77,7.4,2.44,3,388.52,23.75
V004,Steel Infinity,HALDIA,24.6291,85.3587,14.25,185.81,23.82,4.18,3,401.09,27.46
V007,Ocean Sapphire,HALDIA,28.8973,87.4378,13.81,337.92,29.88,0.6,3,768.37,44.55
V005,Eastern Titan,PARADIP,17.0715,83.1019,14.11,70.24,18.92,2.23,9,517.43,35.55
V006,Himalaya Dawn,PARADIP,17.589,86.701,14.7,62.12,23.75,4.48,1,303.8,19.4
V007,Ocean Sapphire,PARADIP,17.7809,89.3035,8.54,167.25,24.64,3.39,7,399.06,48.46
V007,Ocean Sapphire,HALDIA,21.5797,84.3222,14.97,291.8,13.81,1.12,0,388.86,17.56
V003,Odisha Queen,SMPK,24.3185,90.1083,9.78,4.92,27.09,3.19,3,269.64,25.83
V003,Odisha Queen,VIZAG,15.582,90.1235,9.97,46.27,5.33,4.19,1,765.78,62.97
V004,Steel Infinity,HALDIA,25.155,83.8888,12.16,222.02,16.44,1.13,6,550.37,36.88
V003,Odisha Queen,SMPK,21.4718,92.3789,9.36,318.93,19.89,0.78,10,437.23,41.91
V002,Bharat Star,SMPK,19.0124,84.0032,11.22,290.1,29.65,2.41,0,595.13,44.07
V007,Ocean Sapphire,SMPK,23.014,85.1629,13.66,144.46,4.79,3.05,0,325.72,17.43
V007,Ocean Sapphire,PARADIP,18.7159,88.262,9.73,90.19,34.85,2.15,2,247.84,22.82
V002,Bharat Star,PARADIP,20.1756,83.7653,11.34,243.96,27.24,1.46,1,298.24,20.76
V001,Ganga Glory,SMPK,27.7667,85.8936,10.63,259.49,25.69,3.35,4,628.54,56.98
V001,Ganga Glory,SMPK,19.2552,84.4049,12.54,31.55,28.16,3.93,2,545.77,41.75
V002,Bharat Star,VIZAG,22.3972,78.4267,11.53,232.45,6.21,4.28,5,728.53,58.52
V002,Bharat Star,HALDIA,21.3447,92.5156,11.8,115.56,15.16,2.49,9,466.29,37.99
V007,Ocean Sapphire,SMPK,17.1485,92.1708,12.2,181.19,19.39,4.28,0,724.2,52.05
V007,Ocean Sapphire,PARADIP,15.4889,83.8826,11.84,82.25,9.95,3.47,10,610.25,52.38
V003,Odisha Queen,SMPK,22.8243,94.8183,10.01,349.59,31.17,2.76,6,669.36,67.72
V005,Eastern Titan,VIZAG,19.2785,82.3565,10.36,104.88,30.29,1.32,0,201.7,15.1
V003,Odisha Queen,VIZAG,20.784,81.4713,13.66,16.28,12.04,0.32,2,392.95,18.99
V007,Ocean Sapphire,SMPK,23.7563,85.8597,10.64,138.49,15.3,4.03,2,283.26,23.73
V006,Himalaya Dawn,VIZAG,19.9664,83.6944,9.69,250.68,4.22,0.47,7,256.85,18.88
V006,Himalaya Dawn,PARADIP,18.2985,87.1229,13.53,307.84,33.78,4.48,11,230.89,21.91
V006,Himalaya Dawn,HALDIA,18.9431,91.5476,10.68,95.81,2.1,1.96,11,498.23,40.82
V003,Odisha Queen,VIZAG,15.7963,81.5527,12.97,325.01,25.5,1.63,0,279.58,16.52
V003,Odisha Queen,VIZAG,19.3358,85.8399,14.73,1.24,2.7,1.06,0,326.09,13.55
V004,Steel Infinity,VIZAG,14.5307,81.1283,10.55,66.49,7.57,3.97,6,419.8,37.39
V006,Himalaya Dawn,VIZAG,11.7103,83.0565,11.32,322.49,4.38,4.04,5,665.34,52.9
V004,Steel Infinity,VIZAG,15.8371,82.3789,9.61,4.23,25.14,2.37,0,227.27,19.03
V001,Ganga Glory,VIZAG,15.3288,84.0225,9.68,122.93,32.77,2.97,0,274.22,24.88
V003,Odisha Queen,PARADIP,19.5102,91.4393,8.18,192.27,15.84,3.75,12,511.8,70.54
V005,Eastern Titan,HALDIA,18.9819,89.0488,11.7,222.07,24.08,4.23,6,352.1,31.93
V002,Bharat Star,PARADIP,25.6465,84.3929,10.88,27.81,26.74,2.68,0,634.6,48.4
V004,Steel Infinity,VIZAG,16.4412,86.8926,14.78,161.86,11.71,3.06,5,408.33,24.43
V007,Ocean Sapphire,SMPK,23.8081,82.9903,9.49,136.76,19.43,3.99,4,560.45,56.98
V004,Steel Infinity,PARADIP,16.8917,86.2953,8.6,124.06,4.54,3.39,6,382.75,39.3
V005,Eastern Titan,SMPK,22.8479,90.7399,8.78,215.67,12.68,3.75,6,252.47,27.54
V001,Ganga Glory,SMPK,24.872,87.9023,13.13,260.18,31.97,1.19,12,261.34,21.05
V005,Eastern Titan,HALDIA,22.6842,93.2133,12.89,69.55,14.09,3.86,5,535.23,39.41
V006,Himalaya Dawn,VIZAG,20.625,81.2095,10.53,142.96,16.67,3.26,2,392.16,31.85
V003,Odisha Queen,HALDIA,20.2623,94.3418,8.04,212.24,21.89,4.31,7,679.8,91.22
V002,Bharat Star,PARADIP,18.7545,84.5838,10.92,99.98,3.45,0.75,0,275.37,15.13
V006,Himalaya Dawn,PARADIP,20.8188,83.28,12.59,241.41,22.13,3.85,5,352.11,27.93
V002,Bharat Star,SMPK,26.4074,88.7584,13.3,167.55,20.63,0.44,8,431.42,27.18
V004,Steel Infinity,VIZAG,20.9707,83.9813,13.84,333.22,10.67,0.29,6,372.15,19.47
V001,Ganga Glory,VIZAG,21.8315,85.1544,11.17,287.29,3.27,1.73,4,500.52,32.72
V004,Steel Infinity,VIZAG,14.937,86.5905,8.35,230.75,11.49,0.58,7,467.43,42.96
V003,Odisha Queen,PARADIP,15.3272,85.0988,14.02,256.61,26.09,1.86,12,578.04,43.85
V007,Ocean Sapphire,VIZAG,20.6118,87.0614,8.54,254.21,17.83,1.1,8,513.1,51.89
V003,Odisha Queen,HALDIA,27.4771,84.1807,10.57,45.95,15.29,0.99,7,723.07,56.0
V006,Himalaya Dawn,HALDIA,24.624,83.8302,13.19,299.79,6.82,4.08,12,520.55,42.83
V003,Odisha Queen,VIZAG,18.5171,81.5886,14.83,86.19,5.83,1.53,4,201.03,9.94
V002,Bharat Star,PARADIP,21.265,93.709,9.61,258.88,17.5,4.36,0,744.31,67.46
V002,Bharat Star,HALDIA,22.281,94.014,13.28,199.73,25.34,2.99,7,613.91,46.95
V001,Ganga Glory,HALDIA,23.0298,82.3169,9.15,258.93,23.48,0.24,2,600.66,47.34
V001,Ganga Glory,SMPK,26.063,90.5737,8.71,244.64,33.93,1.69,2,453.49,44.99
V007,Ocean Sapphire,HALDIA,24.5074,84.872,10.28,101.91,21.55,0.55,3,427.97,31.17
V003,Odisha Queen,SMPK,22.1941,81.8033,14.56,195.15,29.6,1.33,11,669.14,47.21
V006,Himalaya Dawn,VIZAG,21.7296,79.1066,12.33,16.34,34.14,2.58,4,626.5,49.21
V001,Ganga Glory,HALDIA,15.047,86.7098,8.88,198.98,15.91,2.41,4,787.21,75.16
V005,Eastern Titan,HALDIA,22.4904,90.3235,8.67,26.56,3.37,1.39,6,239.0,20.62
V002,Bharat Star,VIZAG,17.2146,85.6156,14.97,43.69,29.91,0.21,12,253.32,16.42
V002,Bharat Star,SMPK,27.7099,90.9276,10.6,120.76,26.73,1.55,0,631.73,45.82
V003,Odisha Queen,VIZAG,12.8913,85.1077,14.92,267.67,7.74,0.4,8,568.44,28.52
V005,Eastern Titan,SMPK,28.7352,90.07,9.8,85.72,32.46,2.0,1,710.24,61.53
V002,Bharat Star,SMPK,20.7764,84.4928,12.86,310.16,18.98,0.57,5,440.08,26.53
V001,Ganga Glory,PARADIP,17.9955,85.3363,9.09,119.14,34.08,2.87,10,291.52,36.68
V006,Himalaya Dawn,PARADIP,17.2158,90.6116,11.85,186.96,20.79,1.39,12,543.77,45.43
V007,Ocean Sapphire,SMPK,26.2103,93.4354,10.26,145.6,31.35,4.37,9,660.3,77.35
V005,Eastern Titan,HALDIA,23.84,86.2178,10.62,328.81,26.31,3.32,5,277.48,25.91
V002,Bharat Star,SMPK,20.1461,89.6023,8.4,352.18,24.35,2.56,0,299.4,28.9
V004,Steel Infinity,PARADIP,14.8703,89.9337,11.65,316.72,18.0,1.68,3,700.32,47.74
V006,Himalaya Dawn,HALDIA,23.6473,84.0844,8.79,253.13,6.82,2.43,5,446.23,41.38
V006,Himalaya Dawn,SMPK,26.582,89.1234,10.96,283.8,31.61,4.3,10,456.0,51.04
V007,Ocean Sapphire,HALDIA,21.2403,90.8704,11.47,189.74,22.13,0.98,1,302.84,19.39
V001,Ganga Glory,VIZAG,14.2345,81.4748,12.19,153.99,13.3,3.86,1,429.96,29.83
V003,Odisha Queen,SMPK,20.6068,90.0096,12.89,152.42,20.31,3.58,0,279.16,18.28
V003,Odisha Queen,SMPK,21.7026,91.0648,8.17,47.25,17.27,2.49,8,299.97,34.98
V002,Bharat Star,SMPK,18.8099,84.1204,13.86,166.91,14.73,3.28,1,601.59,35.65
V001,Ganga Glory,VIZAG,14.2759,84.4327,14.95,126.55,22.77,3.47,12,399.12,30.91
V003,Odisha Queen,VIZAG,14.9908,81.8193,8.64,184.58,31.84,0.46,8,338.18,35.8
V001,Ganga Glory,PARADIP,23.126,86.213,12.68,288.73,32.7,4.15,2,314.83,24.78
V007,Ocean Sapphire,VIZAG,21.0705,85.8751,10.33,166.42,19.45,1.07,9,464.07,40.13
V001,Ganga Glory,SMPK,20.0866,90.3415,13.1,271.38,34.35,0.48,7,346.04,24.04
V006,Himalaya Dawn,VIZAG,21.9786,78.7553,13.43,131.02,14.17,4.0,1,671.74,42.94
V005,Eastern Titan,SMPK,20.5152,88.738,12.74,67.68,32.74,1.52,8,230.76,17.96
V002,Bharat Star,SMPK,25.4532,83.3302,9.23,308.16,31.09,2.31,4,599.13,60.59
V002,Bharat Star,PARADIP,20.1562,91.1734,11.85,176.7,20.28,1.0,6,475.39,33.35
V002,Bharat Star,PARADIP,21.5338,84.5865,10.33,171.62,23.17,1.82,7,250.64,22.44
V003,Odisha Queen,VIZAG,14.1577,81.4783,9.42,233.99,30.38,3.9,0,437.46,42.53
V002,Bharat Star,VIZAG,14.1368,82.8101,13.59,72.17,2.29,4.01,5,398.28,25.94
V002,Bharat Star,HALDIA,24.6063,88.9299,12.25,266.96,24.99,1.87,6,302.05,22.59
V003,Odisha Queen,VIZAG,17.6137,80.086,9.93,232.46,14.18,1.41,7,338.54,28.62
V002,Bharat Star,PARADIP,22.3638,85.2687,10.91,128.21,10.64,3.48,6,266.89,22.69
V006,Himalaya Dawn,HALDIA,23.9844,88.961,9.88,226.26,3.34,0.5,0,238.13,14.12
V005,Eastern Titan,HALDIA,20.0789,81.7964,13.65,60.99,33.01,3.94,3,684.5,50.94
V007,Ocean Sapphire,SMPK,17.2454,85.0757,14.79,245.49,3.93,0.72,0,679.3,27.59
V003,Odisha Queen,SMPK,27.7147,86.958,12.95,33.23,6.64,3.82,7,589.95,43.14
V001,Ganga Glory,VIZAG,14.4479,84.6232,11.36,53.48,14.25,2.33,3,388.02,27.69
V005,Eastern Titan,PARADIP,21.7084,84.6186,11.02,200.25,10.91,2.32,0,258.82,17.02
V001,Ganga Glory,SMPK,19.0733,87.0346,10.42,188.58,8.14,0.92,2,408.34,26.34
V007,Ocean Sapphire,PARADIP,17.8023,83.9983,9.85,352.74,31.48,0.76,1,392.78,30.88
V006,Himalaya Dawn,PARADIP,23.44,87.3158,10.06,3.77,33.53,2.95,10,354.28,40.35
V003,Odisha Queen,SMPK,21.1908,92.1752,9.67,334.29,22.16,3.96,3,427.47,42.14
V001,Ganga Glory,PARADIP,23.3275,86.8762,10.25,325.18,12.45,3.42,7,335.46,31.4
V004,Steel Infinity,PARADIP,24.6797,88.8174,12.62,290.87,19.39,1.13,9,534.72,38.02
V003,Odisha Queen,HALDIA,24.2233,81.9716,9.46,53.74,12.11,3.12,4,669.42,61.38
V007,Ocean Sapphire,SMPK,16.0247,90.6472,8.19,180.55,29.45,0.2,1,766.2,68.47
V001,Ganga Glory,HALDIA,23.5328,82.9869,10.23,208.21,2.83,1.99,6,546.96,41.87
V006,Himalaya Dawn,HALDIA,20.1453,89.0845,13.96,51.85,6.1,0.55,9,233.0,12.79
V007,Ocean Sapphire,PARADIP,21.114,83.2025,11.28,92.32,21.0,2.28,8,366.23,31.3
V003,Odisha Queen,PARADIP,23.0314,82.4623,13.68,217.78,23.74,3.48,8,524.8,40.75
V002,Bharat Star,SMPK,22.6624,93.0269,14.69,211.26,9.92,3.6,9,485.36,33.1
V002,Bharat Star,HALDIA,20.0849,88.4744,11.28,88.34,3.14,4.47,9,218.34,19.64
V005,Eastern Titan,VIZAG,14.9704,84.2685,13.26,30.6,27.81,2.74,10,320.27,26.34
V001,Ganga Glory,HALDIA,19.4001,91.878,9.92,321.81,24.89,0.87,10,491.82,46.55
V005,Eastern Titan,VIZAG,13.7754,77.5884,14.5,31.92,30.4,1.28,6,748.57,47.16
V001,Ganga Glory,SMPK,18.6616,84.8488,9.97,336.4,7.14,3.49,4,562.05,48.48
V005,Eastern Titan,SMPK,27.6143,83.9545,13.74,215.33,33.4,3.42,10,713.03,61.11
V003,Odisha Queen,PARADIP,20.7475,88.6385,12.91,28.21,33.42,0.87,2,215.49,13.59
V007,Ocean Sapphire,SMPK,29.7996,87.6515,12.0,127.14,31.71,1.63,6,808.7,63.61
V001,Ganga Glory,SMPK,27.4995,90.3169,12.82,356.9,22.21,3.18,9,586.64,48.37
V001,Ganga Glory,PARADIP,19.8189,88.5353,10.77,230.82,15.25,3.77,5,207.65,18.33
V005,Eastern Titan,HALDIA,25.6475,87.5281,12.49,251.65,13.07,2.44,6,408.08,28.65
V004,Steel Infinity,PARADIP,15.0343,85.0819,9.24,264.98,13.79,3.95,3,609.9,59.61
V003,Odisha Queen,PARADIP,15.8862,89.5211,12.09,0.35,29.6,1.82,7,580.53,46.43
V007,Ocean Sapphire,VIZAG,16.6379,88.4059,12.37,153.88,16.34,1.46,12,556.99,43.35
V005,Eastern Titan,VIZAG,16.9015,80.1745,14.15,166.43,3.63,4.48,7,341.15,23.41
V003,Odisha Queen,VIZAG,18.3392,87.444,11.73,193.1,13.35,3.18,8,446.19,37.0
V006,Himalaya Dawn,SMPK,18.866,93.786,14.97,47.74,21.27,1.02,8,702.29,41.33
V003,Odisha Queen,SMPK,20.4362,94.5936,12.16,14.18,23.83,3.87,10,692.18,64.99
V001,Ganga Glory,HALDIA,23.6333,93.7621,11.73,334.32,11.66,0.46,7,611.58,39.65
V004,Steel Infinity,VIZAG,21.3038,80.8789,11.34,232.38,31.09,0.3,3,474.12,33.04
V005,Eastern Titan,PARADIP,18.1065,90.4074,11.25,102.31,8.89,0.94,6,467.65,31.37
V002,Bharat Star,PARADIP,14.3272,85.6464,11.15,197.28,25.54,2.8,10,674.32,65.24
V004,Steel Infinity,PARADIP,20.7639,81.0276,14.47,48.67,26.22,3.55,11,584.36,46.95
V002,Bharat Star,HALDIA,17.5432,84.1826,12.47,359.69,6.45,2.51,7,641.23,44.25
V007,Ocean Sapphire,VIZAG,22.4597,87.172,9.25,159.92,29.26,2.51,4,668.11,67.52
V005,Eastern Titan,SMPK,19.2701,94.7,14.88,124.32,4.74,1.13,5,758.1,36.74
V002,Bharat Star,HALDIA,27.0769,90.5709,9.08,325.13,28.24,4.47,1,617.95,65.53
V002,Bharat Star,VIZAG,12.4974,85.8419,14.33,88.35,15.62,2.37,9,639.5,42.67
V003,Odisha Queen,VIZAG,16.0854,81.015,9.55,15.55,4.75,2.72,0,299.85,22.4
V002,Bharat Star,VIZAG,17.2974,78.277,8.1,246.55,16.59,2.92,3,532.36,56.44
V005,Eastern Titan,SMPK,23.6719,92.23,9.01,257.13,12.78,1.4,5,420.81,36.79
V002,Bharat Star,SMPK,21.934,81.8649,8.53,113.17,32.81,0.49,5,665.79,66.84
V006,Himalaya Dawn,VIZAG,13.1065,83.9959,11.18,123.31,24.79,3.65,8,515.41,49.84
V004,Steel Infinity,PARADIP,25.9587,86.6825,13.69,278.41,23.32,3.87,12,627.03,54.56
V001,Ganga Glory,PARADIP,18.3763,83.168,10.95,90.73,19.18,3.94,12,421.73,44.89
V001,Ganga Glory,PARADIP,23.2574,82.6449,9.98,200.91,13.11,4.2,7,524.47,53.33
V002,Bharat Star,VIZAG,16.4888,85.7779,13.61,147.55,31.25,2.99,10,297.19,24.72
V002,Bharat Star,HALDIA,17.0943,87.5155,9.69,255.28,10.26,4.24,8,549.56,58.03
V001,Ganga Glory,HALDIA,21.2829,90.4334,12.02,137.69,24.71,3.78,5,258.27,21.71
V004,Steel Infinity,VIZAG,20.341,82.7651,10.14,340.58,16.02,3.94,12,299.71,33.76
V002,Bharat Star,HALDIA,26.0979,89.3263,8.35,10.13,2.91,3.15,11,472.37,54.66
V006,Himalaya Dawn,HALDIA,23.6371,82.2311,12.14,267.92,13.47,2.17,7,624.12,45.45
V001,Ganga Glory,SMPK,23.5556,91.7183,13.5,158.33,28.03,3.65,1,367.17,24.91
V006,Himalaya Dawn,PARADIP,22.9331,85.5602,10.05,302.39,30.38,2.97,11,310.53,35.57
V007,Ocean Sapphire,SMPK,26.9101,90.9534,11.57,262.41,8.33,0.73,5,553.9,34.4
V005,Eastern Titan,HALDIA,24.7743,85.8946,8.97,89.21,26.31,2.06,3,378.55,36.52
V001,Ganga Glory,PARADIP,18.602,82.8096,8.11,286.31,6.23,2.22,3,442.79,41.31
V005,Eastern Titan,SMPK,22.6562,85.5807,11.63,168.4,13.53,2.05,1,279.39,17.93
V002,Bharat Star,VIZAG,17.8086,86.5155,8.07,133.69,34.23,1.52,1,342.89,35.34
V002,Bharat Star,VIZAG,12.9084,82.5072,13.87,140.63,10.82,1.01,1,538.11,26.12
V004,Steel Infinity,PARADIP,20.9041,93.0455,12.23,303.12,16.71,1.17,1,671.85,39.27
V005,Eastern Titan,VIZAG,14.0784,80.0917,8.72,288.12,9.53,3.1,0,526.78,45.89
V001,Ganga Glory,VIZAG,19.7892,85.4556,8.26,180.43,11.59,0.73,4,327.05,28.49
V001,Ganga Glory,VIZAG,15.8532,79.5694,14.15,133.94,5.42,1.68,7,444.69,25.13
V005,Eastern Titan,HALDIA,24.07,92.1373,8.19,334.23,20.35,3.66,4,475.91,55.2
V001,Ganga Glory,PARADIP,16.2064,83.6087,14.34,36.15,23.48,0.55,7,557.02,32.76
V007,Ocean Sapphire,SMPK,23.7971,90.8551,11.66,88.59,27.06,3.95,3,295.71,24.88
V002,Bharat Star,HALDIA,22.1032,95.0934,8.13,17.37,6.38,2.76,12,724.85,87.84
V005,Eastern Titan,SMPK,22.1989,81.5038,11.18,220.41,6.02,2.51,11,699.84,59.0
V005,Eastern Titan,SMPK,16.7988,85.1162,9.89,79.28,26.63,3.22,2,721.08,66.34
V005,Eastern Titan,VIZAG,19.8677,86.4115,14.98,272.96,13.42,0.7,5,409.02,20.44
V002,Bharat Star,VIZAG,17.7837,87.2876,8.8,323.54,15.05,3.55,2,424.56,41.62
V006,Himalaya Dawn,VIZAG,15.7879,80.5616,9.1,249.54,28.38,3.82,4,358.49,39.74
V004,Steel Infinity,SMPK,23.3445,93.8253,14.2,83.61,29.93,3.43,12,572.58,48.67
V005,Eastern Titan,SMPK,24.6537,82.1333,9.29,203.7,26.85,0.29,12,670.38,68.85
V004,Steel Infinity,HALDIA,23.8022,90.0573,9.93,305.02,13.96,3.93,6,285.59,28.12
V001,Ganga Glory,SMPK,22.9598,94.0706,8.71,135.17,30.54,1.69,8,593.43,67.34
V007,Ocean Sapphire,HALDIA,23.3039,93.4998,12.25,349.98,29.74,2.57,2,576.39,41.92
V006,Himalaya Dawn,HALDIA,23.2874,86.7229,14.77,107.47,4.21,2.52,6,197.49,11.04
V004,Steel Infinity,VIZAG,17.5727,86.823,11.81,156.02,33.77,1.26,4,375.68,28.19
V005,Eastern Titan,VIZAG,13.4821,83.0186,14.99,9.45,28.82,4.15,10,468.74,37.43
V003,Odisha Queen,PARADIP,22.4761,91.7654,11.6,179.33,8.52,1.63,10,584.11,44.17
V007,Ocean Sapphire,SMPK,18.8468,83.1188,11.98,36.06,30.65,1.53,3,678.11,48.68
V001,Ganga Glory,VIZAG,11.7969,87.219,8.55,233.47,12.26,2.62,3,780.14,74.41
V003,Odisha Queen,SMPK,19.5455,90.4022,10.02,1.17,25.37,0.22,10,398.99,35.69
V004,Steel Infinity,VIZAG,18.951,78.7905,13.43,194.22,19.68,0.76,11,494.19,33.67
V002,Bharat Star,SMPK,25.6782,87.4473,9.53,118.21,24.94,2.84,0,358.44,31.18
V005,Eastern Titan,SMPK,24.5719,86.4325,9.27,305.83,2.99,0.45,7,294.57,22.34
V006,Himalaya Dawn,HALDIA,19.0972,90.9138,9.4,136.38,7.31,1.83,7,439.5,38.42
V006,Himalaya Dawn,HALDIA,27.7114,91.4019,11.41,153.35,33.44,3.53,12,717.94,78.05
V006,Himalaya Dawn,VIZAG,20.4813,79.6128,9.89,15.38,24.0,1.63,3,494.76,41.34
V003,Odisha Queen,SMPK,16.539,87.3156,14.34,299.95,16.7,3.44,7,676.29,46.61
V003,Odisha Queen,VIZAG,15.7977,80.2246,12.18,307.0,10.86,3.7,8,387.44,31.52
V002,Bharat Star,SMPK,21.3263,85.4633,13.95,162.59,11.95,3.47,7,322.67,22.18
V003,Odisha Queen,PARADIP,18.002,89.0745,14.23,19.98,27.26,1.32,12,364.54,26.45
V001,Ganga Glory,PARADIP,21.8595,90.7603,10.91,220.44,29.57,0.64,11,462.37,41.43
V003,Odisha Queen,HALDIA,21.7955,83.1824,13.41,185.03,6.81,0.89,2,503.75,24.9
V005,Eastern Titan,HALDIA,23.3514,83.4973,10.48,224.28,30.1,3.15,9,491.27,52.02
V007,Ocean Sapphire,HALDIA,24.3977,89.9707,14.48,7.9,28.61,3.9,4,329.57,23.09
V004,Steel Infinity,VIZAG,15.5155,78.178,14.66,272.81,25.11,1.78,6,594.96,37.0
V004,Steel Infinity,SMPK,19.4721,88.1814,8.32,208.78,19.62,4.39,1,342.47,37.48
V003,Odisha Queen,HALDIA,25.2124,92.3501,9.23,311.76,23.45,0.91,2,563.71,46.37
V006,Himalaya Dawn,PARADIP,17.7143,84.1436,9.92,237.82,11.91,4.33,3,389.5,35.92
V007,Ocean Sapphire,PARADIP,21.5117,91.4438,13.59,267.58,19.04,1.21,12,518.23,36.76
V007,Ocean Sapphire,HALDIA,27.3079,90.0158,9.65,138.61,13.92,4.23,3,621.34,59.25
V006,Himalaya Dawn,SMPK,20.3511,87.2093,9.06,303.38,15.51,1.91,4,269.3,24.22
V007,Ocean Sapphire,SMPK,24.6805,90.9623,9.25,165.79,16.66,1.32,2,360.11,28.96
V005,Eastern Titan,VIZAG,23.1019,79.7172,10.46,137.04,17.08,2.57,11,707.01,69.37
V003,Odisha Queen,HALDIA,20.6821,82.3476,14.97,271.45,6.21,1.75,3,609.72,29.68
V004,Steel Infinity,HALDIA,18.2753,85.543,9.38,246.07,9.87,1.07,12,491.38,46.43
V004,Steel Infinity,HALDIA,17.982,90.2418,8.4,147.26,9.0,2.38,5,502.55,49.4
V002,Bharat Star,PARADIP,16.8958,87.5908,14.96,234.15,29.53,1.51,2,394.25,21.84
V007,Ocean Sapphire,VIZAG,13.926,89.0556,9.53,2.77,29.45,2.86,7,746.2,80.93
V004,Steel Infinity,PARADIP,21.68,88.3292,14.94,274.5,23.86,2.72,11,233.13,16.95
V006,Himalaya Dawn,SMPK,21.8576,90.99,12.59,234.04,6.5,1.21,10,287.43,19.02
V005,Eastern Titan,SMPK,16.9433,90.4285,13.55,226.87,12.49,0.94,6,662.0,37.98
V004,Steel Infinity,HALDIA,20.5756,89.8813,14.02,278.57,20.35,4.0,11,247.07,20.32
V001,Ganga Glory,HALDIA,18.3061,83.5526,11.88,235.5,21.16,0.5,0,625.2,35.9
V004,Steel Infinity,PARADIP,15.2279,86.4435,10.51,271.0,20.59,2.46,12,566.52,57.54
V003,Odisha Queen,HALDIA,19.6625,88.2396,12.4,149.37,12.17,3.8,12,261.69,23.3
V003,Odisha Queen,SMPK,26.1359,84.2151,8.27,268.55,26.02,4.42,0,574.58,63.91
V001,Ganga Glory,HALDIA,25.8222,88.4212,11.36,115.05,3.84,2.84,8,425.48,33.2
V007,Ocean Sapphire,VIZAG,15.7295,86.9255,11.92,56.16,22.83,0.52,5,445.23,29.72
V004,Steel Infinity,HALDIA,17.9243,85.225,13.46,326.11,16.42,0.47,2,542.34,27.97
V004,Steel Infinity,HALDIA,26.9889,87.3885,13.66,154.48,31.29,3.46,10,557.78,47.6
V004,Steel Infinity,VIZAG,18.1549,76.3621,14.19,76.52,23.9,0.98,11,733.68,49.71
V002,Bharat Star,PARADIP,22.2483,79.8946,10.66,309.58,12.94,1.9,8,728.97,60.45
V002,Bharat Star,HALDIA,19.2824,81.5487,12.43,275.02,28.46,2.84,1,742.19,52.15
V006,Himalaya Dawn,VIZAG,21.694,80.5997,11.35,344.51,20.47,1.08,1,526.23,33.9
V001,Ganga Glory,PARADIP,19.4854,84.0963,10.2,195.76,33.48,0.68,12,279.7,28.27
V003,Odisha Queen,HALDIA,23.3013,91.8636,9.66,154.53,30.87,0.59,6,415.86,37.55
V004,Steel Infinity,PARADIP,23.6517,84.0827,8.92,318.07,7.49,0.96,2,453.49,34.12
V001,Ganga Glory,VIZAG,17.8225,85.9544,11.34,276.31,9.0,2.88,6,283.6,21.98
V004,Steel Infinity,SMPK,26.3879,90.6434,9.99,172.4,18.36,0.22,10,488.19,41.4
V006,Himalaya Dawn,HALDIA,20.1639,85.4153,10.02,90.83,10.69,1.75,1,342.66,24.41
V005,Eastern Titan,SMPK,19.8593,81.9621,13.75,238.59,18.45,4.2,8,721.82,56.45
V007,Ocean Sapphire,SMPK,22.0263,91.4001,12.08,84.94,30.38,4.25,2,324.23,26.59
V007,Ocean Sapphire,SMPK,22.0998,94.3122,12.48,196.92,18.21,0.54,2,620.4,35.2
V001,Ganga Glory,VIZAG,19.7828,86.613,10.56,121.02,26.06,3.24,2,421.09,36.2
V002,Bharat Star,HALDIA,21.8251,85.6018,13.29,84.72,30.86,3.1,1,254.41,17.25
V001,Ganga Glory,PARADIP,21.9213,88.5473,14.08,243.41,12.38,4.48,11,267.7,21.48
V002,Bharat Star,VIZAG,15.6729,77.4024,12.29,223.34,23.01,2.51,12,664.96,58.9
V004,Steel Infinity,SMPK,25.1801,85.4613,11.53,232.06,26.39,2.8,11,410.88,39.55
V003,Odisha Queen,PARADIP,17.6811,87.5077,14.11,128.3,29.24,3.85,1,307.92,20.38
V005,Eastern Titan,HALDIA,17.4063,83.4864,8.91,71.71,27.29,0.82,3,700.77,62.77
V001,Ganga Glory,HALDIA,17.1894,82.8298,13.48,318.08,4.97,1.63,12,766.31,50.68
V007,Ocean Sapphire,PARADIP,16.2205,89.6676,13.76,115.49,6.36,1.93,11,557.93,36.63
V005,Eastern Titan,PARADIP,22.8699,82.611,12.93,225.06,13.52,3.08,8,502.14,37.57
V004,Steel Infinity,SMPK,26.3606,87.4813,9.98,106.52,8.58,3.82,6,431.74,40.49
V003,Odisha Queen,PARADIP,20.324,84.7822,11.67,300.03,21.42,3.32,2,191.63,14.55
V005,Eastern Titan,VIZAG,14.1418,85.318,13.7,254.38,15.87,3.05,7,450.71,31.5
V006,Himalaya Dawn,SMPK,24.7686,88.7687,11.43,179.1,16.69,1.22,5,251.27,17.62
V004,Steel Infinity,SMPK,23.3528,95.188,10.48,78.03,28.66,1.59,6,710.83,62.53
V004,Steel Infinity,VIZAG,15.1134,84.8634,11.1,286.2,21.11,0.43,0,332.58,20.31
V005,Eastern Titan,SMPK,25.6564,92.9337,9.65,113.26,3.22,2.57,6,583.45,49.71
V003,Odisha Queen,PARADIP,17.3596,87.5003,14.1,263.45,2.3,2.32,6,341.97,19.41
V004,Steel Infinity,VIZAG,20.2669,85.5778,11.84,128.5,12.18,3.7,10,374.79,33.18
V004,Steel Infinity,VIZAG,19.1462,86.503,14.57,231.18,33.97,3.11,4,376.59,25.83
V001,Ganga Glory,SMPK,24.5682,91.2032,14.35,292.62,33.45,0.34,10,371.36,24.88
V003,Odisha Queen,HALDIA,21.8915,93.2739,13.79,300.73,13.75,1.21,8,537.87,32.89
V002,Bharat Star,VIZAG,17.9487,76.394,8.32,285.15,17.18,4.49,12,729.48,104.47
V005,Eastern Titan,PARADIP,15.2476,89.0675,12.24,313.72,23.31,0.93,3,620.66,39.63
V004,Steel Infinity,PARADIP,19.5753,89.0093,10.62,3.56,9.67,2.69,12,263.1,24.87
V007,Ocean Sapphire,SMPK,22.408,91.7201,9.37,321.41,13.6,4.47,7,351.75,38.88
V005,Eastern Titan,SMPK,22.5969,90.7974,11.98,97.13,2.27,3.77,12,256.47,22.03
V002,Bharat Star,HALDIA,25.8272,91.2386,14.64,246.49,2.97,4.02,11,533.36,37.51
V001,Ganga Glory,VIZAG,20.1078,80.3683,11.32,70.89,7.98,1.02,1,407.53,23.69
V002,Bharat Star,PARADIP,23.1315,84.7599,9.91,70.1,3.7,1.04,6,366.94,26.95
V006,Himalaya Dawn,HALDIA,23.1282,82.6196,14.19,134.32,17.33,4.38,11,572.25,46.72
V007,Ocean Sapphire,SMPK,21.132,90.4413,11.23,259.67,19.73,2.36,9,271.49,23.79
V003,Odisha Queen,HALDIA,23.3822,89.4657,11.7,136.25,14.62,1.02,12,209.94,16.46
V004,Steel Infinity,HALDIA,22.0183,92.0921,14.67,317.53,32.56,4.47,6,415.65,32.03
V004,Steel Infinity,HALDIA,21.6295,86.2523,9.3,203.95,7.82,4.43,6,191.34,19.96
V002,Bharat Star,PARADIP,24.1136,87.1167,14.31,201.69,5.13,3.07,11,424.92,28.99
V002,Bharat Star,VIZAG,13.9297,83.5046,12.29,350.72,4.81,4.21,11,418.82,35.99
V002,Bharat Star,HALDIA,23.1949,83.4208,12.01,258.59,7.39,1.6,11,494.1,36.5
V006,Himalaya Dawn,HALDIA,19.4483,86.5498,12.95,93.39,27.71,3.18,2,325.26,22.96
V001,Ganga Glory,SMPK,27.4304,90.0676,12.86,10.01,32.51,3.99,7,571.15,50.08
V003,Odisha Queen,VIZAG,13.3839,83.1894,8.01,190.5,19.17,3.3,8,478.91,60.98
V006,Himalaya Dawn,SMPK,26.7568,83.31,13.87,325.09,23.97,4.47,7,687.68,54.71
V004,Steel Infinity,PARADIP,18.3321,86.1517,10.36,133.37,17.26,3.02,1,226.44,17.95
V003,Odisha Queen,PARADIP,22.5046,85.7547,10.24,301.19,19.9,2.93,0,258.91,20.39
V006,Himalaya Dawn,VIZAG,17.222,78.9781,13.54,12.87,11.07,0.92,6,459.27,26.01
V001,Ganga Glory,SMPK,25.3975,88.9961,9.6,110.5,6.3,0.38,0,324.42,20.11
V001,Ganga Glory,SMPK,22.1983,83.9895,9.69,11.5,15.43,0.26,5,444.93,33.68
V004,Steel Infinity,PARADIP,26.1097,89.7126,12.07,132.06,11.89,1.48,6,717.08,48.01
V006,Himalaya Dawn,SMPK,24.6623,86.1861,8.84,305.28,31.53,2.93,12,318.67,42.61
V003,Odisha Queen,SMPK,21.6181,91.8204,11.35,356.99,15.43,4.03,11,377.23,37.2
V001,Ganga Glory,HALDIA,21.2197,89.9106,14.18,287.09,11.59,3.07,0,210.52,11.41
V005,Eastern Titan,PARADIP,20.6577,83.8467,10.77,311.2,12.57,4.12,6,291.3,26.53
V005,Eastern Titan,SMPK,28.155,92.1605,14.93,356.37,19.55,3.45,1,733.97,42.16
V001,Ganga Glory,VIZAG,16.4259,88.5779,8.74,174.81,7.43,0.9,9,580.43,53.07
V007,Ocean Sapphire,SMPK,23.3709,92.2332,12.4,298.29,23.9,1.45,3,412.9,27.15
V001,Ganga Glory,VIZAG,22.7157,80.7376,12.49,35.0,25.29,0.74,11,618.56,47.25
V005,Eastern Titan,PARADIP,16.7492,80.8297,8.45,194.41,24.12,3.36,2,728.09,77.85
V004,Steel Infinity,HALDIA,27.412,90.4221,12.56,113.79,27.21,2.15,3,646.28,45.1
V001,Ganga Glory,VIZAG,13.7756,79.53,8.2,236.3,8.72,3.76,12,591.99,77.64
V007,Ocean Sapphire,HALDIA,21.9328,83.3603,13.69,185.96,6.89,1.74,4,484.68,26.64
V003,Odisha Queen,PARADIP,17.7249,87.3733,14.42,225.24,13.09,2.82,10,299.22,20.6
V002,Bharat Star,HALDIA,25.1106,82.6004,11.4,149.38,17.07,2.01,7,654.5,51.5
V007,Ocean Sapphire,PARADIP,21.625,84.6621,12.91,78.63,34.97,2.64,6,249.76,19.91
V005,Eastern Titan,HALDIA,22.001,83.7713,14.23,92.01,33.94,4.06,4,442.12,32.84
V006,Himalaya Dawn,SMPK,25.3191,92.6612,14.67,234.58,32.56,2.55,10,539.62,40.86
V007,Ocean Sapphire,PARADIP,16.6267,91.8775,12.06,47.73,27.11,1.25,6,689.89,50.94
V004,Steel Infinity,SMPK,26.6346,84.061,11.02,189.7,7.38,1.5,2,624.38,39.74
V005,Eastern Titan,HALDIA,26.5491,89.0241,13.54,49.3,17.89,1.32,4,514.08,30.12
V004,Steel Infinity,PARADIP,19.1053,83.5512,12.58,97.42,7.64,1.95,6,348.47,22.47
V004,Steel Infinity,SMPK,24.1848,82.8244,14.51,351.17,4.73,3.12,0,587.68,29.76
V005,Eastern Titan,SMPK,20.3036,93.6384,14.05,8.73,6.9,1.66,5,606.34,33.14
V007,Ocean Sapphire,HALDIA,20.4622,93.3281,12.45,339.8,12.72,2.09,2,572.45,35.21
V001,Ganga Glory,PARADIP,16.0893,89.0808,11.84,166.41,29.51,3.24,1,537.43,40.92
V005,Eastern Titan,HALDIA,24.6331,86.9157,9.75,136.69,33.03,4.12,2,314.21,32.18
V003,Odisha Queen,PARADIP,25.4921,82.9854,14.09,260.16,8.99,2.69,4,684.98,39.99
V002,Bharat Star,HALDIA,19.041,91.9932,9.34,209.05,24.86,1.57,2,526.01,45.34
V001,Ganga Glory,SMPK,25.061,84.6647,13.36,184.13,32.44,3.79,11,463.35,42.46
V003,Odisha Queen,VIZAG,20.5057,82.9351,10.24,188.21,4.56,3.95,3,315.18,26.12
V005,Eastern Titan,PARADIP,21.8473,91.861,10.66,35.43,18.38,2.06,7,569.62,48.55
V007,Ocean Sapphire,VIZAG,20.2825,85.0071,12.13,298.7,13.22,2.62,10,340.69,27.51
V004,Steel Infinity,VIZAG,21.3514,80.9404,14.4,58.2,23.92,1.91,1,475.23,26.29
V001,Ganga Glory,SMPK,26.9526,88.8964,11.56,84.72,23.61,1.14,8,493.23,38.61
V006,Himalaya Dawn,VIZAG,19.2609,79.9374,14.43,155.08,13.03,1.05,2,393.41,19.29
V007,Ocean Sapphire,SMPK,27.9009,91.9613,9.81,192.47,16.62,0.72,0,699.63,47.74
V001,Ganga Glory,SMPK,20.3733,89.1862,10.54,48.34,30.85,3.75,8,258.83,27.7
V003,Odisha Queen,VIZAG,19.774,84.1434,9.83,290.25,29.36,1.33,10,248.93,25.39
V005,Eastern Titan,VIZAG,18.4535,85.9336,11.4,1.41,4.43,2.49,6,293.07,21.21
V004,Steel Infinity,PARADIP,23.835,81.6703,14.34,77.94,15.32,0.77,3,642.45,32.47
V002,Bharat Star,SMPK,24.7479,84.1383,9.49,357.77,20.42,4.17,10,489.26,58.72
V003,Odisha Queen,SMPK,17.5474,83.8417,10.36,96.01,33.62,2.43,12,725.32,81.27
V004,Steel Infinity,SMPK,20.4109,83.5039,12.6,70.18,30.73,2.8,2,550.26,39.71
V004,Steel Infinity,SMPK,25.1909,85.3175,10.15,359.91,5.0,1.35,11,422.11,35.43
V007,Ocean Sapphire,HALDIA,22.596,90.0733,9.94,223.58,25.11,2.88,3,217.13,19.81
V007,Ocean Sapphire,SMPK,19.0045,86.9294,8.58,113.68,25.63,1.33,11,419.19,48.81
V003,Odisha Queen,VIZAG,19.5891,85.3039,13.61,335.8,22.21,2.47,8,300.1,21.71
V002,Bharat Star,PARADIP,23.0216,86.8535,14.03,11.19,26.1,4.12,2,301.37,20.59
V005,Eastern Titan,HALDIA,25.2616,92.2932,8.57,249.88,3.82,2.31,8,562.66,55.83
V004,Steel Infinity,VIZAG,18.0176,87.786,11.03,280.12,33.63,4.19,12,478.29,55.95
V004,Steel Infinity,SMPK,17.2592,89.1308,9.95,96.54,4.08,4.42,12,594.68,65.16
V002,Bharat Star,PARADIP,17.5025,88.664,14.18,223.7,34.81,1.92,3,379.96,24.32
V007,Ocean Sapphire,SMPK,21.3354,81.7405,11.14,263.15,23.41,2.25,7,689.83,59.1
V005,Eastern Titan,VIZAG,19.0057,89.8642,11.42,161.9,2.91,0.34,4,710.09,40.02
V006,Himalaya Dawn,SMPK,25.3916,86.0569,14.8,7.03,22.3,0.41,12,389.56,24.45
V001,Ganga Glory,SMPK,23.5411,90.9092,14.36,154.2,5.83,0.4,11,288.82,15.89
V005,Eastern Titan,HALDIA,18.0734,82.6201,12.73,243.24,7.7,3.6,12,717.16,59.5
V004,Steel Infinity,VIZAG,24.6311,82.4547,11.42,206.48,30.47,4.15,5,776.53,72.7
V001,Ganga Glory,VIZAG,18.68,80.8996,13.63,209.07,4.02,3.34,1,274.5,15.41
V004,Steel Infinity,SMPK,24.9307,86.6894,10.64,54.47,26.48,4.48,1,311.36,27.91
V003,Odisha Queen,PARADIP,19.3716,88.7703,12.08,183.63,7.55,2.86,10,248.4,19.68
V005,Eastern Titan,VIZAG,18.1654,87.2968,14.16,230.93,8.97,3.23,9,428.22,29.32
V004,Steel Infinity,VIZAG,19.4715,88.6095,13.74,75.24,14.29,3.37,12,595.58,47.17
V002,Bharat Star,PARADIP,21.2908,92.9107,11.39,211.79,22.71,1.21,3,662.68,46.22
V004,Steel Infinity,SMPK,22.01,82.1689,8.92,293.49,4.83,2.82,4,633.66,57.22
V007,Ocean Sapphire,VIZAG,24.5379,84.4492,14.29,237.76,23.42,2.84,5,771.03,50.94
V004,Steel Infinity,PARADIP,25.8114,82.679,11.27,358.06,9.19,2.78,7,731.58,58.17
V007,Ocean Sapphire,SMPK,16.0071,86.583,8.47,76.29,31.41,2.53,10,749.49,97.43
V007,Ocean Sapphire,VIZAG,16.6138,89.431,12.65,65.63,2.33,3.45,5,664.37,44.68
V001,Ganga Glory,HALDIA,23.6083,92.8606,11.82,91.67,9.54,1.85,11,523.13,40.74
V007,Ocean Sapphire,PARADIP,20.6812,88.6383,9.62,123.05,24.09,1.59,5,214.01,19.35
V004,Steel Infinity,PARADIP,25.3919,83.7066,11.48,92.49,12.41,2.11,1,638.03,41.31
V003,Odisha Queen,HALDIA,25.1474,93.2742,11.67,132.78,22.15,4.07,2,635.56,50.81
V007,Ocean Sapphire,PARADIP,26.6491,88.3436,8.21,324.14,24.88,3.24,0,725.35,75.13
V006,Himalaya Dawn,HALDIA,28.0233,86.2988,8.48,126.08,33.84,2.77,7,691.76,86.2
V005,Eastern Titan,PARADIP,26.5365,83.948,14.14,56.5,20.71,3.33,7,742.99,52.92
V007,Ocean Sapphire,PARADIP,19.3739,82.498,10.56,30.23,14.56,1.74,11,443.75,39.87
V005,Eastern Titan,VIZAG,16.3691,84.8638,14.26,96.28,6.87,0.9,5,223.44,11.28
V003,Odisha Queen,PARADIP,19.2563,89.002,14.96,206.96,30.3,1.12,10,275.87,18.33
V006,Himalaya Dawn,SMPK,28.7513,91.5188,12.98,40.09,6.62,0.88,0,761.19,36.58
V003,Odisha Queen,HALDIA,17.5701,89.6138,9.53,179.51,17.75,2.46,12,519.75,57.06
V004,Steel Infinity,VIZAG,16.3951,81.6161,8.09,260.45,23.04,1.77,11,228.08,28.53
V004,Steel Infinity,HALDIA,19.7159,90.5938,13.02,180.94,9.39,0.59,8,366.57,21.76
V001,Ganga Glory,HALDIA,26.0691,90.8626,9.26,327.34,25.16,2.53,5,533.54,53.9
V004,Steel Infinity,PARADIP,22.7968,83.3426,13.55,171.44,19.99,3.39,12,436.68,36.47
V007,Ocean Sapphire,SMPK,22.8973,91.9923,8.9,299.71,32.18,2.55,9,380.64,46.28
V001,Ganga Glory,PARADIP,14.29,89.022,8.71,75.41,28.89,4.11,12,717.3,102.94
V001,Ganga Glory,SMPK,22.887,84.784,10.54,28.38,12.42,3.63,12,362.56,37.59
V005,Eastern Titan,PARADIP,21.5972,84.4793,9.43,8.26,9.95,2.02,6,263.78,23.22
V002,Bharat Star,VIZAG,19.6633,81.9762,8.68,323.83,22.29,1.47,0,258.86,22.09
V007,Ocean Sapphire,HALDIA,25.5877,92.9305,11.54,28.67,33.56,4.46,11,635.34,70.5
V005,Eastern Titan,HALDIA,17.1255,86.8031,13.61,228.64,14.44,3.23,5,558.85,37.45
V002,Bharat Star,VIZAG,18.6821,79.9097,11.19,166.83,33.04,2.24,5,372.73,32.19
V006,Himalaya Dawn,SMPK,20.183,94.111,10.6,34.89,10.77,1.41,8,656.7,51.85
V007,Ocean Sapphire,PARADIP,17.3804,84.2336,8.88,30.51,28.4,2.84,8,412.17,48.78
V002,Bharat Star,SMPK,25.1757,89.9957,10.93,352.74,3.98,1.11,0,339.07,19.3
V007,Ocean Sapphire,SMPK,19.2232,88.9022,10.66,87.92,12.52,3.72,12,375.18,38.73
V006,Himalaya Dawn,SMPK,19.1479,88.9353,11.93,291.03,31.26,2.6,10,384.01,35.57
V003,Odisha Queen,HALDIA,15.8374,88.8016,11.3,78.89,6.47,3.78,3,690.78,51.98
V006,Himalaya Dawn,PARADIP,15.2207,85.7598,12.92,155.15,34.66,2.24,4,574.28,42.27
V006,Himalaya Dawn,SMPK,24.571,89.123,11.11,176.76,7.68,2.79,6,239.87,18.67
V002,Bharat Star,HALDIA,20.2568,91.8095,9.24,221.05,30.85,0.9,1,434.98,36.65
V005,Eastern Titan,VIZAG,19.3662,81.1414,10.23,140.18,31.37,1.12,10,292.53,28.64
V003,Odisha Queen,VIZAG,21.3474,85.462,8.12,46.89,17.45,1.68,11,466.55,55.47
V005,Eastern Titan,SMPK,24.7172,92.1471,11.71,34.47,32.81,1.98,8,460.02,40.18
V005,Eastern Titan,SMPK,22.3172,92.6367,13.64,221.44,25.11,4.49,4,446.46,33.7
V007,Ocean Sapphire,VIZAG,22.603,85.1875,9.19,78.79,34.93,2.11,11,581.43,70.96
V007,Ocean Sapphire,SMPK,15.4885,90.1424,12.78,344.2,32.29,2.59,2,808.7,57.37
V006,Himalaya Dawn,SMPK,24.0654,90.941,14.3,138.21,7.88,4.15,12,318.0,24.42
V006,Himalaya Dawn,PARADIP,19.4456,84.1277,9.79,131.52,22.72,3.8,9,278.15,31.36
V003,Odisha Queen,HALDIA,20.0325,81.0987,9.19,294.59,22.9,3.17,9,755.16,87.23
V006,Himalaya Dawn,PARADIP,15.7005,85.8031,12.12,91.59,11.04,4.0,4,520.87,39.29
V007,Ocean Sapphire,HALDIA,20.0661,85.9767,12.16,239.63,7.3,0.92,1,305.71,16.31
V004,Steel Infinity,VIZAG,19.6893,88.7699,8.22,166.43,26.53,2.81,12,619.47,85.67
V002,Bharat Star,PARADIP,24.7829,82.4694,8.33,354.83,20.22,2.89,0,654.06,63.27
V002,Bharat Star,VIZAG,10.7655,82.4444,11.33,329.76,10.16,1.02,11,775.21,59.19
V007,Ocean Sapphire,VIZAG,14.2093,82.9335,14.52,162.58,6.97,0.2,5,388.81,18.14
V004,Steel Infinity,PARADIP,22.8279,92.178,8.9,134.98,22.78,3.7,3,638.72,67.58
V003,Odisha Queen,SMPK,24.9069,81.6137,8.67,271.09,25.18,4.31,2,729.21,81.08
V007,Ocean Sapphire,HALDIA,22.2064,90.2484,10.86,348.05,28.79,1.34,9,226.5,20.36
V005,Eastern Titan,HALDIA,19.9702,91.5625,10.76,145.66,4.63,4.35,7,428.53,38.57
V005,Eastern Titan,SMPK,27.9698,85.0295,9.34,160.47,7.7,1.13,9,686.45,60.05
V002,Bharat Star,HALDIA,22.6214,94.8727,14.54,295.32,31.57,3.25,6,704.03,50.68
V005,Eastern Titan,SMPK,24.6302,94.2745,10.61,80.19,5.4,3.14,2,651.18,48.1
V005,Eastern Titan,SMPK,22.1201,91.408,10.0,313.88,19.36,1.12,4,323.22,25.55
V002,Bharat Star,HALDIA,24.5947,88.8163,9.64,283.7,21.96,1.39,8,297.6,28.11
V003,Odisha Queen,VIZAG,15.1444,89.6849,11.41,216.15,18.09,0.32,1,739.39,43.75
V003,Odisha Queen,SMPK,23.8611,84.5634,9.93,232.97,5.42,0.59,1,408.74,25.51
V005,Eastern Titan,VIZAG,12.3404,80.1114,8.45,79.56,4.85,0.33,11,685.23,63.05
V002,Bharat Star,SMPK,21.0834,86.9956,8.82,9.19,28.69,4.15,9,211.48,28.01
V006,Himalaya Dawn,HALDIA,26.5633,87.3821,10.18,1.55,4.93,2.64,3,510.94,38.84
V005,Eastern Titan,HALDIA,22.3135,90.9447,12.5,259.38,28.49,2.04,12,298.97,26.17
V002,Bharat Star,HALDIA,19.9864,94.494,8.48,124.77,21.09,4.13,11,704.71,97.02
V006,Himalaya Dawn,VIZAG,12.4573,79.6923,8.7,305.92,12.37,3.02,12,697.71,84.03
V007,Ocean Sapphire,HALDIA,18.4717,94.0065,13.27,24.78,30.94,3.56,5,734.48,57.31
V001,Ganga Glory,SMPK,20.0373,87.8286,12.57,263.94,12.05,0.31,2,283.63,14.89
V006,Himalaya Dawn,PARADIP,22.3609,87.8051,10.89,145.53,3.53,1.3,10,258.01,19.41
V002,Bharat Star,HALDIA,24.0274,84.8509,12.59,318.76,7.25,0.87,1,397.69,20.39
V005,Eastern Titan,SMPK,24.9031,81.9865,13.17,125.86,27.71,3.6,12,693.8,63.41
V004,Steel Infinity,PARADIP,18.1578,87.8476,10.04,107.36,19.26,2.23,7,272.79,25.15
V007,Ocean Sapphire,VIZAG,17.8707,88.0178,12.63,185.86,9.55,3.24,4,502.05,34.16
V005,Eastern Titan,SMPK,22.942,91.3247,12.77,88.89,32.79,2.01,9,313.21,25.74
V002,Bharat Star,PARADIP,27.5187,87.0546,10.43,86.25,19.0,2.0,10,801.67,75.08
V004,Steel Infinity,SMPK,21.5731,82.8182,9.78,4.91,5.82,4.3,12,575.23,64.36
V007,Ocean Sapphire,HALDIA,18.9413,84.8151,11.8,294.34,23.95,4.2,11,480.26,48.56
V003,Odisha Queen,HALDIA,27.3812,85.272,9.71,120.04,30.06,4.27,10,660.26,82.57
V005,Eastern Titan,SMPK,29.3601,88.0284,9.52,228.21,20.19,3.18,8,757.74,81.06
V005,Eastern Titan,HALDIA,21.0307,91.714,10.2,168.19,32.85,1.48,6,393.34,36.31
V003,Odisha Queen,PARADIP,16.3733,86.4901,12.38,309.08,20.65,3.02,11,439.06,38.47
V006,Himalaya Dawn,VIZAG,14.2587,82.4391,9.13,196.75,10.83,1.38,3,391.99,31.53
V007,Ocean Sapphire,PARADIP,23.1468,84.124,9.3,214.27,34.43,2.26,9,406.5,47.12
V004,Steel Infinity,SMPK,23.9322,86.1538,13.91,116.39,11.79,1.09,9,267.77,16.21
V007,Ocean Sapphire,VIZAG,16.4094,78.6841,9.34,95.44,33.34,2.61,3,508.88,51.18
V003,Odisha Queen,SMPK,24.8906,91.0515,9.48,155.88,8.34,2.1,9,382.33,35.81
V002,Bharat Star,PARADIP,15.4462,89.8043,12.29,116.48,4.09,0.35,5,638.09,34.73
V006,Himalaya Dawn,PARADIP,17.18,80.231,10.62,271.57,6.4,1.12,1,757.79,46.74
V007,Ocean Sapphire,SMPK,24.3645,91.8573,14.92,44.38,3.99,2.87,2,415.16,21.15
V007,Ocean Sapphire,HALDIA,20.5015,83.2814,11.58,84.77,3.33,1.3,1,522.81,29.25
V001,Ganga Glory,SMPK,17.2853,93.1419,10.75,191.91,11.23,2.83,6,773.73,64.07
V007,Ocean Sapphire,PARADIP,15.1282,84.2489,10.82,180.61,8.69,3.68,7,629.52,55.36
V001,Ganga Glory,HALDIA,23.1841,91.3065,13.83,319.55,23.39,1.59,5,357.93,22.41
V005,Eastern Titan,PARADIP,22.0682,82.9861,14.07,289.34,5.03,1.47,10,423.91,25.35
V006,Himalaya Dawn,VIZAG,23.5226,87.5909,8.68,39.83,30.02,3.17,8,788.47,98.46
V004,Steel Infinity,HALDIA,16.1943,87.4938,13.55,144.45,7.66,2.8,7,649.41,42.51
V004,Steel Infinity,VIZAG,13.255,86.78,11.36,153.83,19.8,1.85,3,619.5,44.42
V007,Ocean Sapphire,PARADIP,20.0273,83.2653,8.55,314.81,25.27,0.3,2,351.65,30.24
V001,Ganga Glory,HALDIA,25.2663,88.5557,9.23,274.82,22.36,2.9,0,365.59,32.41
V007,Ocean Sapphire,PARADIP,23.4547,88.1998,12.23,334.89,26.94,4.31,9,384.78,36.73
V006,Himalaya Dawn,VIZAG,14.7132,77.5946,13.19,247.6,34.23,3.94,5,691.37,56.56
V003,Odisha Queen,PARADIP,26.8369,84.7949,10.52,163.99,6.07,3.17,4,748.1,59.33
V006,Himalaya Dawn,HALDIA,18.7994,83.6616,12.39,54.89,11.69,2.35,11,580.93,45.58
V007,Ocean Sapphire,VIZAG,18.3258,79.6838,9.96,89.15,32.33,4.35,5,386.79,42.44
V003,Odisha Queen,SMPK,21.1487,82.982,14.19,246.46,4.19,2.76,11,570.5,38.09
V001,Ganga Glory,PARADIP,22.6506,90.1529,14.67,318.62,20.26,3.35,5,448.05,29.19
V005,Eastern Titan,PARADIP,18.7773,83.2427,11.49,321.7,23.69,2.5,7,393.26,33.28
V005,Eastern Titan,HALDIA,24.1082,89.1534,13.55,139.98,30.36,1.19,7,258.74,17.76
V001,Ganga Glory,HALDIA,21.583,83.0375,10.97,280.8,32.09,2.27,1,520.7,40.9
V004,Steel Infinity,SMPK,24.8727,91.8751,13.89,75.12,2.71,3.96,8,446.26,30.64
V002,Bharat Star,HALDIA,20.3172,86.9396,9.39,206.91,23.09,2.2,9,221.19,23.47
V003,Odisha Queen,HALDIA,15.8232,89.1455,14.41,74.22,15.91,1.43,6,697.34,40.2
V001,Ganga Glory,SMPK,25.2393,87.2276,12.68,19.34,19.65,2.17,8,318.28,23.78
V007,Ocean Sapphire,HALDIA,20.4558,90.3338,9.66,270.62,8.67,2.05,7,292.23,25.56
V005,Eastern Titan,SMPK,20.3972,88.7348,9.37,58.1,18.3,1.8,10,243.57,24.9
V005,Eastern Titan,PARADIP,20.8171,93.0514,9.78,75.99,34.21,3.02,6,671.78,72.03
V005,Eastern Titan,HALDIA,21.4703,92.2064,11.22,44.42,17.03,2.21,11,432.43,38.56
V001,Ganga Glory,SMPK,20.6665,92.7789,12.82,61.18,21.26,2.66,6,508.15,37.39
V005,Eastern Titan,HALDIA,18.2458,83.0668,12.38,77.36,23.74,2.6,7,668.43,52.89
V005,Eastern Titan,VIZAG,23.9206,84.4623,13.19,8.78,25.23,2.76,2,703.61,46.72
V003,Odisha Queen,VIZAG,21.0948,77.6225,8.46,10.98,25.42,4.2,5,703.76,86.59
V003,Odisha Queen,PARADIP,22.4598,88.0018,9.56,161.68,25.36,1.35,12,277.63,29.64
V007,Ocean Sapphire,SMPK,25.2647,87.3401,9.03,214.57,33.74,0.54,12,317.24,35.92
V002,Bharat Star,VIZAG,17.2386,86.0023,11.69,251.22,29.02,0.45,7,293.08,21.9
V005,Eastern Titan,HALDIA,18.5691,83.0043,14.14,116.68,13.03,3.97,2,651.36,40.31
V004,Steel Infinity,HALDIA,20.318,88.7596,11.21,140.02,4.91,3.18,12,201.64,18.08
V007,Ocean Sapphire,HALDIA,20.367,83.9062,11.46,6.18,13.12,1.64,4,467.78,32.0
V007,Ocean Sapphire,VIZAG,11.7199,85.4324,12.27,70.26,21.11,2.0,0,703.01,43.69
V006,Himalaya Dawn,HALDIA,26.4827,87.7358,14.58,141.29,22.78,0.37,6,498.43,27.58
V001,Ganga Glory,HALDIA,24.4292,81.904,14.66,354.96,7.5,2.0,11,684.06,42.77
V006,Himalaya Dawn,SMPK,18.9493,87.8089,8.93,103.09,8.85,2.57,12,403.62,44.71
V005,Eastern Titan,PARADIP,18.282,90.2283,11.93,53.7,6.08,0.98,10,441.27,30.11
V003,Odisha Queen,PARADIP,25.0365,90.588,12.05,145.61,25.84,0.59,6,663.8,46.29
V002,Bharat Star,VIZAG,16.9166,81.2479,8.59,259.29,25.08,1.19,0,232.24,20.03
V004,Steel Infinity,VIZAG,17.9487,85.8194,13.25,233.39,14.43,3.93,8,270.36,21.03
V007,Ocean Sapphire,PARADIP,22.0287,81.9962,10.26,328.68,24.48,0.76,12,515.66,48.79
V007,Ocean Sapphire,PARADIP,18.274,83.2915,9.24,297.67,17.95,2.83,3,416.84,38.86
V005,Eastern Titan,PARADIP,20.2585,80.531,11.59,280.76,7.63,1.52,3,635.06,39.65
V006,Himalaya Dawn,SMPK,21.2937,85.7697,9.69,106.79,8.78,0.43,7,296.03,22.6
V006,Himalaya Dawn,PARADIP,14.9779,88.3181,11.97,157.44,2.52,2.61,8,620.64,44.7
V005,Eastern Titan,SMPK,19.9458,87.4705,8.59,117.2,32.44,2.05,0,302.06,29.07
V004,Steel Infinity,VIZAG,18.5095,86.7654,14.8,52.82,6.37,4.03,7,379.48,24.6
V002,Bharat Star,PARADIP,22.253,91.8065,9.81,173.24,29.31,0.72,5,578.7,50.08
V001,Ganga Glory,PARADIP,18.7419,88.3545,11.62,151.3,4.68,3.65,7,252.65,20.08
V002,Bharat Star,VIZAG,22.9427,82.7236,11.01,107.46,9.46,4.09,12,586.94,58.93
V003,Odisha Queen,PARADIP,24.7055,85.6131,14.48,123.58,7.5,4.1,11,498.48,36.76
V003,Odisha Queen,VIZAG,20.7016,88.1006,11.19,75.01,11.77,3.22,11,606.88,56.14
V007,Ocean Sapphire,PARADIP,13.6353,88.5071,12.05,37.4,6.96,3.24,8,769.89,59.69
V005,Eastern Titan,VIZAG,14.6197,79.6103,9.9,101.07,29.21,1.29,3,519.73,43.97
V003,Odisha Queen,SMPK,18.4563,85.9213,13.85,330.1,29.34,3.17,10,518.22,42.34
V005,Eastern Titan,SMPK,24.9616,93.284,14.81,168.12,19.37,4.09,10,573.68,43.62
V003,Odisha Queen,HALDIA,23.1035,91.7287,11.32,170.8,15.29,2.12,2,395.85,27.35
V007,Ocean Sapphire,SMPK,26.6354,93.6739,9.63,357.83,29.94,2.59,9,708.06,78.65
V005,Eastern Titan,SMPK,26.4187,94.1366,11.47,11.57,14.03,3.81,2,730.51,55.52
V006,Himalaya Dawn,VIZAG,11.0175,81.9161,8.71,343.47,29.85,2.06,7,756.34,85.47
V003,Odisha Queen,SMPK,23.5814,90.1877,9.82,31.82,15.87,0.51,7,224.61,18.1
V002,Bharat Star,SMPK,26.6952,86.6451,8.99,311.0,5.56,4.22,11,490.32,57.93
V001,Ganga Glory,SMPK,25.2754,85.1316,8.46,349.83,8.14,2.34,6,442.19,43.85
V003,Odisha Queen,HALDIA,18.6626,83.3445,11.23,61.29,26.09,0.25,2,616.56,40.46
V002,Bharat Star,PARADIP,16.2844,88.8295,11.47,295.85,6.78,0.38,11,505.71,35.05
V001,Ganga Glory,PARADIP,14.4543,84.031,8.93,174.5,15.45,0.65,12,707.68,71.05
V002,Bharat Star,SMPK,18.7935,86.5281,10.48,318.7,21.79,3.59,5,456.55,42.71
V001,Ganga Glory,SMPK,17.2422,83.7596,12.01,138.9,15.53,2.02,6,757.28,54.58
V003,Odisha Queen,HALDIA,21.4505,91.5578,10.17,244.71,19.72,1.59,5,366.6,30.39
V005,Eastern Titan,PARADIP,23.8853,84.2072,10.01,190.77,22.83,2.67,0,467.89,37.79
V005,Eastern Titan,SMPK,24.5394,83.8286,13.18,13.8,29.06,0.81,7,506.6,34.48
V007,Ocean Sapphire,HALDIA,24.8921,88.1838,12.48,26.88,2.63,0.99,4,320.73,17.51
V003,Odisha Queen,VIZAG,17.9887,79.3811,11.17,77.89,21.77,0.51,0,414.02,25.43
V005,Eastern Titan,HALDIA,17.1188,91.1672,8.23,84.91,16.27,2.48,5,633.8,67.54
V004,Steel Infinity,HALDIA,15.6037,86.825,13.9,254.18,6.5,1.13,6,724.1,39.13
V004,Steel Infinity,PARADIP,14.1961,85.6211,11.26,248.97,13.21,3.56,8,689.15,61.02
V003,Odisha Queen,VIZAG,17.6965,90.0108,10.63,243.2,3.05,2.11,6,712.99,53.09
V006,Himalaya Dawn,VIZAG,24.4544,81.2866,12.94,195.01,10.99,3.58,1,780.04,49.26
V002,Bharat Star,PARADIP,17.0137,82.8003,11.18,128.16,25.59,2.15,5,544.99,44.58
V007,Ocean Sapphire,PARADIP,14.817,85.8532,14.29,287.29,20.76,1.89,6,617.27,38.48
V007,Ocean Sapphire,SMPK,20.651,88.186,11.89,206.65,12.36,3.95,5,211.49,16.79
V006,Himalaya Dawn,VIZAG,18.2124,76.7656,8.34,44.16,24.74,1.53,0,691.51,62.77
V004,Steel Infinity,PARADIP,17.085,86.8674,14.63,288.84,7.11,1.52,1,360.66,16.79
V005,Eastern Titan,SMPK,24.69,93.1596,14.17,163.19,24.74,2.65,8,549.25,39.3
V003,Odisha Queen,PARADIP,19.1312,93.662,14.14,260.27,21.75,1.89,7,748.77,48.71
V006,Himalaya Dawn,SMPK,19.6282,88.8407,12.0,203.12,31.39,2.57,1,329.69,24.04
V006,Himalaya Dawn,SMPK,18.015,88.1741,12.72,294.62,12.09,3.48,11,504.44,41.88
V005,Eastern Titan,SMPK,28.0278,87.7801,14.36,298.46,15.61,3.6,8,611.34,43.25
V005,Eastern Titan,VIZAG,13.8803,79.6833,12.26,318.15,4.44,2.48,0,572.27,32.61
V005,Eastern Titan,HALDIA,19.2672,83.0332,9.49,206.38,26.91,3.99,0,605.42,57.53
V005,Eastern Titan,HALDIA,25.3704,89.4925,10.69,40.56,14.75,3.03,12,401.11,40.02
V002,Bharat Star,HALDIA,20.6924,91.4983,13.58,229.05,23.0,1.07,3,385.03,22.34
V006,Himalaya Dawn,PARADIP,26.7193,86.4536,14.59,68.66,19.82,0.42,8,711.77,40.54
V006,Himalaya Dawn,HALDIA,20.9004,91.1482,10.8,23.25,20.12,0.7,3,342.57,23.76
V001,Ganga Glory,PARADIP,21.6948,92.5921,12.78,279.53,18.31,3.01,4,638.45,44.88
V007,Ocean Sapphire,VIZAG,19.6427,76.7093,8.76,251.39,30.0,3.75,11,725.37,99.69
V007,Ocean Sapphire,SMPK,27.4928,91.6635,9.88,357.23,2.98,0.21,4,645.61,41.59
V007,Ocean Sapphire,VIZAG,19.605,82.5265,9.91,169.84,10.79,4.21,5,227.25,21.79
V001,Ganga Glory,PARADIP,22.009,82.4822,9.99,180.83,2.83,2.48,4,468.34,36.22
V005,Eastern Titan,PARADIP,21.4959,83.5571,14.61,338.62,11.8,4.04,4,343.96,21.69
V003,Odisha Queen,HALDIA,19.5318,83.8764,12.26,193.47,20.71,3.2,0,514.85,34.65
V002,Bharat Star,PARADIP,24.4229,88.6407,9.06,273.76,12.96,4.14,10,501.28,60.02
V003,Odisha Queen,HALDIA,28.1902,85.5825,14.08,183.24,29.33,0.84,1,731.02,39.81
V006,Himalaya Dawn,PARADIP,23.1995,93.1624,11.22,224.45,29.21,0.4,2,747.54,50.84
V007,Ocean Sapphire,VIZAG,13.8456,78.5941,13.98,346.43,5.93,3.58,5,658.83,41.52
V007,Ocean Sapphire,PARADIP,18.3285,88.7504,9.43,294.74,18.66,1.48,3,314.64,26.24
V004,Steel Infinity,HALDIA,21.4794,89.8389,9.88,203.53,16.48,1.07,5,192.97,15.44
V001,Ganga Glory,SMPK,17.0953,91.6284,8.82,325.79,23.83,4.28,11,699.27,94.98
V003,Odisha Queen,PARADIP,17.6716,79.9686,11.4,338.39,4.19,4.49,1,758.69,55.23
V005,Eastern Titan,VIZAG,15.1901,83.0905,14.66,53.81,12.82,1.34,9,278.71,16.47
V003,Odisha Queen,HALDIA,22.1709,91.177,8.91,74.08,26.86,1.34,8,321.64,33.93
V003,Odisha Queen,HALDIA,19.5377,94.2107,12.23,248.59,24.72,1.95,6,695.95,52.36
V004,Steel Infinity,VIZAG,20.4914,89.3721,11.13,143.23,23.4,4.45,10,711.81,75.47
V002,Bharat Star,VIZAG,14.8155,79.8324,13.01,239.65,8.73,4.28,3,487.41,33.46
V004,Steel Infinity,PARADIP,22.0458,91.2597,9.22,353.3,23.93,2.02,8,517.88,54.25
V007,Ocean Sapphire,HALDIA,15.9369,88.4117,9.84,284.48,3.98,0.93,11,676.3,55.97
V005,Eastern Titan,HALDIA,21.8654,85.1016,12.3,43.51,27.5,3.53,7,305.56,26.45
V007,Ocean Sapphire,VIZAG,18.1764,86.5,8.48,255.1,28.09,1.19,9,344.92,39.08
V006,Himalaya Dawn,HALDIA,23.2031,89.5217,12.12,136.42,21.62,3.59,7,200.29,17.03
V007,Ocean Sapphire,PARADIP,22.6241,80.9936,10.37,66.34,2.46,4.19,0,636.01,47.87
V005,Eastern Titan,VIZAG,14.7078,80.2461,11.15,245.79,24.1,1.98,12,463.55,43.98
V002,Bharat Star,PARADIP,16.2091,86.1164,8.3,10.59,15.04,1.75,6,460.19,46.87
V004,Steel Infinity,PARADIP,16.1632,85.4359,8.92,204.69,9.33,2.33,6,478.82,45.4
V003,Odisha Queen,SMPK,18.6104,86.0656,8.89,47.21,9.98,3.29,5,495.95,49.56
V006,Himalaya Dawn,VIZAG,20.7323,79.9249,13.95,186.06,6.14,1.01,6,488.37,25.97
V005,Eastern Titan,VIZAG,14.243,78.5068,10.73,59.4,16.51,3.54,4,638.11,54.71
V007,Ocean Sapphire,HALDIA,18.3939,89.1044,13.37,84.13,28.64,0.76,7,416.6,27.76
V003,Odisha Queen,SMPK,20.0156,83.3807,14.88,332.94,26.17,2.23,2,582.34,33.29
V002,Bharat Star,VIZAG,20.3758,78.8531,9.1,289.18,32.44,3.83,11,552.87,74.59
V004,Steel Infinity,PARADIP,16.6864,86.542,8.24,297.24,10.05,3.04,9,404.13,47.29
V003,Odisha Queen,VIZAG,17.5249,79.8728,12.3,298.84,34.19,0.32,2,361.58,23.14
V002,Bharat Star,VIZAG,21.313,81.3923,13.89,331.25,14.02,2.18,10,448.8,30.83
V004,Steel Infinity,SMPK,20.9161,86.8283,11.77,15.76,5.24,3.83,9,236.89,19.83
V005,Eastern Titan,SMPK,21.9453,86.1948,8.96,6.69,20.0,2.67,9,226.85,25.5
V005,Eastern Titan,PARADIP,17.8109,85.1042,14.51,84.61,8.36,1.58,1,321.26,15.31
V004,Steel Infinity,SMPK,23.9853,83.1818,10.5,237.84,3.98,1.22,3,546.6,35.63
V005,Eastern Titan,SMPK,21.7319,90.9966,14.08,274.03,26.57,1.66,4,292.24,17.99
V002,Bharat Star,PARADIP,22.6747,84.6713,13.02,22.78,13.65,1.57,2,330.44,18.81
V005,Eastern Titan,SMPK,19.6975,92.3591,11.71,193.31,20.46,1.35,10,527.07,42.38
V004,Steel Infinity,HALDIA,18.9871,91.235,14.98,135.4,9.92,4.49,11,471.49,35.03
V004,Steel Infinity,SMPK,19.0744,89.589,14.31,253.34,34.64,3.48,6,409.03,30.89
V004,Steel Infinity,SMPK,29.1098,88.7413,9.9,121.89,7.04,1.42,2,730.76,51.29
V006,Himalaya Dawn,HALDIA,20.2772,87.5437,12.57,51.27,21.81,3.26,3,199.98,14.47
V003,Odisha Queen,VIZAG,17.4679,80.1831,12.22,221.81,22.85,2.33,3,329.2,23.19
V003,Odisha Queen,SMPK,25.2365,86.7846,11.33,343.95,17.64,3.83,4,336.11,28.0
V007,Ocean Sapphire,HALDIA,26.6038,87.6603,14.91,50.49,18.15,2.99,2,512.41,29.16
V001,Ganga Glory,PARADIP,13.8081,86.058,10.63,37.2,5.4,2.18,4,726.54,52.64
V007,Ocean Sapphire,VIZAG,15.6093,89.198,10.57,79.35,5.88,4.03,5,671.52,57.74
V004,Steel Infinity,PARADIP,23.4593,89.9268,10.21,185.52,19.08,2.4,6,488.07,43.63
V005,Eastern Titan,SMPK,22.4917,82.9752,8.67,96.8,28.03,2.2,12,546.95,69.56
V004,Steel Infinity,HALDIA,21.1349,90.6851,14.5,132.21,27.05,2.19,11,288.36,21.29
V003,Odisha Queen,VIZAG,18.1529,81.289,12.46,173.96,26.54,2.07,6,216.84,16.34
V003,Odisha Queen,HALDIA,27.7129,83.907,8.04,228.18,11.1,3.56,6,759.89,88.42
V001,Ganga Glory,VIZAG,19.2938,80.6554,13.49,97.74,18.69,1.59,4,329.24,19.89
V002,Bharat Star,SMPK,21.1427,85.3334,8.2,350.66,23.96,3.3,3,343.84,38.79
V003,Odisha Queen,SMPK,21.1712,81.7055,8.83,290.56,33.61,3.75,11,697.53,97.15
V001,Ganga Glory,SMPK,21.352,90.1631,14.45,349.39,4.17,3.38,7,233.8,14.6
V005,Eastern Titan,SMPK,20.5795,90.6268,8.11,121.3,19.68,1.0,1,325.42,28.97
V002,Bharat Star,HALDIA,19.3332,87.6357,10.41,47.94,11.09,1.77,9,300.9,25.56
V007,Ocean Sapphire,SMPK,18.4302,93.0639,14.23,166.2,17.76,3.09,5,675.21,43.83
V001,Ganga Glory,SMPK,27.599,89.7082,14.94,108.76,4.64,2.29,12,579.04,36.34
V006,Himalaya Dawn,PARADIP,24.8173,84.0467,11.23,41.36,11.3,0.26,9,565.54,39.37
V002,Bharat Star,PARADIP,22.4597,86.5993,11.23,38.3,8.27,3.33,1,237.93,16.7
V005,Eastern Titan,HALDIA,20.7843,83.871,9.09,292.33,3.23,0.51,3,454.58,31.91
V004,Steel Infinity,HALDIA,24.0963,84.5108,10.58,158.9,2.16,1.97,10,430.88,34.86
V002,Bharat Star,PARADIP,21.371,88.235,12.36,240.94,6.76,0.79,9,204.5,13.02
V005,Eastern Titan,VIZAG,14.0188,81.7424,8.09,249.25,33.5,0.74,12,440.09,56.33
V005,Eastern Titan,SMPK,17.1692,83.9249,13.4,142.24,2.88,2.76,8,753.07,49.14
V003,Odisha Queen,SMPK,17.5133,91.4225,13.89,239.26,28.54,0.83,12,648.05,46.93
V004,Steel Infinity,SMPK,17.8651,83.2542,13.39,57.96,2.16,4.3,8,740.52,53.8
V007,Ocean Sapphire,VIZAG,20.2705,78.593,11.03,249.01,28.77,2.24,8,570.22,52.38
V004,Steel Infinity,HALDIA,28.0076,88.2594,12.46,325.37,26.65,2.45,11,667.2,58.19
V007,Ocean Sapphire,HALDIA,26.8582,86.831,13.13,99.02,13.28,1.82,4,553.25,33.55
V004,Steel Infinity,PARADIP,22.7986,80.4459,12.28,209.95,20.88,2.96,7,695.34,55.73
V007,Ocean Sapphire,SMPK,26.1129,88.5027,10.44,203.01,10.55,4.05,3,396.7,33.81
V002,Bharat Star,HALDIA,22.2696,94.3251,13.51,350.26,23.32,2.5,11,645.88,50.96
V006,Himalaya Dawn,HALDIA,20.9246,91.3936,9.55,212.19,2.43,2.26,10,365.45,33.61
V007,Ocean Sapphire,HALDIA,18.7799,90.9166,11.76,288.33,25.92,3.42,0,466.49,34.32
V006,Himalaya Dawn,PARADIP,17.7046,89.8809,13.25,282.27,29.19,2.92,2,449.52,30.8
V004,Steel Infinity,HALDIA,28.7497,88.0395,10.75,297.06,33.32,3.99,2,749.43,69.2
V004,Steel Infinity,SMPK,27.8395,83.5045,9.23,110.74,13.84,2.57,3,760.56,67.75
V005,Eastern Titan,HALDIA,19.1496,86.6937,11.96,136.75,33.39,2.05,5,348.41,27.87
V004,Steel Infinity,PARADIP,22.4827,89.825,11.92,51.95,10.19,2.72,1,409.77,26.29
V002,Bharat Star,PARADIP,19.1311,90.9672,8.65,336.4,21.27,1.15,8,473.81,48.74
V005,Eastern Titan,VIZAG,19.5148,80.0142,9.39,211.57,10.8,3.47,0,399.51,33.45
V002,Bharat Star,VIZAG,17.6545,80.6366,8.64,167.97,14.32,0.86,9,280.09,27.36
V001,Ganga Glory,PARADIP,25.3008,85.8871,11.03,180.38,26.59,2.75,1,558.91,43.47
V005,Eastern Titan,HALDIA,19.2133,87.7894,14.86,210.4,26.08,1.95,5,312.25,19.01
V004,Steel Infinity,SMPK,23.3168,90.5426,13.5,168.08,32.43,3.96,0,244.97,16.87
V003,Odisha Queen,VIZAG,15.0111,82.0109,14.24,58.23,12.81,2.78,0,327.2,17.46
V003,Odisha Queen,PARADIP,21.4973,84.3499,12.73,3.45,11.98,4.15,3,269.69,19.16
V003,Odisha Queen,VIZAG,10.7727,85.1074,11.25,210.73,11.84,2.45,11,793.96,69.16
V003,Odisha Queen,HALDIA,21.4453,84.1946,11.2,200.95,30.41,3.98,8,404.17,41.17
V006,Himalaya Dawn,VIZAG,20.0938,84.7583,9.68,52.11,11.91,2.89,3,309.24,26.51
V001,Ganga Glory,PARADIP,17.1501,93.0961,13.85,277.3,28.78,2.43,8,767.52,56.85
V006,Himalaya Dawn,SMPK,18.4695,87.2224,12.95,113.28,26.76,0.5,5,467.39,29.57
V004,Steel Infinity,HALDIA,22.2216,85.3818,9.99,173.59,14.79,1.82,4,276.89,22.32
V006,Himalaya Dawn,SMPK,19.5411,91.7979,8.77,229.55,23.3,2.01,5,493.62,50.16
V002,Bharat Star,PARADIP,18.3223,92.7561,9.17,275.53,18.97,2.18,10,681.04,73.48
V003,Odisha Queen,HALDIA,26.6503,88.5597,12.48,174.78,2.8,2.81,6,518.45,34.69
V005,Eastern Titan,PARADIP,13.9324,88.8538,9.97,233.25,34.2,1.07,7,748.83,71.21
V004,Steel Infinity,HALDIA,19.5733,83.5884,9.5,262.53,34.74,4.3,2,537.99,57.67
V006,Himalaya Dawn,VIZAG,18.7894,85.7943,10.98,242.1,23.15,4.17,5,292.31,27.28
V007,Ocean Sapphire,SMPK,22.545,94.9444,10.98,66.07,26.84,1.03,0,682.29,46.08
V002,Bharat Star,HALDIA,22.4055,94.7533,11.74,188.21,22.09,2.77,11,690.4,63.32
V002,Bharat Star,SMPK,19.8553,92.1831,8.12,119.53,34.14,1.52,11,501.78,66.33
V006,Himalaya Dawn,VIZAG,12.8544,78.3881,10.54,33.09,19.18,3.16,0,751.17,58.08
V004,Steel Infinity,HALDIA,27.7559,89.743,13.27,212.41,29.39,3.59,11,661.05,59.21
V001,Ganga Glory,PARADIP,21.8516,87.9504,14.5,295.65,23.05,0.21,4,219.21,11.46
V005,Eastern Titan,SMPK,17.7302,92.7444,8.53,331.17,17.4,2.86,10,708.74,85.22
V004,Steel Infinity,VIZAG,16.5041,81.2967,9.72,124.12,32.47,3.88,5,248.63,27.23
V001,Ganga Glory,VIZAG,12.4567,81.186,10.22,279.56,13.44,3.18,1,623.8,49.37
V004,Steel Infinity,HALDIA,20.7308,83.8955,12.57,339.45,6.88,1.43,1,454.06,24.38
V001,Ganga Glory,HALDIA,18.5421,90.0003,13.3,77.6,29.56,1.39,11,435.48,33.77
V006,Himalaya Dawn,VIZAG,19.4204,85.2552,11.76,347.29,28.5,3.13,12,283.5,28.31
V005,Eastern Titan,HALDIA,26.212,91.7807,10.35,94.83,31.45,3.96,3,600.67,58.5
V003,Odisha Queen,VIZAG,19.5956,77.8349,14.78,283.43,8.62,3.04,12,611.52,42.27
V001,Ganga Glory,HALDIA,19.3719,91.7165,13.23,58.2,25.23,1.73,10,480.3,36.37
V002,Bharat Star,SMPK,24.1598,85.2722,9.95,280.25,26.94,1.02,12,357.16,36.2
V007,Ocean Sapphire,HALDIA,24.6612,84.7858,11.15,165.74,15.21,1.25,8,445.67,34.2
V002,Bharat Star,VIZAG,20.5006,84.1653,12.15,238.23,6.9,3.05,6,326.07,23.53
V003,Odisha Queen,HALDIA,22.1797,84.3573,10.91,17.95,14.73,2.58,3,381.94,28.98
V002,Bharat Star,PARADIP,25.3572,91.7682,10.98,157.88,16.53,4.36,8,769.26,75.21
V002,Bharat Star,VIZAG,20.7831,85.7479,13.11,95.01,32.09,1.39,6,430.59,30.57
V006,Himalaya Dawn,SMPK,21.2949,91.6178,9.53,131.7,13.0,0.9,4,369.59,28.65
V001,Ganga Glory,HALDIA,18.8167,92.9877,14.37,31.12,18.09,4.49,5,624.24,44.03
V004,Steel Infinity,PARADIP,24.6167,83.077,14.87,107.59,26.09,2.38,8,600.59,40.57
V005,Eastern Titan,HALDIA,25.8689,89.7829,12.54,289.76,25.4,1.98,10,463.42,37.7
V007,Ocean Sapphire,HALDIA,21.3218,90.4062,12.42,74.52,21.73,1.54,9,254.24,19.27
V001,Ganga Glory,PARADIP,17.555,93.0197,12.16,89.82,17.84,0.6,3,739.88,44.41
V006,Himalaya Dawn,PARADIP,14.0792,84.2992,9.42,74.6,29.17,3.58,10,736.37,90.64
V002,Bharat Star,HALDIA,25.7301,84.4952,10.96,98.01,7.17,3.59,7,549.94,46.94
V002,Bharat Star,SMPK,17.3499,84.9938,13.96,93.67,19.77,3.91,5,673.53,47.66
V006,Himalaya Dawn,HALDIA,18.6838,91.9725,13.39,233.25,34.44,2.22,11,550.55,46.29
V007,Ocean Sapphire,PARADIP,21.7025,89.2429,9.03,30.15,13.41,2.33,4,312.65,28.65
V006,Himalaya Dawn,HALDIA,18.5924,83.3397,10.39,45.04,2.75,0.5,8,621.8,43.23
V007,Ocean Sapphire,PARADIP,21.6169,83.9939,13.73,248.6,5.09,3.38,9,308.45,21.42
V002,Bharat Star,HALDIA,26.5636,88.77,13.48,102.34,8.41,2.67,3,511.43,30.21
V007,Ocean Sapphire,SMPK,22.2094,82.2682,14.78,232.05,20.36,2.66,6,621.3,39.41
V003,Odisha Queen,HALDIA,19.9669,91.3755,13.26,128.38,17.94,3.99,2,412.4,28.13
V007,Ocean Sapphire,HALDIA,25.7585,89.1738,8.13,214.49,21.21,3.36,8,431.91,55.11
V007,Ocean Sapphire,VIZAG,24.1625,83.0195,14.08,298.04,12.4,0.83,11,720.22,44.39
V007,Ocean Sapphire,HALDIA,19.3836,89.9819,11.26,125.79,29.25,2.97,3,353.89,29.42
V001,Ganga Glory,PARADIP,26.7726,87.0933,10.47,42.98,27.87,3.26,8,719.12,73.86
V003,Odisha Queen,HALDIA,22.0756,84.7062,10.65,340.65,8.6,3.1,3,345.73,26.69
V002,Bharat Star,SMPK,25.1191,88.4595,8.25,145.51,29.33,3.66,10,286.13,40.45
V003,Odisha Queen,HALDIA,23.7418,94.5586,13.61,151.28,31.73,4.33,4,692.97,53.96
V004,Steel Infinity,VIZAG,24.8818,84.2173,8.49,228.63,27.47,1.85,4,805.56,83.87
V006,Himalaya Dawn,HALDIA,20.7273,85.9614,11.76,329.83,10.17,0.75,5,259.93,16.17
V005,Eastern Titan,SMPK,16.3359,87.4861,9.02,339.13,19.7,3.4,6,696.22,75.65
V006,Himalaya Dawn,VIZAG,14.5622,82.7448,9.0,2.72,16.29,3.09,6,352.46,36.77
V006,Himalaya Dawn,PARADIP,22.3185,87.1986,12.82,212.97,27.56,3.65,11,230.17,21.18
V004,Steel Infinity,HALDIA,21.6884,86.0293,13.99,313.85,18.17,1.61,2,212.62,11.7
V001,Ganga Glory,PARADIP,16.0868,92.387,10.82,159.94,4.96,1.63,0,769.68,46.62
V007,Ocean Sapphire,HALDIA,27.9249,90.1707,13.74,145.95,24.94,1.2,0,691.22,37.24
V006,Himalaya Dawn,VIZAG,12.1376,81.0749,10.3,279.55,28.16,3.07,11,661.26,73.34
V004,Steel Infinity,SMPK,25.6135,86.5195,12.21,27.43,4.29,3.73,10,385.61,31.43
V001,Ganga Glory,SMPK,17.4393,91.7027,10.46,275.13,27.46,0.97,12,670.26,64.63
V001,Ganga Glory,VIZAG,18.7877,81.8123,9.59,129.61,34.06,1.39,3,197.3,17.93
V007,Ocean Sapphire,PARADIP,22.4038,83.5746,8.71,179.17,24.87,4.04,9,391.31,50.98
V007,Ocean Sapphire,HALDIA,28.05,88.3302,12.05,33.38,6.32,3.52,12,672.17,58.04
V003,Odisha Queen,HALDIA,19.8914,89.0667,13.18,208.39,9.61,3.34,12,257.73,20.56
V002,Bharat Star,PARADIP,19.8178,92.1051,8.81,39.3,28.19,1.9,0,575.57,51.96
V004,Steel Infinity,VIZAG,18.2443,89.387,11.08,134.85,25.2,2.94,8,648.85,60.69
V007,Ocean Sapphire,SMPK,19.618,84.5567,10.5,318.86,35.0,1.63,5,507.02,45.4
V003,Odisha Queen,VIZAG,18.0193,85.5875,10.48,356.74,26.36,3.72,8,246.95,25.83
V007,Ocean Sapphire,VIZAG,19.6334,89.1226,8.47,44.09,15.64,2.66,7,652.27,71.66
V006,Himalaya Dawn,HALDIA,22.9443,81.3249,13.17,333.49,9.38,1.54,2,699.7,37.97
V006,Himalaya Dawn,SMPK,26.9863,89.6838,9.13,218.7,8.58,2.82,4,512.68,46.49
V004,Steel Infinity,HALDIA,25.0269,90.0873,12.57,306.51,15.41,0.67,11,394.01,27.51
V002,Bharat Star,SMPK,23.8399,94.4552,9.29,127.36,31.86,4.4,6,645.18,77.9
V006,Himalaya Dawn,SMPK,18.3386,89.0689,14.4,105.75,4.96,2.14,8,475.08,27.94
V007,Ocean Sapphire,SMPK,23.9773,89.6303,10.1,341.73,33.63,3.95,7,208.94,23.43
V002,Bharat Star,SMPK,22.4243,91.676,10.33,41.68,25.11,4.01,4,347.12,33.6
V004,Steel Infinity,PARADIP,18.3265,87.5801,13.74,86.42,28.84,0.87,1,243.48,13.57
V007,Ocean Sapphire,SMPK,26.0979,88.5694,9.4,7.98,31.6,4.15,0,395.45,39.36
V005,Eastern Titan,SMPK,21.0027,86.6728,8.93,128.98,12.83,0.59,10,240.48,22.46
V003,Odisha Queen,HALDIA,17.9726,82.387,9.72,155.63,4.2,1.72,2,743.45,53.2
V004,Steel Infinity,SMPK,18.8815,94.467,10.22,282.2,19.13,1.03,6,759.96,61.38
V004,Steel Infinity,PARADIP,17.488,85.0619,8.51,105.82,10.33,1.33,2,355.0,29.56
V001,Ganga Glory,HALDIA,18.0543,87.5041,11.41,228.3,12.4,0.55,7,443.67,29.98
V003,Odisha Queen,VIZAG,19.4133,81.8431,8.37,144.93,21.54,4.08,7,244.25,30.99
V002,Bharat Star,VIZAG,16.0559,80.8066,11.41,190.13,17.83,4.32,7,319.8,29.52
V001,Ganga Glory,HALDIA,18.8302,81.5401,9.06,274.81,6.72,4.24,4,765.77,76.29
V002,Bharat Star,PARADIP,22.8502,87.5175,8.96,172.68,22.19,3.87,2,296.25,30.48
V005,Eastern Titan,HALDIA,22.9421,85.7043,12.14,3.22,11.78,2.92,6,263.3,19.5
V007,Ocean Sapphire,SMPK,24.0195,89.8032,12.48,189.16,13.21,1.26,0,224.21,12.22
V002,Bharat Star,HALDIA,17.3337,90.4644,8.49,126.78,7.94,2.41,5,577.68,55.86
V006,Himalaya Dawn,SMPK,18.9864,85.0819,11.95,22.08,24.06,0.88,12,518.56,42.39
V003,Odisha Queen,SMPK,17.5464,93.4352,8.52,327.77,24.32,1.55,5,772.67,78.82
V006,Himalaya Dawn,SMPK,27.9899,90.862,12.13,316.65,8.42,1.56,9,657.4,46.14
V004,Steel Infinity,PARADIP,24.311,84.2267,11.2,45.33,33.34,4.11,11,507.45,56.81
V003,Odisha Queen,PARADIP,23.9651,92.4437,11.01,93.3,14.36,1.51,6,723.76,54.27
V005,Eastern Titan,SMPK,24.2553,94.9751,11.89,0.7,23.85,1.27,8,706.98,54.44
V007,Ocean Sapphire,SMPK,23.7124,90.5065,9.15,291.68,2.48,1.39,3,260.02,19.49
V003,Odisha Queen,HALDIA,18.1786,82.5257,12.32,123.65,19.85,0.49,12,717.84,53.45
V006,Himalaya Dawn,PARADIP,15.171,83.9013,12.01,215.54,6.26,4.0,5,640.81,48.51
V003,Odisha Queen,HALDIA,18.6503,88.7306,11.95,8.91,28.29,3.31,4,380.07,31.07
V005,Eastern Titan,VIZAG,15.2293,80.9852,9.34,130.92,23.12,1.85,1,367.08,30.99
V003,Odisha Queen,VIZAG,18.4248,78.115,10.65,280.16,29.13,1.39,11,552.09,53.29
V003,Odisha Queen,SMPK,19.5099,87.0877,12.94,35.87,23.97,2.02,8,360.69,26.93
V005,Eastern Titan,PARADIP,25.3003,84.7026,8.42,323.64,33.34,1.87,2,587.59,60.81
V003,Odisha Queen,VIZAG,12.2935,81.7819,10.43,233.02,14.61,3.73,8,621.24,60.64
V004,Steel Infinity,SMPK,26.3578,89.4799,14.99,256.81,17.23,3.95,8,439.92,30.83
V006,Himalaya Dawn,PARADIP,23.9315,83.0929,10.9,200.02,6.82,2.78,7,541.47,43.75
V002,Bharat Star,SMPK,20.3164,88.2415,12.71,225.15,23.36,3.65,2,248.44,17.9
V003,Odisha Queen,PARADIP,26.9244,84.7321,14.57,53.72,23.61,3.0,1,759.11,44.56
V007,Ocean Sapphire,VIZAG,21.5982,88.6752,8.62,4.63,17.13,2.3,10,712.66,81.44
V006,Himalaya Dawn,SMPK,18.939,88.6515,10.21,344.73,29.63,1.88,0,403.18,31.67
V005,Eastern Titan,HALDIA,24.7242,83.3246,12.21,318.14,29.28,1.95,11,569.77,49.91
V005,Eastern Titan,HALDIA,27.7617,84.5044,9.59,292.57,30.29,1.76,5,733.13,70.3
V007,Ocean Sapphire,VIZAG,17.324,90.433,13.12,101.04,18.2,4.48,2,759.58,54.07
V004,Steel Infinity,PARADIP,14.5854,83.0363,11.31,52.93,3.71,3.1,7,742.27,57.82
V001,Ganga Glory,VIZAG,14.796,85.9486,10.94,305.01,6.86,2.23,10,429.76,35.64
V006,Himalaya Dawn,HALDIA,25.993,89.8663,12.63,143.67,10.15,0.87,5,479.37,28.04
V002,Bharat Star,SMPK,20.0212,84.9707,10.87,39.32,26.45,2.49,2,445.0,35.51
V005,Eastern Titan,HALDIA,18.7142,85.9175,11.35,4.89,22.19,4.38,10,429.15,44.09
V007,Ocean Sapphire,PARADIP,23.393,82.5642,9.32,258.13,9.78,0.78,1,540.27,37.95
V007,Ocean Sapphire,PARADIP,18.6725,87.4986,11.26,117.04,17.5,2.32,0,205.04,13.85
V003,Odisha Queen,PARADIP,24.0651,81.6839,12.78,174.75,2.08,2.59,9,656.91,45.15
V007,Ocean Sapphire,HALDIA,25.6323,84.5032,8.78,186.66,5.4,3.59,11,541.35,62.65
V001,Ganga Glory,PARADIP,16.4011,90.8932,13.59,227.02,6.88,1.99,11,627.01,42.07
V006,Himalaya Dawn,SMPK,25.6867,88.4458,12.15,355.29,4.82,1.29,5,349.1,21.03
V007,Ocean Sapphire,PARADIP,15.9553,81.7526,14.23,62.84,3.55,3.29,5,707.04,42.13
V002,Bharat Star,PARADIP,25.5724,88.5579,13.42,357.78,24.42,2.02,6,616.8,42.4
V005,Eastern Titan,VIZAG,15.0874,78.5762,8.76,4.41,14.49,3.39,7,579.21,64.16
V005,Eastern Titan,HALDIA,23.6374,84.0382,12.47,78.87,8.5,1.18,10,450.13,30.52
V006,Himalaya Dawn,HALDIA,22.1303,91.7852,13.75,162.64,25.49,0.67,11,384.09,26.54
V003,Odisha Queen,VIZAG,23.5352,86.1623,10.72,125.29,14.07,0.34,6,715.77,50.05
V004,Steel Infinity,VIZAG,11.183,85.9353,14.01,357.69,32.37,2.44,11,777.92,62.59
V004,Steel Infinity,HALDIA,18.8722,86.6918,8.86,270.99,2.51,0.84,4,376.9,28.56
V004,Steel Infinity,PARADIP,20.4169,84.2335,13.18,120.11,8.86,1.72,9,249.01,16.35
V007,Ocean Sapphire,HALDIA,23.8897,82.9125,9.42,261.35,29.15,2.34,12,566.94,67.5
V006,Himalaya Dawn,SMPK,21.3677,91.1802,8.11,149.68,19.99,0.26,6,324.82,31.31
V006,Himalaya Dawn,SMPK,21.4097,85.4664,9.21,226.94,18.08,0.54,7,318.5,27.93
V006,Himalaya Dawn,VIZAG,19.1287,79.9764,11.16,342.8,3.12,2.67,5,383.49,27.74
V004,Steel Infinity,VIZAG,15.935,80.2505,13.76,28.13,16.38,3.04,5,376.9,24.99
V003,Odisha Queen,HALDIA,16.7834,83.3339,13.6,39.62,32.39,0.29,10,763.69,53.39
V004,Steel Infinity,PARADIP,23.0753,89.1794,14.0,296.07,12.19,0.88,12,404.68,25.71
V006,Himalaya Dawn,PARADIP,17.9998,89.8688,14.27,341.83,3.65,3.65,10,427.76,29.53
V005,Eastern Titan,SMPK,25.2001,87.3789,14.58,189.64,33.59,1.26,6,309.2,19.78
V001,Ganga Glory,HALDIA,24.5493,94.5953,12.15,189.52,12.37,3.07,2,724.66,48.88
V006,Himalaya Dawn,VIZAG,15.9193,83.8392,11.48,73.2,5.46,0.27,9,205.69,13.3
V007,Ocean Sapphire,VIZAG,17.8281,76.9794,12.63,239.06,3.71,0.52,5,667.35,35.78
V007,Ocean Sapphire,PARADIP,14.6959,83.6533,9.1,264.77,11.38,0.88,11,699.97,66.43
V005,Eastern Titan,HALDIA,24.2558,85.9848,9.77,122.17,10.55,2.74,8,327.69,31.01
V006,Himalaya Dawn,SMPK,19.4608,87.0095,10.02,45.7,4.56,0.31,6,368.69,25.27
V006,Himalaya Dawn,VIZAG,22.1245,80.8084,12.48,318.62,22.43,2.68,6,556.66,42.46
V002,Bharat Star,VIZAG,22.9372,84.1341,10.74,278.17,23.94,2.33,4,590.21,48.98
V001,Ganga Glory,PARADIP,23.8068,91.6342,13.58,335.45,28.49,3.63,1,645.89,43.63
V004,Steel Infinity,VIZAG,14.4545,79.9112,9.82,62.13,32.73,2.92,3,508.87,49.43
V001,Ganga Glory,VIZAG,11.5515,85.3517,10.41,328.95,3.73,4.26,6,718.01,64.36
V004,Steel Infinity,VIZAG,14.5145,82.7979,13.34,64.1,9.07,3.88,1,356.83,22.02
V006,Himalaya Dawn,HALDIA,26.5162,84.2392,14.82,314.8,28.22,2.76,1,633.2,37.08
V003,Odisha Queen,PARADIP,25.1172,90.3611,10.96,320.99,24.75,1.64,9,657.0,58.09
V001,Ganga Glory,HALDIA,26.8712,87.1639,11.27,98.2,21.57,2.28,7,548.1,45.93
V001,Ganga Glory,HALDIA,23.8377,85.4485,10.24,267.25,30.77,2.53,9,335.89,35.15
V002,Bharat Star,SMPK,24.7003,86.2297,9.97,240.76,11.12,0.33,7,318.82,23.93
V001,Ganga Glory,PARADIP,21.5817,84.0786,12.99,30.84,28.69,2.3,7,298.87,22.83
V007,Ocean Sapphire,PARADIP,19.5187,89.1968,9.93,186.0,12.83,1.89,1,283.74,20.95
V006,Himalaya Dawn,PARADIP,26.2307,85.4823,10.2,353.33,15.47,0.29,9,667.42,53.17
V003,Odisha Queen,SMPK,17.8694,89.4648,13.22,13.06,17.62,0.79,10,534.45,35.66
V002,Bharat Star,SMPK,23.7514,86.3726,13.37,250.74,24.23,1.7,1,238.07,14.0
V003,Odisha Queen,VIZAG,24.4806,82.1432,13.23,192.12,14.54,4.14,10,764.22,63.32
V006,Himalaya Dawn,VIZAG,16.6891,78.9901,8.92,39.18,4.04,0.83,12,469.08,43.42
V005,Eastern Titan,VIZAG,17.816,78.0853,13.73,249.06,13.44,3.45,2,550.28,33.98
V006,Himalaya Dawn,HALDIA,15.8886,91.2401,12.28,217.72,30.01,2.15,1,758.3,52.11
V006,Himalaya Dawn,PARADIP,24.1488,86.2755,13.52,138.33,19.8,0.84,7,427.22,26.5
V004,Steel Infinity,VIZAG,19.296,84.5304,13.22,264.6,15.98,3.62,0,221.98,13.81
V006,Himalaya Dawn,VIZAG,17.843,80.5009,8.76,296.73,29.43,2.93,3,294.77,31.46
V005,Eastern Titan,PARADIP,22.5695,84.6622,12.39,67.9,11.73,3.66,10,321.89,27.08
V007,Ocean Sapphire,PARADIP,24.2096,82.0847,14.25,79.29,5.0,2.3,7,636.18,37.39
V007,Ocean Sapphire,HALDIA,25.805,85.6543,10.25,32.92,33.9,2.21,9,487.69,50.96
V007,Ocean Sapphire,SMPK,25.7101,91.5551,10.14,178.71,26.05,4.07,11,482.22,57.0
V004,Steel Infinity,HALDIA,27.1953,86.0399,13.37,130.17,18.31,3.54,4,611.65,42.57
V006,Himalaya Dawn,PARADIP,25.5788,85.4768,10.62,319.69,34.02,0.41,7,596.34,50.74
V002,Bharat Star,SMPK,18.6359,86.8234,11.6,144.49,19.23,2.51,9,461.55,39.42
V001,Ganga Glory,VIZAG,12.5628,87.8971,11.48,97.14,22.38,3.13,9,755.29,69.42
V005,Eastern Titan,HALDIA,27.1776,83.9444,12.38,81.5,13.78,3.7,7,709.32,56.49
V001,Ganga Glory,PARADIP,18.301,85.432,10.9,331.76,15.01,3.97,12,256.79,26.79
V007,Ocean Sapphire,SMPK,25.4859,91.503,13.71,338.25,24.43,4.34,2,460.83,32.32
V007,Ocean Sapphire,VIZAG,17.2975,89.6871,12.68,38.86,10.52,3.88,12,680.85,58.93
V002,Bharat Star,PARADIP,22.6549,88.433,8.43,341.69,28.58,1.63,0,320.29,29.76
V007,Ocean Sapphire,PARADIP,13.2698,88.3565,14.87,278.08,10.65,1.46,4,805.41,41.08
V005,Eastern Titan,PARADIP,24.3059,87.0902,12.8,42.46,16.86,2.34,12,445.85,35.92
V007,Ocean Sapphire,VIZAG,13.3506,78.9395,8.85,87.26,18.72,1.13,11,670.04,70.78
V007,Ocean Sapphire,PARADIP,22.2178,88.3873,14.93,185.63,13.3,4.41,11,279.4,21.18
V001,Ganga Glory,VIZAG,20.6283,88.3183,14.17,37.89,19.0,2.88,9,621.86,44.53
V003,Odisha Queen,PARADIP,19.1328,88.0632,8.82,174.66,26.6,2.36,11,200.61,24.57
V005,Eastern Titan,PARADIP,24.6099,86.7882,12.0,27.95,13.61,2.27,7,477.33,35.45
V002,Bharat Star,PARADIP,26.476,86.3786,14.08,354.51,12.11,1.75,5,684.95,39.19
V007,Ocean Sapphire,PARADIP,24.1914,83.4938,8.33,88.75,27.92,3.81,1,537.36,59.64
V006,Himalaya Dawn,HALDIA,20.1367,83.2871,13.04,156.64,4.92,4.25,7,537.21,39.72
V007,Ocean Sapphire,VIZAG,13.3924,81.359,12.15,265.86,4.18,2.63,9,520.28,38.35
V003,Odisha Queen,PARADIP,16.8845,81.9201,8.82,244.61,17.18,3.19,12,625.41,77.7
V002,Bharat Star,SMPK,20.5058,82.6329,12.92,27.93,31.11,4.19,4,628.65,50.97
V004,Steel Infinity,HALDIA,23.6188,91.1547,11.89,212.16,21.78,2.82,10,364.15,32.28
V002,Bharat Star,PARADIP,21.4265,88.132,11.45,126.86,27.95,0.94,5,199.54,14.87
V005,Eastern Titan,SMPK,18.6372,84.5071,12.21,166.08,30.43,3.24,1,587.43,43.6
V001,Ganga Glory,HALDIA,19.2858,87.6814,10.27,15.76,15.91,1.59,10,305.47,27.55
V002,Bharat Star,VIZAG,22.846,83.3169,12.99,302.36,15.38,2.06,3,573.34,35.35
V006,Himalaya Dawn,HALDIA,20.967,91.431,13.63,77.83,25.48,3.74,5,367.55,27.3
V005,Eastern Titan,VIZAG,20.5428,87.619,10.88,250.98,6.35,2.29,7,555.31,43.16
V004,Steel Infinity,VIZAG,20.7839,84.031,10.19,66.71,8.61,4.32,5,352.94,32.7
V001,Ganga Glory,VIZAG,19.194,89.7859,9.85,206.39,26.03,3.82,6,706.3,75.11
V003,Odisha Queen,PARADIP,15.4217,82.5046,14.73,167.73,11.35,2.29,4,697.28,38.48
V006,Himalaya Dawn,VIZAG,15.487,79.6291,13.82,26.81,20.45,2.09,8,459.73,31.52
V006,Himalaya Dawn,SMPK,18.8652,86.0648,13.96,79.02,3.94,1.52,4,471.07,24.34
V003,Odisha Queen,SMPK,17.1183,88.0653,13.65,290.56,25.0,4.45,6,604.47,47.89
V006,Himalaya Dawn,PARADIP,16.3265,90.4056,9.45,342.03,20.14,2.44,0,597.31,49.38
V006,Himalaya Dawn,PARADIP,22.2303,87.469,8.94,103.67,22.58,4.03,1,229.91,23.32
V007,Ocean Sapphire,VIZAG,18.6677,78.0949,12.14,88.42,10.26,3.84,2,558.44,39.19
V002,Bharat Star,PARADIP,15.1691,86.5412,11.88,266.27,5.37,0.98,2,572.82,31.83
V001,Ganga Glory,PARADIP,24.6172,88.6722,14.6,194.32,22.25,0.37,0,522.25,24.34
V003,Odisha Queen,VIZAG,23.1139,79.5988,12.65,93.53,18.97,3.81,12,714.68,65.24
V002,Bharat Star,HALDIA,27.2688,84.9301,10.56,8.02,23.87,4.43,11,664.74,76.08
V005,Eastern Titan,PARADIP,16.3218,80.6392,9.48,331.0,10.48,1.93,9,771.99,72.55
V004,Steel Infinity,HALDIA,25.8824,82.5612,11.12,161.37,19.5,1.2,10,705.3,58.59
V004,Steel Infinity,VIZAG,13.6172,83.3833,11.93,24.13,21.33,1.13,3,453.01,29.67
V005,Eastern Titan,PARADIP,24.1548,85.4687,11.5,81.73,2.95,0.92,7,442.56,28.22
V002,Bharat Star,SMPK,20.8007,92.2965,13.66,17.8,21.76,1.41,0,456.45,24.54
V005,Eastern Titan,VIZAG,16.5675,90.4116,8.04,170.03,15.9,2.27,0,767.98,71.57
V007,Ocean Sapphire,HALDIA,19.2399,86.9834,11.25,304.9,7.11,2.64,11,327.76,27.97
V003,Odisha Queen,HALDIA,26.6262,91.8743,12.76,349.6,2.34,1.1,6,642.43,36.4
V004,Steel Infinity,HALDIA,26.165,82.3263,10.03,295.68,23.91,3.9,3,742.93,71.1
V004,Steel Infinity,HALDIA,24.938,87.6462,9.87,296.77,10.54,1.78,6,328.31,27.22
V004,Steel Infinity,HALDIA,18.7531,81.8167,13.69,157.18,4.08,3.7,5,744.6,47.68
V004,Steel Infinity,HALDIA,19.8419,88.8817,10.75,103.33,28.33,4.16,12,255.74,29.72
V003,Odisha Queen,VIZAG,13.7748,83.44,11.54,343.17,24.08,3.47,3,435.69,35.31
V004,Steel Infinity,HALDIA,21.6681,82.0826,14.73,240.31,16.66,2.15,10,618.09,40.73
V005,Eastern Titan,HALDIA,19.1685,86.5548,8.02,58.94,19.65,3.35,9,352.66,46.23
V002,Bharat Star,PARADIP,16.3731,89.8758,14.9,181.42,4.96,0.22,6,557.34,25.56
V005,Eastern Titan,SMPK,16.7088,90.2206,9.58,74.33,8.34,2.92,6,679.91,62.26
V005,Eastern Titan,HALDIA,24.0327,89.744,12.33,165.4,32.93,2.05,1,283.34,19.62
V005,Eastern Titan,PARADIP,23.0243,86.7339,12.15,314.08,33.8,4.26,7,300.93,28.58
V001,Ganga Glory,HALDIA,18.2803,84.4512,10.32,206.58,6.56,2.57,11,560.22,51.63
V004,Steel Infinity,VIZAG,17.0944,86.8397,12.85,28.18,18.69,0.68,4,383.48,22.67
V005,Eastern Titan,PARADIP,17.0263,87.3467,11.58,179.7,24.77,3.13,9,374.16,34.62
V004,Steel Infinity,SMPK,21.2199,89.6143,11.09,168.22,23.98,3.39,10,200.65,20.07
V006,Himalaya Dawn,VIZAG,14.0523,85.3256,14.77,283.34,30.96,3.75,4,459.85,31.76
V007,Ocean Sapphire,PARADIP,14.2898,84.0443,10.16,265.83,15.87,4.14,1,724.07,62.42
V007,Ocean Sapphire,VIZAG,12.1688,85.1656,13.68,349.96,6.42,2.18,4,646.47,36.68
V003,Odisha Queen,PARADIP,22.0613,88.4772,13.26,287.43,5.19,2.92,7,273.06,18.1
V006,Himalaya Dawn,PARADIP,21.3343,82.6541,11.23,135.64,10.35,1.59,8,427.3,32.2
V002,Bharat Star,SMPK,26.475,85.6825,12.73,292.25,32.19,1.3,2,510.46,33.37
V003,Odisha Queen,VIZAG,19.9182,80.634,13.32,231.4,23.06,3.82,0,372.75,24.39
V003,Odisha Queen,PARADIP,16.4669,86.5924,9.25,95.6,26.27,1.21,0,428.45,34.65
V003,Odisha Queen,PARADIP,23.2122,83.0831,8.88,151.77,3.17,0.33,12,486.6,42.91
V003,Odisha Queen,PARADIP,17.2431,81.2804,14.45,140.73,13.01,0.46,5,657.95,33.29
V007,Ocean Sapphire,SMPK,16.947,92.4178,9.9,63.52,2.11,1.13,4,757.41,52.55
V003,Odisha Queen,HALDIA,16.9385,93.2617,9.53,139.02,26.41,1.7,3,784.27,69.56
V003,Odisha Queen,VIZAG,23.5729,82.0393,9.66,79.68,24.29,3.1,3,666.75,63.14
V006,Himalaya Dawn,VIZAG,15.3153,83.6545,13.1,168.74,25.29,1.25,2,267.05,16.09
V003,Odisha Queen,PARADIP,15.4556,91.2597,12.3,348.71,29.91,1.5,9,730.35,59.06
V002,Bharat Star,VIZAG,18.9033,81.2273,14.97,304.6,21.45,3.41,6,255.27,16.91
V002,Bharat Star,HALDIA,25.7404,86.6021,12.75,334.87,17.81,0.21,8,440.48,27.77
V004,Steel Infinity,VIZAG,13.7166,80.5168,13.66,338.16,12.17,1.01,2,531.65,27.27
V005,Eastern Titan,VIZAG,23.0679,83.7565,13.35,75.59,13.46,0.45,10,600.05,37.25
V001,Ganga Glory,SMPK,22.6615,83.2262,10.6,219.36,10.19,4.34,2,520.96,43.26
V007,Ocean Sapphire,SMPK,26.634,87.6316,12.83,130.15,24.83,0.79,12,459.12,34.91
V002,Bharat Star,HALDIA,19.5637,91.5926,14.02,216.8,33.87,3.19,6,456.98,34.46
V003,Odisha Queen,PARADIP,19.1046,90.1422,9.18,333.07,6.44,3.37,8,392.67,40.18
V005,Eastern Titan,PARADIP,17.3395,85.0509,14.76,162.99,19.97,2.55,2,370.27,20.92
V003,Odisha Queen,VIZAG,18.7559,81.7107,8.59,178.1,24.4,3.46,4,203.77,22.83
V002,Bharat Star,SMPK,24.4783,86.7996,13.73,176.24,10.46,4.41,0,263.39,16.02
V003,Odisha Queen,SMPK,19.2453,86.5789,12.24,73.56,20.79,3.38,6,408.64,32.91
V002,Bharat Star,SMPK,25.6172,92.7742,10.62,7.32,5.21,1.7,1,567.92,36.4
V001,Ganga Glory,PARADIP,16.354,84.9774,9.03,150.31,13.27,2.36,0,473.83,38.82
V004,Steel Infinity,SMPK,17.1752,90.7632,11.93,312.27,25.58,3.03,5,650.75,52.84
V002,Bharat Star,SMPK,16.7207,90.9025,9.17,305.32,29.08,2.18,4,703.1,70.06
V005,Eastern Titan,PARADIP,15.5622,82.5726,12.66,8.19,29.25,3.54,12,680.49,65.07
V007,Ocean Sapphire,HALDIA,20.4683,89.5721,10.61,170.2,26.7,1.18,8,232.27,20.33
V007,Ocean Sapphire,VIZAG,23.4951,81.56,8.66,313.83,25.11,1.14,11,669.84,75.89
V005,Eastern Titan,PARADIP,15.4286,82.5214,11.43,352.38,3.75,1.15,11,695.56,50.4
V005,Eastern Titan,VIZAG,16.0915,86.0955,13.29,109.19,8.62,2.8,7,348.31,23.43
V004,Steel Infinity,VIZAG,22.4332,86.2519,8.05,128.08,31.93,4.18,7,611.92,86.39
V001,Ganga Glory,SMPK,22.6266,83.7364,12.28,83.27,31.67,0.71,6,468.58,33.78
V004,Steel Infinity,PARADIP,17.497,88.7174,12.53,121.51,29.98,2.5,1,383.66,26.43
V007,Ocean Sapphire,VIZAG,12.839,78.3094,13.04,182.62,29.31,1.16,11,758.32,58.91
V005,Eastern Titan,SMPK,25.9747,83.0011,14.53,190.5,25.06,4.48,0,658.33,41.59
V001,Ganga Glory,SMPK,27.2926,86.4071,10.09,16.66,4.91,0.55,0,560.81,33.17
V007,Ocean Sapphire,HALDIA,15.7648,84.4181,10.43,150.89,27.98,1.43,8,793.0,72.52
V001,Ganga Glory,PARADIP,20.2106,84.5861,11.19,314.99,23.01,0.79,7,212.51,16.25
V003,Odisha Queen,HALDIA,19.1398,91.2255,11.9,357.18,9.08,0.48,5,458.71,27.29
V006,Himalaya Dawn,SMPK,26.41,82.8269,10.78,238.03,22.7,1.68,3,700.55,53.42
V004,Steel Infinity,HALDIA,25.1159,88.3306,14.22,119.72,5.74,0.28,4,346.45,16.01
V007,Ocean Sapphire,VIZAG,19.8514,79.236,10.63,53.46,9.84,2.32,5,488.87,38.03
V004,Steel Infinity,VIZAG,14.7526,77.7991,12.89,42.02,16.78,0.37,5,670.09,38.94
V004,Steel Infinity,SMPK,21.1308,95.1792,8.2,307.33,9.35,0.77,10,727.27,72.96
V001,Ganga Glory,VIZAG,15.1999,84.9487,8.67,324.43,16.99,3.8,8,329.14,39.43
V006,Himalaya Dawn,HALDIA,23.8264,87.5476,13.15,342.81,33.04,3.68,2,208.67,15.44
V002,Bharat Star,HALDIA,21.4484,90.7189,10.42,340.81,15.9,3.72,2,281.65,23.71
V005,Eastern Titan,VIZAG,12.2246,83.6281,9.49,179.31,33.05,1.21,0,608.87,50.33
V006,Himalaya Dawn,PARADIP,23.3958,87.0808,13.11,242.6,28.7,1.34,10,345.3,26.3
V007,Ocean Sapphire,PARADIP,21.7158,83.9784,13.06,331.47,7.65,0.9,0,315.05,15.21
V002,Bharat Star,HALDIA,26.0497,91.5053,13.65,190.77,7.98,1.51,9,569.31,35.25
V005,Eastern Titan,VIZAG,13.6806,83.6717,9.53,330.64,19.2,2.72,6,447.79,43.86
V004,Steel Infinity,SMPK,25.8065,84.5117,8.25,290.41,4.43,2.32,0,527.94,44.14
V001,Ganga Glory,VIZAG,15.7966,82.7558,11.05,300.8,10.9,1.63,3,217.81,14.77
V003,Odisha Queen,PARADIP,21.976,84.9793,9.8,104.65,24.42,2.03,3,250.71,21.81
V003,Odisha Queen,HALDIA,21.4316,90.2004,10.38,284.44,29.03,3.04,9,230.27,24.29
V006,Himalaya Dawn,VIZAG,24.493,85.5147,8.82,359.63,12.94,4.15,3,791.13,81.63
V005,Eastern Titan,PARADIP,20.3171,88.7197,9.72,231.36,10.12,2.01,12,218.95,21.56
V004,Steel Infinity,PARADIP,15.5457,86.3073,13.61,274.01,8.96,2.43,1,531.91,29.0
V001,Ganga Glory,PARADIP,22.1554,92.1864,8.77,54.71,33.16,3.69,3,611.89,69.89
V001,Ganga Glory,PARADIP,20.4277,80.3658,14.48,214.45,22.82,3.31,12,652.0,51.6
V002,Bharat Star,VIZAG,17.763,77.5967,11.89,299.42,23.32,3.2,4,601.98,47.6
V007,Ocean Sapphire,VIZAG,23.4806,80.8719,12.95,45.85,15.18,2.58,8,690.9,50.4
V001,Ganga Glory,HALDIA,21.6321,90.3407,11.34,271.89,31.13,2.84,4,239.15,20.37
V006,Himalaya Dawn,HALDIA,17.4449,90.5749,14.17,66.26,25.46,0.57,12,571.76,38.91
V004,Steel Infinity,SMPK,19.9441,93.8813,12.3,239.13,23.78,3.62,5,646.86,52.29
V005,Eastern Titan,VIZAG,16.4868,88.4658,9.87,11.78,7.83,3.34,2,567.15,46.51
V003,Odisha Queen,PARADIP,16.3016,83.1885,11.23,10.02,26.78,1.91,6,575.15,47.65
V006,Himalaya Dawn,SMPK,22.8594,84.5663,8.95,271.98,22.09,2.03,7,384.52,40.02
V007,Ocean Sapphire,VIZAG,16.7897,88.3676,13.65,359.97,30.56,0.27,3,549.47,31.61
V004,Steel Infinity,HALDIA,20.0599,89.5558,13.76,301.01,25.89,2.55,10,266.68,20.62
V004,Steel Infinity,PARADIP,23.0005,90.8749,10.72,209.11,9.91,4.08,1,531.15,41.57
V007,Ocean Sapphire,SMPK,24.4883,94.4003,9.87,296.93,18.73,2.81,11,658.17,70.39
V007,Ocean Sapphire,PARADIP,16.3355,88.8003,11.05,134.47,10.44,2.57,6,499.23,39.24
V005,Eastern Titan,HALDIA,28.9869,87.2242,12.89,45.23,15.22,2.92,4,780.3,52.94
V005,Eastern Titan,PARADIP,15.8628,87.0529,13.22,21.16,23.46,0.88,10,497.73,34.99
V007,Ocean Sapphire,HALDIA,20.4278,84.8765,11.31,270.16,2.38,1.47,6,373.94,24.7
V004,Steel Infinity,VIZAG,20.7451,87.2675,10.32,201.69,5.27,3.03,0,539.1,38.29
V005,Eastern Titan,HALDIA,16.5567,91.4611,13.26,287.46,5.68,0.54,1,703.55,32.81
V005,Eastern Titan,HALDIA,22.5979,91.4674,9.97,57.54,13.47,0.92,0,356.58,23.72
V003,Odisha Queen,SMPK,15.505,87.1481,8.09,250.18,26.45,0.47,8,792.66,86.14
V007,Ocean Sapphire,HALDIA,16.84,87.0689,9.6,359.47,34.55,3.07,4,584.19,60.88
V006,Himalaya Dawn,HALDIA,16.0734,87.7908,14.01,276.85,27.64,4.08,11,660.72,57.1
V004,Steel Infinity,PARADIP,21.8126,89.8498,13.97,47.3,8.62,2.65,11,373.96,26.0
V005,Eastern Titan,VIZAG,16.6371,87.9893,12.64,136.41,30.12,2.62,2,513.82,36.4
V006,Himalaya Dawn,SMPK,26.2803,83.0734,12.02,269.21,22.27,4.25,2,672.24,52.8
V002,Bharat Star,VIZAG,15.7416,80.2668,14.8,16.36,2.93,3.87,1,387.17,20.63
V007,Ocean Sapphire,SMPK,25.2109,88.3523,11.51,337.59,10.67,3.69,6,295.92,24.21
V001,Ganga Glory,HALDIA,20.5178,92.2879,11.62,289.86,5.7,2.76,11,468.46,38.63
V001,Ganga Glory,PARADIP,16.983,87.146,9.19,27.25,31.77,0.62,1,375.18,31.36
V006,Himalaya Dawn,PARADIP,23.7231,86.8317,14.35,294.23,7.35,1.01,0,379.03,16.77
V005,Eastern Titan,SMPK,20.6245,90.8901,12.73,214.45,33.13,2.05,10,342.86,29.08
V006,Himalaya Dawn,SMPK,19.1667,86.3328,14.55,359.53,23.89,3.33,7,428.12,30.24
V003,Odisha Queen,PARADIP,21.9029,84.7272,9.1,25.29,31.11,3.4,3,263.68,28.19
V006,Himalaya Dawn,PARADIP,19.1612,80.2951,10.07,297.76,13.61,0.22,3,674.34,45.68
V005,Eastern Titan,HALDIA,21.9292,85.0791,9.32,121.36,33.66,0.71,11,307.52,33.4
V002,Bharat Star,VIZAG,20.6486,89.3154,13.26,128.87,17.01,2.45,2,714.07,43.67
V005,Eastern Titan,PARADIP,16.5979,84.8161,9.08,284.59,25.18,3.51,9,455.5,55.19
V003,Odisha Queen,PARADIP,15.5535,82.7477,11.57,267.1,11.42,1.96,9,669.77,52.08
V003,Odisha Queen,HALDIA,26.2055,88.638,12.14,134.6,24.56,1.74,2,470.19,31.51
V006,Himalaya Dawn,VIZAG,14.7282,84.2177,9.14,331.75,29.02,0.47,5,344.22,31.31
V006,Himalaya Dawn,SMPK,23.3362,84.0104,8.48,137.74,29.36,2.28,3,447.85,47.35
V001,Ganga Glory,HALDIA,19.7325,82.9755,11.13,357.31,19.78,2.68,9,585.77,52.95
V006,Himalaya Dawn,SMPK,17.1956,93.1106,8.7,193.67,11.07,3.04,1,779.28,70.56
V007,Ocean Sapphire,SMPK,21.8911,83.7928,9.14,329.87,6.06,1.71,12,469.69,46.52
V001,Ganga Glory,PARADIP,18.2433,90.231,13.29,126.63,19.48,2.5,5,443.78,29.99
V004,Steel Infinity,VIZAG,14.9749,80.2611,12.42,63.28,5.1,1.29,12,441.47,30.83
V006,Himalaya Dawn,SMPK,15.704,89.9693,11.22,95.67,26.82,2.74,10,781.15,75.44
V003,Odisha Queen,SMPK,22.4554,84.3936,13.14,253.5,3.87,4.49,5,401.43,28.25
V005,Eastern Titan,HALDIA,28.4061,87.8499,10.17,127.36,28.03,3.27,8,711.53,75.35
V004,Steel Infinity,HALDIA,25.8012,89.6021,14.78,114.91,9.08,4.25,5,449.75,28.67
V005,Eastern Titan,PARADIP,24.5795,87.787,12.78,313.5,18.85,1.4,5,488.57,31.57
V002,Bharat Star,HALDIA,19.8907,89.3546,14.32,183.6,12.04,4.22,0,271.3,15.79
V006,Himalaya Dawn,HALDIA,16.9998,89.2118,12.45,57.47,22.49,3.49,8,570.03,48.31
V004,Steel Infinity,HALDIA,21.8554,86.0546,9.19,281.8,12.98,1.98,8,207.56,20.1
V003,Odisha Queen,HALDIA,27.5152,87.152,12.64,103.94,32.38,3.47,3,618.97,48.21
V002,Bharat Star,PARADIP,21.4685,82.6708,10.72,253.81,15.53,3.46,9,429.65,41.31
V003,Odisha Queen,SMPK,22.9338,93.0569,13.78,135.0,7.32,3.41,4,489.66,30.43
V006,Himalaya Dawn,VIZAG,19.2815,89.6356,13.38,98.46,19.26,1.62,1,693.15,39.07
V004,Steel Infinity,VIZAG,20.4566,81.9846,10.96,145.41,11.6,3.61,3,336.4,26.71
V002,Bharat Star,VIZAG,17.816,79.0392,10.15,13.79,23.34,3.58,5,449.31,43.8
V005,Eastern Titan,SMPK,24.8019,85.0438,14.15,296.69,27.23,3.44,0,415.49,25.65
V001,Ganga Glory,SMPK,25.0587,85.8767,14.28,210.77,17.9,2.59,5,372.26,23.31
V002,Bharat Star,HALDIA,22.4142,85.3469,10.43,148.58,4.12,1.66,6,282.88,20.88
V005,Eastern Titan,HALDIA,19.9139,87.1816,13.21,134.25,30.17,2.71,11,250.29,21.42
V007,Ocean Sapphire,VIZAG,17.0247,85.5227,9.53,272.04,3.3,2.67,11,249.25,24.44
V004,Steel Infinity,SMPK,16.4296,87.6552,13.01,104.04,33.44,4.22,3,683.9,54.4
V003,Odisha Queen,VIZAG,13.5443,79.7586,13.98,314.9,29.32,3.14,1,595.51,38.11
V006,Himalaya Dawn,HALDIA,18.7168,92.5368,11.45,160.4,21.19,2.17,5,593.13,46.02
V007,Ocean Sapphire,VIZAG,16.5889,87.2939,10.61,347.43,9.96,4.33,8,443.71,42.97
V007,Ocean Sapphire,PARADIP,23.9547,84.6188,11.75,29.26,14.29,1.97,9,453.66,35.52
V006,Himalaya Dawn,PARADIP,24.0167,82.2021,14.33,78.36,34.1,2.81,9,613.03,47.64
V007,Ocean Sapphire,PARADIP,16.3925,87.9727,9.83,0.66,2.13,0.75,0,459.45,27.7
V007,Ocean Sapphire,SMPK,17.9256,91.769,13.78,275.46,25.41,4.2,11,628.72,54.9
V001,Ganga Glory,VIZAG,22.8492,85.7856,9.1,51.59,16.74,3.77,0,630.35,57.81
V002,Bharat Star,PARADIP,24.6365,85.2161,12.83,245.19,10.8,1.12,4,501.17,28.85
V004,Steel Infinity,VIZAG,14.3597,88.985,12.36,211.54,20.81,1.77,11,713.26,57.47
V002,Bharat Star,HALDIA,27.5883,87.7709,10.47,218.61,3.5,1.61,11,620.96,51.02
V005,Eastern Titan,PARADIP,22.7644,90.3264,13.53,56.36,21.76,0.8,5,469.88,28.01
V002,Bharat Star,SMPK,24.638,83.1632,14.1,20.34,10.3,1.07,2,572.55,28.15
V006,Himalaya Dawn,HALDIA,24.2525,93.705,9.13,311.87,14.52,2.65,6,628.7,61.93
V004,Steel Infinity,PARADIP,16.9552,83.9734,10.69,80.76,23.55,2.77,8,466.6,44.26
V005,Eastern Titan,HALDIA,19.4111,86.3622,8.92,177.16,23.31,0.53,10,338.66,34.3
V007,Ocean Sapphire,SMPK,26.2443,88.3343,12.59,110.12,24.97,2.6,11,410.8,35.41
V005,Eastern Titan,HALDIA,24.5274,82.0247,10.7,226.34,12.71,4.36,9,676.97,67.89
V001,Ganga Glory,PARADIP,19.1098,92.7708,13.59,112.54,5.03,3.97,7,657.71,45.81
V003,Odisha Queen,VIZAG,13.687,77.5756,14.91,334.32,2.19,1.22,8,755.53,38.87
V007,Ocean Sapphire,PARADIP,16.0067,81.6541,13.53,97.46,19.66,2.6,12,710.72,56.26
V002,Bharat Star,VIZAG,21.4494,85.5206,8.13,95.68,9.48,4.04,3,479.4,52.07
V002,Bharat Star,PARADIP,23.8912,90.7522,14.68,25.7,19.89,0.39,7,582.08,32.1
V005,Eastern Titan,VIZAG,16.3597,87.6644,14.71,115.42,28.95,4.15,12,489.05,41.67
V005,Eastern Titan,PARADIP,22.9491,88.3409,13.02,147.08,19.19,0.57,11,342.19,23.6
V004,Steel Infinity,HALDIA,16.819,85.7085,10.42,47.55,23.18,4.34,7,627.64,65.62
V001,Ganga Glory,PARADIP,25.6875,82.2858,12.11,139.96,32.45,2.86,9,743.49,67.87
V004,Steel Infinity,SMPK,23.9039,93.6707,11.01,331.27,20.52,3.81,12,569.02,60.27
V001,Ganga Glory,HALDIA,26.057,88.9537,8.68,358.55,11.33,2.02,10,459.06,48.89
V004,Steel Infinity,VIZAG,16.3028,76.6512,11.86,301.24,4.25,0.91,10,721.52,48.46
V002,Bharat Star,VIZAG,23.3873,80.4746,12.34,73.84,18.22,2.35,4,697.54,48.5
V004,Steel Infinity,PARADIP,18.7079,79.7414,14.92,330.38,12.39,1.25,1,742.81,34.6
V007,Ocean Sapphire,HALDIA,16.3034,91.6682,12.89,260.16,33.77,2.24,4,739.0,54.2
V007,Ocean Sapphire,VIZAG,11.4258,80.0658,11.2,296.54,29.17,0.55,12,777.62,68.73
V001,Ganga Glory,HALDIA,24.0758,83.4622,11.84,102.6,19.66,1.92,4,523.49,37.16
V002,Bharat Star,PARADIP,22.3744,83.6148,14.98,249.08,17.2,0.89,4,386.05,19.67
V003,Odisha Queen,PARADIP,19.3322,79.5783,13.01,310.01,23.5,3.37,9,744.67,61.75
V001,Ganga Glory,PARADIP,18.8712,91.6544,10.92,71.06,28.89,2.67,7,551.4,51.4
V005,Eastern Titan,HALDIA,17.5393,89.795,11.04,87.55,15.1,4.09,7,529.21,48.9
V002,Bharat Star,HALDIA,19.2406,91.4719,10.25,102.71,3.07,0.29,1,469.96,27.04
V001,Ganga Glory,PARADIP,22.7151,89.6387,10.59,349.33,34.87,2.81,8,410.39,42.34
V001,Ganga Glory,PARADIP,17.8812,84.9234,14.6,87.57,28.17,2.42,12,324.52,24.89
V003,Odisha Queen,PARADIP,15.0275,90.0423,11.91,167.67,28.97,1.99,4,691.13,52.28
V002,Bharat Star,HALDIA,25.6133,84.7808,13.61,250.47,32.95,0.55,3,521.31,31.23
V004,Steel Infinity,PARADIP,16.8171,87.9214,13.02,230.27,29.06,1.4,3,412.95,26.73
V005,Eastern Titan,HALDIA,21.8679,80.7479,8.79,35.33,25.3,2.66,2,754.28,74.67
V004,Steel Infinity,PARADIP,22.511,87.1911,14.26,204.75,22.04,0.22,6,250.7,13.93
V002,Bharat Star,PARADIP,17.4451,87.6428,8.99,199.3,23.74,3.02,9,337.29,39.66
V007,Ocean Sapphire,VIZAG,17.6826,88.1946,13.11,208.05,14.74,1.52,4,520.63,31.24
V005,Eastern Titan,HALDIA,22.329,92.3114,9.45,196.72,16.87,1.97,5,439.2,39.46
V007,Ocean Sapphire,VIZAG,18.2478,81.1887,13.93,251.54,23.46,0.52,7,229.73,13.88
V002,Bharat Star,VIZAG,18.9749,85.4681,8.99,354.76,14.96,0.65,12,271.57,26.98
V001,Ganga Glory,PARADIP,18.473,91.5086,10.81,179.38,32.84,1.14,9,552.3,50.59
V007,Ocean Sapphire,SMPK,26.133,87.7541,12.83,116.83,18.36,2.2,7,402.23,28.77
V005,Eastern Titan,VIZAG,14.639,82.7375,8.43,164.98,16.14,0.45,6,344.17,31.42
V001,Ganga Glory,HALDIA,27.3098,90.56,13.46,242.69,18.7,2.53,3,641.12,40.4
V006,Himalaya Dawn,SMPK,26.4056,82.8153,13.47,292.5,7.65,4.45,7,701.19,51.81
V004,Steel Infinity,VIZAG,17.9072,78.7166,9.24,253.51,3.79,2.16,6,483.73,41.87
V005,Eastern Titan,PARADIP,20.7108,90.5818,8.55,26.76,17.57,1.11,11,414.86,44.88
V001,Ganga Glory,SMPK,19.2403,87.4007,14.14,38.52,28.35,2.8,8,379.69,28.14
V004,Steel Infinity,SMPK,15.7056,89.6699,13.36,178.39,21.76,2.15,11,774.52,59.72
V003,Odisha Queen,VIZAG,12.709,86.7915,8.02,19.5,27.03,3.89,12,669.8,101.87
V002,Bharat Star,PARADIP,22.7125,86.1899,10.33,103.8,28.23,0.82,5,269.72,22.15
V001,Ganga Glory,SMPK,26.5363,86.9365,10.31,79.5,12.21,2.77,8,464.21,42.22
V005,Eastern Titan,SMPK,18.6001,91.976,11.63,149.12,2.86,0.72,1,582.45,30.7
V002,Bharat Star,HALDIA,15.5511,88.3862,12.89,31.56,21.5,1.01,6,719.02,46.81
V002,Bharat Star,PARADIP,24.8718,86.7435,9.78,41.79,22.4,2.13,3,506.3,43.82
V002,Bharat Star,HALDIA,20.6656,94.2146,13.8,239.17,31.48,3.65,10,654.68,55.99
V004,Steel Infinity,PARADIP,24.308,84.7148,8.87,24.29,2.58,3.63,6,484.8,48.41
V001,Ganga Glory,HALDIA,20.6733,83.6502,12.0,321.99,15.56,2.88,12,480.27,42.49
V003,Odisha Queen,PARADIP,22.2699,88.68,8.43,19.45,20.03,3.2,6,304.22,35.0
V003,Odisha Queen,PARADIP,15.9325,88.29,11.4,102.18,29.92,0.61,11,518.78,44.51
V002,Bharat Star,VIZAG,15.9251,79.7334,11.87,246.2,15.6,0.83,7,425.46,29.04
V005,Eastern Titan,SMPK,24.3983,83.4291,10.76,267.99,19.52,3.46,9,537.57,52.86
V007,Ocean Sapphire,PARADIP,22.4157,87.2942,13.96,352.21,16.23,2.67,8,243.26,16.69
V007,Ocean Sapphire,HALDIA,15.2216,86.124,11.41,279.24,34.89,1.3,12,781.88,74.5
V007,Ocean Sapphire,VIZAG,20.0995,85.1324,14.71,257.38,12.61,4.44,10,331.29,24.84
V003,Odisha Queen,SMPK,24.5179,84.8631,10.55,350.4,30.32,3.19,5,413.07,39.48
V007,Ocean Sapphire,HALDIA,22.9191,85.9391,11.84,118.55,9.9,1.26,1,240.23,13.84
V007,Ocean Sapphire,PARADIP,21.7133,80.043,8.73,343.51,5.41,3.94,10,699.97,81.57
V001,Ganga Glory,HALDIA,20.9467,86.3791,10.44,167.78,22.67,0.57,4,210.31,15.65
V007,Ocean Sapphire,SMPK,16.6592,85.2211,8.38,24.08,4.19,3.38,9,730.03,82.54
V005,Eastern Titan,VIZAG,19.7151,86.9165,8.63,81.67,15.17,2.69,9,444.27,50.21
V003,Odisha Queen,HALDIA,24.3274,85.7184,8.42,67.49,12.79,2.31,10,351.69,39.87
V007,Ocean Sapphire,PARADIP,16.9248,84.0672,12.41,126.7,18.75,1.53,12,463.53,36.82
V001,Ganga Glory,VIZAG,23.1124,83.9676,8.12,305.38,25.44,0.29,10,607.18,67.42
V006,Himalaya Dawn,SMPK,16.9873,89.9453,8.79,260.59,34.62,1.8,0,642.03,60.26
V002,Bharat Star,PARADIP,22.649,81.3789,13.67,346.87,15.07,1.87,7,600.88,38.47
V007,Ocean Sapphire,VIZAG,17.6341,89.7745,14.75,255.96,4.12,2.95,9,688.11,42.8
V004,Steel Infinity,HALDIA,25.3641,92.1317,14.89,225.2,2.85,1.07,2,557.59,24.36
V002,Bharat Star,VIZAG,11.378,84.7524,11.83,150.01,14.42,2.48,3,719.51,49.89
V004,Steel Infinity,HALDIA,24.7772,81.7267,12.68,259.76,33.92,4.16,8,715.71,66.42
V007,Ocean Sapphire,HALDIA,18.6355,90.014,11.48,249.56,33.47,1.08,6,426.96,34.22
V006,Himalaya Dawn,VIZAG,14.9957,77.7613,11.2,344.39,24.53,3.38,1,660.6,52.01
V007,Ocean Sapphire,SMPK,23.1658,85.7345,10.05,100.71,9.1,2.96,2,271.64,21.49
V004,Steel Infinity,VIZAG,20.5613,79.2526,11.52,250.35,16.7,1.73,3,530.0,36.31
V004,Steel Infinity,SMPK,21.101,83.6581,14.75,103.6,7.48,2.27,10,505.48,31.34
V002,Bharat Star,VIZAG,18.3364,79.9018,13.43,167.94,24.5,1.65,8,364.38,25.64
V007,Ocean Sapphire,SMPK,28.1826,92.4387,11.58,309.15,13.48,4.21,10,751.62,70.98
V006,Himalaya Dawn,HALDIA,15.3351,87.302,9.03,190.03,28.34,1.78,6,746.49,77.04
V002,Bharat Star,SMPK,27.1333,90.8627,8.27,322.47,6.62,2.42,6,571.44,57.65
V003,Odisha Queen,HALDIA,19.1272,88.4934,10.1,324.39,14.82,0.83,8,323.71,26.46
V002,Bharat Star,HALDIA,20.3952,85.8943,8.05,354.95,30.6,2.91,6,287.47,36.37
V006,Himalaya Dawn,PARADIP,21.1239,88.4297,13.14,274.89,3.76,2.76,2,208.36,11.93
V003,Odisha Queen,PARADIP,17.8459,91.2879,10.49,108.02,34.68,4.39,7,562.35,62.63
V005,Eastern Titan,PARADIP,24.5658,83.5343,14.91,344.92,20.13,4.43,4,568.67,37.97
V006,Himalaya Dawn,SMPK,19.878,87.4454,12.61,56.29,27.01,0.84,0,310.03,17.99
V004,Steel Infinity,HALDIA,23.625,86.1965,8.51,39.46,5.56,3.83,6,262.15,28.26
V004,Steel Infinity,SMPK,20.1141,82.4123,12.97,256.01,11.11,2.97,9,667.18,49.72
V002,Bharat Star,SMPK,26.405,87.3183,12.08,189.17,24.26,1.22,9,440.01,34.11
V007,Ocean Sapphire,PARADIP,18.2039,80.161,13.92,315.53,9.84,3.96,3,717.58,45.4
V006,Himalaya Dawn,VIZAG,15.547,77.0933,13.28,104.23,6.93,1.25,6,700.87,40.22
V003,Odisha Queen,VIZAG,20.3101,81.2055,13.86,170.56,23.44,0.71,4,363.92,20.74
V007,Ocean Sapphire,HALDIA,24.2656,88.7785,8.37,308.2,27.4,1.97,3,261.34,27.05
V001,Ganga Glory,SMPK,19.9069,89.1105,10.17,222.24,20.62,2.37,9,305.66,29.78
V004,Steel Infinity,SMPK,23.5778,90.8931,8.05,243.27,27.07,2.73,10,288.85,38.94
V005,Eastern Titan,VIZAG,16.0997,84.2807,12.13,195.06,26.58,2.85,9,206.41,18.12
V007,Ocean Sapphire,PARADIP,15.7128,82.4931,11.01,242.09,11.22,4.42,8,672.87,63.67
V006,Himalaya Dawn,PARADIP,24.548,85.6447,11.35,106.63,33.08,0.32,11,480.69,41.5
V004,Steel Infinity,HALDIA,15.2321,89.8908,11.9,221.26,26.4,0.6,8,777.93,58.03
V002,Bharat Star,HALDIA,16.6132,83.9017,10.27,184.38,24.22,0.41,10,741.84,65.13
V003,Odisha Queen,HALDIA,19.5145,89.5262,12.72,355.61,28.03,2.08,3,316.6,21.83
V007,Ocean Sapphire,VIZAG,19.5709,84.0466,8.68,2.49,2.41,3.25,7,224.2,22.79
V005,Eastern Titan,HALDIA,24.225,89.7137,13.67,269.69,29.39,3.66,0,298.75,19.61
V004,Steel Infinity,VIZAG,18.2251,81.4646,8.04,48.46,29.85,2.89,11,201.03,28.54
V005,Eastern Titan,SMPK,27.0053,90.3703,12.15,146.26,4.02,4.01,6,537.66,40.68
V007,Ocean Sapphire,PARADIP,21.4812,79.9447,12.43,209.59,6.57,0.34,1,705.27,34.74
V003,Odisha Queen,SMPK,19.2536,82.2454,12.02,354.15,14.19,3.53,8,727.81,60.67
V006,Himalaya Dawn,VIZAG,12.5341,78.5367,13.14,78.49,24.76,1.79,6,766.64,53.08
V004,Steel Infinity,HALDIA,26.5216,93.5733,8.93,25.41,5.02,2.36,10,750.81,75.97
V007,Ocean Sapphire,VIZAG,18.8764,85.9212,13.14,165.35,23.59,1.5,4,308.48,19.7
V003,Odisha Queen,SMPK,24.3773,88.7043,9.79,130.62,12.13,1.5,12,207.33,19.79
V005,Eastern Titan,HALDIA,16.8021,89.1758,9.71,20.86,27.65,3.9,3,590.79,59.75
V003,Odisha Queen,HALDIA,20.8811,95.0387,8.23,259.52,6.56,3.47,0,733.02,68.0
V001,Ganga Glory,VIZAG,20.9407,79.3893,14.6,246.64,16.52,2.26,10,545.23,36.52
V003,Odisha Queen,SMPK,22.6611,86.4264,12.94,143.69,2.43,4.2,2,192.72,12.33
V003,Odisha Queen,PARADIP,22.1945,85.9415,10.45,83.9,6.93,0.71,12,219.97,17.65
V001,Ganga Glory,SMPK,18.9161,82.0753,11.04,42.6,30.64,2.81,10,762.93,77.08
V007,Ocean Sapphire,HALDIA,20.8808,83.9812,13.42,136.21,25.97,1.34,9,440.4,31.4
V004,Steel Infinity,SMPK,15.7492,89.1142,12.21,239.03,9.55,4.24,5,761.03,58.87
V003,Odisha Queen,SMPK,23.7068,91.5469,8.29,301.44,20.02,1.69,6,356.06,37.5
V003,Odisha Queen,PARADIP,17.2586,88.5061,8.01,186.15,24.27,3.93,1,394.07,44.79
V006,Himalaya Dawn,VIZAG,12.9694,84.6515,9.54,179.75,4.37,0.76,5,545.11,39.77
V002,Bharat Star,HALDIA,21.2355,85.6597,8.19,104.91,9.65,2.79,0,262.63,23.85
V005,Eastern Titan,HALDIA,20.8557,92.6191,9.58,195.82,27.81,1.17,9,489.01,48.88
V005,Eastern Titan,PARADIP,17.5075,86.2988,14.65,285.7,20.82,1.95,3,314.56,17.75
V003,Odisha Queen,SMPK,27.7535,84.2434,14.74,117.75,21.4,0.44,6,708.02,38.55
V001,Ganga Glory,PARADIP,23.8237,84.1535,12.05,134.06,24.12,2.42,8,465.13,38.37
V005,Eastern Titan,VIZAG,16.4691,85.7597,8.99,65.59,29.4,4.26,9,296.47,38.94
V004,Steel Infinity,PARADIP,24.3706,84.8882,11.42,115.85,17.33,4.43,5,484.33,42.62
V003,Odisha Queen,SMPK,26.5743,86.7583,9.92,24.46,10.54,0.51,4,473.85,33.45
V003,Odisha Queen,SMPK,28.5638,88.6082,14.69,46.29,28.5,4.03,11,669.42,55.3
V003,Odisha Queen,PARADIP,16.8254,88.1483,9.65,117.82,13.83,0.3,12,420.64,37.43
V002,Bharat Star,HALDIA,15.5613,87.4265,11.2,44.44,18.47,2.85,2,720.16,54.14
V005,Eastern Titan,PARADIP,23.8075,86.4261,8.14,8.65,5.77,1.89,6,388.31,37.94
V003,Odisha Queen,HALDIA,21.8248,90.9556,9.97,53.44,8.11,3.31,8,299.41,28.43
V006,Himalaya Dawn,HALDIA,26.1929,89.0907,9.53,169.89,31.52,4.19,1,476.73,48.29
V001,Ganga Glory,SMPK,22.1471,94.4383,12.45,232.05,12.33,4.07,12,632.82,57.18
V004,Steel Infinity,HALDIA,15.0872,88.1459,14.63,178.48,32.42,1.41,5,769.83,47.93
V006,Himalaya Dawn,PARADIP,17.1544,80.7195,10.63,236.14,26.01,1.54,2,714.0,54.42
V005,Eastern Titan,VIZAG,21.5,81.5942,11.79,107.31,31.97,0.9,4,458.97,33.23
V002,Bharat Star,SMPK,21.4108,94.2609,12.34,313.85,8.17,3.37,4,627.5,43.66
V005,Eastern Titan,PARADIP,23.9931,85.2729,10.58,137.85,9.39,3.31,9,431.34,39.88
V007,Ocean Sapphire,SMPK,23.8235,84.4833,10.57,191.58,12.15,0.46,11,415.0,32.94
V003,Odisha Queen,HALDIA,25.397,83.5605,11.73,21.12,9.88,3.31,10,592.95,50.77
V004,Steel Infinity,SMPK,27.1637,88.6618,13.56,293.44,21.28,1.57,6,514.31,33.14
V006,Himalaya Dawn,SMPK,20.8947,84.0697,9.8,163.8,2.84,2.26,9,474.13,41.68
V001,Ganga Glory,PARADIP,22.4048,86.5099,11.13,227.62,20.27,1.07,9,232.1,18.75
V007,Ocean Sapphire,PARADIP,17.5846,91.4136,11.59,356.11,22.62,2.08,9,588.71,50.0
V003,Odisha Queen,PARADIP,20.9784,83.7906,10.49,26.39,14.9,1.33,3,303.37,21.85
V007,Ocean Sapphire,SMPK,23.9962,86.5562,10.51,233.04,12.96,3.76,2,239.97,19.69
V005,Eastern Titan,SMPK,24.2964,86.6888,13.57,218.77,28.58,2.47,7,254.42,18.79
V001,Ganga Glory,VIZAG,22.5696,84.4521,13.76,31.48,24.89,3.99,1,556.2,37.08
V003,Odisha Queen,SMPK,19.9703,84.1612,14.88,4.56,20.07,1.92,10,515.92,33.93
V006,Himalaya Dawn,PARADIP,23.3611,87.9402,10.05,252.69,28.2,4.12,0,364.57,33.21
V003,Odisha Queen,HALDIA,17.0221,84.6577,13.32,28.16,9.81,2.08,4,659.28,39.14
V005,Eastern Titan,HALDIA,25.498,88.4871,8.35,215.19,25.17,1.29,5,390.27,40.11
V005,Eastern Titan,VIZAG,19.9383,85.6009,14.94,118.36,31.9,3.82,0,349.52,21.51
V006,Himalaya Dawn,HALDIA,19.5781,88.4081,10.57,252.72,12.81,2.06,1,272.82,19.17
V007,Ocean Sapphire,PARADIP,18.2025,86.2637,10.97,339.91,2.01,2.38,4,238.41,16.55
V001,Ganga Glory,VIZAG,15.8869,83.1112,11.63,314.01,4.9,0.87,6,201.3,12.54
V005,Eastern Titan,PARADIP,15.8836,85.4259,12.25,345.94,20.88,3.27,0,509.18,34.51
V002,Bharat Star,SMPK,20.7151,86.2258,12.55,21.49,19.49,3.34,12,295.95,26.51
V001,Ganga Glory,HALDIA,23.6593,86.0951,11.7,277.96,15.5,0.98,1,272.35,16.24
V005,Eastern Titan,HALDIA,24.7214,88.1626,11.95,242.67,25.34,3.1,6,301.67,25.18
V003,Odisha Queen,HALDIA,28.3452,91.6455,14.35,244.87,22.15,2.86,4,791.32,50.31
V006,Himalaya Dawn,PARADIP,22.9744,90.4698,11.05,335.08,28.15,1.14,0,495.36,33.82
V007,Ocean Sapphire,HALDIA,16.0045,89.3004,9.9,320.23,2.31,1.54,2,680.37,46.37
V002,Bharat Star,HALDIA,27.3944,90.158,10.57,242.76,14.87,2.46,9,635.08,57.52
V007,Ocean Sapphire,HALDIA,24.3112,93.3441,8.76,1.01,29.31,4.5,4,597.67,71.99
V003,Odisha Queen,VIZAG,23.8922,80.1165,10.16,244.64,15.86,1.2,1,763.94,53.5
V005,Eastern Titan,VIZAG,22.6127,87.1166,8.69,95.81,33.59,2.49,11,678.14,88.94
V003,Odisha Queen,PARADIP,24.3982,87.4835,12.23,200.84,3.35,1.86,6,462.08,29.38
V001,Ganga Glory,VIZAG,19.7967,86.3521,14.26,106.07,21.81,4.41,2,399.38,26.62
V006,Himalaya Dawn,HALDIA,22.132,92.3018,12.78,141.67,29.51,2.11,12,437.29,37.88
V006,Himalaya Dawn,HALDIA,20.9147,85.7266,11.17,135.68,34.43,0.69,5,270.44,21.28
V006,Himalaya Dawn,PARADIP,24.4288,83.6605,10.91,213.58,8.25,0.21,9,548.89,38.12
V001,Ganga Glory,PARADIP,18.0887,85.3001,10.53,185.73,33.26,3.53,9,284.2,31.23
V001,Ganga Glory,HALDIA,22.4232,85.1505,9.68,96.42,28.07,2.97,8,303.0,33.11
V007,Ocean Sapphire,PARADIP,20.3741,80.8501,9.25,16.45,5.85,1.0,6,601.55,48.07
V004,Steel Infinity,SMPK,28.0394,84.1277,8.54,243.49,11.58,2.99,7,740.46,80.22
V002,Bharat Star,VIZAG,18.0667,80.6249,10.96,57.9,16.44,1.97,10,284.08,24.8
V005,Eastern Titan,SMPK,22.1131,83.0516,11.01,104.1,30.1,1.48,3,541.98,42.04
V001,Ganga Glory,SMPK,18.5815,86.5618,11.83,69.18,27.04,0.72,7,476.93,35.41
V004,Steel Infinity,PARADIP,22.2692,87.3144,9.77,169.7,33.31,4.21,12,228.37,30.15
V001,Ganga Glory,SMPK,29.1225,89.144,8.93,52.29,26.34,1.81,8,735.69,79.78
V001,Ganga Glory,SMPK,24.4019,85.8533,8.37,131.83,13.72,1.46,0,323.51,26.82
V005,Eastern Titan,SMPK,19.8176,90.4176,11.16,202.7,14.49,0.6,0,374.84,21.87
V005,Eastern Titan,VIZAG,15.2272,84.3297,12.17,337.68,31.61,0.23,4,295.84,19.71
V002,Bharat Star,VIZAG,16.7651,90.0807,8.22,31.29,22.72,2.24,11,729.52,92.61
V004,Steel Infinity,VIZAG,21.7453,86.8028,12.43,215.05,27.72,2.05,5,582.43,43.17
V007,Ocean Sapphire,VIZAG,13.8267,82.9655,10.81,261.18,34.53,0.43,5,430.9,34.39
V006,Himalaya Dawn,HALDIA,18.1465,89.0003,11.44,108.95,34.31,2.53,6,440.67,39.21
V002,Bharat Star,HALDIA,21.3132,84.9115,14.56,88.79,18.07,0.36,7,334.46,18.28
V006,Himalaya Dawn,VIZAG,12.4583,86.9359,12.34,223.9,7.5,1.32,12,701.68,50.44
V006,Himalaya Dawn,PARADIP,15.1345,91.4771,9.26,77.84,28.97,4.13,9,772.57,97.54
V005,Eastern Titan,HALDIA,16.9561,83.7352,9.74,178.19,32.02,4.33,5,721.91,80.75
V001,Ganga Glory,VIZAG,17.1056,80.5142,11.37,98.67,16.7,4.01,9,300.58,28.45
V001,Ganga Glory,VIZAG,18.2288,78.1132,8.49,45.83,12.73,0.58,6,549.78,48.96
V004,Steel Infinity,VIZAG,17.0884,86.845,14.32,151.7,8.19,3.85,3,384.16,23.19
V002,Bharat Star,HALDIA,19.4365,86.5446,12.73,213.85,30.53,0.71,11,326.68,25.39
V002,Bharat Star,VIZAG,24.3082,81.1628,12.49,267.32,18.67,2.0,4,767.98,51.63
V004,Steel Infinity,SMPK,16.8307,88.1874,11.82,243.81,20.58,0.62,3,636.07,40.21
V004,Steel Infinity,PARADIP,22.6452,85.4629,11.13,15.45,5.85,3.99,9,284.92,25.61
V005,Eastern Titan,HALDIA,24.6201,89.0721,11.52,83.74,7.73,2.48,3,308.08,20.89
V004,Steel Infinity,HALDIA,18.1031,89.4164,13.94,192.68,27.27,3.32,4,456.93,31.85
V007,Ocean Sapphire,SMPK,23.198,85.9138,9.59,251.4,26.88,1.58,3,254.86,22.34
V004,Steel Infinity,VIZAG,18.1629,81.0171,11.99,253.72,34.71,2.32,9,245.11,22.17
V004,Steel Infinity,PARADIP,18.3036,91.3447,8.0,186.78,24.53,1.1,7,544.1,60.3
V005,Eastern Titan,PARADIP,16.3664,88.1532,14.96,311.63,3.12,3.53,6,468.44,27.65
V003,Odisha Queen,HALDIA,28.0117,85.7488,9.56,94.36,12.38,0.36,0,706.77,46.37
V002,Bharat Star,HALDIA,27.3777,92.6081,9.43,147.59,9.21,1.42,1,753.06,54.88
V003,Odisha Queen,SMPK,18.015,85.3588,13.78,241.97,10.74,3.65,0,590.19,34.1
V002,Bharat Star,PARADIP,21.7487,90.9188,11.77,335.99,21.6,2.94,5,473.57,37.76
V004,Steel Infinity,SMPK,18.2126,87.0058,9.83,317.07,31.59,3.38,12,500.8,61.96
V002,Bharat Star,SMPK,27.0083,90.7983,12.73,83.39,27.28,2.19,4,556.17,39.46
V002,Bharat Star,VIZAG,22.6242,85.6832,11.68,96.37,15.0,2.99,7,603.24,48.94
V003,Odisha Queen,SMPK,25.1293,86.3512,12.74,49.3,6.0,1.68,3,348.61,19.8
V005,Eastern Titan,SMPK,20.24,84.1943,10.57,326.63,4.94,1.82,0,496.61,31.26
V004,Steel Infinity,VIZAG,20.3331,85.2082,13.31,103.37,9.74,1.65,8,357.01,22.7
V005,Eastern Titan,PARADIP,25.8276,90.8879,13.87,312.46,31.01,1.99,12,751.96,60.16
V006,Himalaya Dawn,SMPK,23.8833,89.6277,12.1,262.45,27.44,2.44,11,200.96,18.13
V003,Odisha Queen,HALDIA,24.8285,81.693,9.22,315.85,32.49,0.66,5,721.16,67.65
V004,Steel Infinity,PARADIP,23.9857,85.6751,13.51,33.49,2.37,3.71,0,419.06,23.38
V002,Bharat Star,PARADIP,19.4484,89.7309,8.32,33.19,14.9,3.13,10,339.42,41.92
V004,Steel Infinity,VIZAG,16.3348,76.4215,13.94,169.53,13.56,1.59,11,744.6,49.72
V005,Eastern Titan,SMPK,19.242,86.7009,13.41,125.41,17.19,3.32,1,403.59,25.2
V001,Ganga Glory,PARADIP,20.442,81.194,8.48,40.25,23.67,1.59,0,565.7,50.34
V003,Odisha Queen,HALDIA,20.9568,89.7221,10.32,117.52,13.17,0.37,4,208.06,14.27
V005,Eastern Titan,HALDIA,19.811,87.7038,13.93,11.0,4.66,0.4,4,247.31,11.68
V005,Eastern Titan,HALDIA,22.4516,92.1152,8.01,281.87,23.94,2.54,6,420.27,49.98
V007,Ocean Sapphire,PARADIP,19.4467,90.0098,14.09,180.85,4.3,0.47,9,367.51,19.52
V007,Ocean Sapphire,SMPK,25.0794,90.5271,12.64,41.17,16.2,0.32,7,361.14,22.3
V007,Ocean Sapphire,PARADIP,22.724,83.866,13.53,88.8,32.5,1.59,1,390.63,23.86
V005,Eastern Titan,HALDIA,22.6821,91.404,12.15,154.15,19.84,2.02,1,351.93,22.59
V001,Ganga Glory,SMPK,20.9502,92.2002,14.1,147.97,4.16,4.27,8,440.32,30.75
V005,Eastern Titan,SMPK,23.573,92.8622,9.97,264.11,12.91,3.18,8,480.39,46.72
V004,Steel Infinity,SMPK,17.6794,89.6634,11.15,26.89,17.18,2.72,6,559.97,46.26
V001,Ganga Glory,SMPK,21.6214,92.016,11.42,159.4,9.35,1.7,6,396.54,27.99
V003,Odisha Queen,SMPK,15.4921,87.622,13.52,70.96,13.67,2.28,9,788.03,54.59
V002,Bharat Star,VIZAG,11.869,86.678,12.56,168.98,4.7,1.13,8,743.15,46.01
V001,Ganga Glory,HALDIA,16.5501,90.7729,13.25,173.8,24.42,1.77,6,670.5,45.89
V001,Ganga Glory,VIZAG,18.7255,81.6281,11.12,331.38,26.23,3.75,5,209.05,19.13
V004,Steel Infinity,VIZAG,16.0854,90.2898,10.74,61.24,18.99,2.48,7,766.82,67.14
V007,Ocean Sapphire,SMPK,18.5482,83.0721,13.1,319.75,5.44,0.35,9,702.92,40.12
V002,Bharat Star,PARADIP,16.6423,83.3631,11.89,108.78,18.14,2.93,5,533.99,41.17
V005,Eastern Titan,SMPK,24.3661,90.1396,10.0,62.68,21.34,2.23,0,275.65,21.41
V004,Steel Infinity,SMPK,25.5328,85.8251,9.29,280.89,21.78,2.65,2,416.11,38.05
V005,Eastern Titan,HALDIA,18.7898,86.8455,9.78,358.62,11.36,4.36,10,379.78,42.27
V001,Ganga Glory,HALDIA,24.8059,92.1007,11.04,153.11,5.68,3.53,8,516.33,44.19
V002,Bharat Star,PARADIP,23.6328,87.8501,11.28,84.84,5.74,2.33,2,389.58,25.54
V005,Eastern Titan,PARADIP,21.6424,89.3632,11.86,357.73,33.47,3.67,11,320.52,33.05
V006,Himalaya Dawn,HALDIA,24.5022,87.2016,14.46,103.05,34.62,3.15,2,290.66,19.13
V005,Eastern Titan,PARADIP,17.5527,83.3829,14.91,333.3,4.47,1.39,7,458.89,23.82
V001,Ganga Glory,VIZAG,16.4686,85.2983,14.41,65.13,6.18,3.85,6,253.9,16.26
V007,Ocean Sapphire,PARADIP,17.3537,80.2528,11.97,96.46,30.43,2.22,3,746.74,56.12
V006,Himalaya Dawn,VIZAG,20.508,88.8379,8.37,62.95,14.75,1.02,11,662.66,71.13
V007,Ocean Sapphire,VIZAG,22.7229,79.9186,13.72,270.79,34.02,3.76,7,660.39,54.04
V007,Ocean Sapphire,HALDIA,26.0178,87.5868,11.85,212.99,25.12,3.05,12,448.23,43.27
V003,Odisha Queen,VIZAG,10.7174,83.6732,12.74,200.47,14.22,0.3,1,776.48,39.77
V003,Odisha Queen,HALDIA,24.9205,82.8303,13.13,56.7,23.19,0.77,11,623.82,44.7
V002,Bharat Star,PARADIP,17.864,85.231,13.43,61.75,5.7,2.16,3,309.65,17.3
V001,Ganga Glory,HALDIA,24.6534,93.7867,8.99,166.84,20.54,2.79,11,654.32,77.67
V004,Steel Infinity,HALDIA,16.2971,89.8716,13.06,174.38,23.73,3.01,8,663.11,52.36
V003,Odisha Queen,VIZAG,20.3172,85.8078,11.83,254.23,19.22,1.4,8,394.91,29.81
V004,Steel Infinity,VIZAG,17.6712,85.8577,9.8,151.05,7.99,0.23,12,273.1,22.6
V006,Himalaya Dawn,HALDIA,19.3975,93.6668,8.26,29.29,9.45,0.88,5,651.44,57.97
V004,Steel Infinity,VIZAG,21.6891,84.6447,12.93,169.6,9.82,4.35,6,467.05,35.32
V007,Ocean Sapphire,VIZAG,20.1508,84.4735,12.7,62.05,28.84,2.71,0,301.05,19.97
V007,Ocean Sapphire,PARADIP,19.4327,84.7535,8.99,295.96,17.05,0.36,5,218.7,18.24
V001,Ganga Glory,HALDIA,24.0555,83.8773,14.18,48.12,21.55,3.21,9,484.65,36.04
V002,Bharat Star,HALDIA,15.8186,87.9756,13.8,64.97,8.99,3.61,5,688.51,44.99
V001,Ganga Glory,SMPK,26.344,93.6517,10.85,152.21,16.98,0.88,9,686.47,54.63
V003,Odisha Queen,SMPK,27.7866,85.0441,13.04,40.32,25.11,0.88,2,668.05,39.3
V001,Ganga Glory,PARADIP,23.8507,83.7651,10.68,239.33,14.81,3.36,5,490.53,42.37
V006,Himalaya Dawn,VIZAG,17.621,86.1747,12.54,209.93,4.28,1.53,2,306.81,16.76
V007,Ocean Sapphire,HALDIA,23.8211,87.564,10.15,146.67,9.79,0.93,9,207.7,16.73
V004,Steel Infinity,SMPK,20.0681,87.4977,9.12,103.18,34.59,1.73,4,288.22,29.06
V003,Odisha Queen,HALDIA,26.9662,93.292,13.08,290.94,5.87,4.03,0,764.01,46.14
V006,Himalaya Dawn,SMPK,18.0857,83.4531,11.29,241.45,33.02,3.82,9,708.29,73.74
V007,Ocean Sapphire,SMPK,25.18,84.3458,12.64,359.3,27.84,1.63,5,497.13,35.25
V003,Odisha Queen,PARADIP,24.0107,86.0348,10.76,117.77,7.74,0.39,9,414.79,29.54
V005,Eastern Titan,VIZAG,12.5154,84.3793,14.27,107.3,5.36,3.53,9,587.36,39.75
V004,Steel Infinity,HALDIA,23.4293,86.3928,13.2,2.11,28.07,4.26,6,232.69,19.19
V001,Ganga Glory,SMPK,16.1954,86.6659,10.52,298.5,23.79,1.44,2,727.07,54.73
V003,Odisha Queen,VIZAG,20.0097,84.1044,11.2,147.28,3.83,3.39,2,272.13,19.17
V004,Steel Infinity,PARADIP,23.3448,85.8445,8.48,262.31,28.86,1.15,12,345.73,42.07
V001,Ganga Glory,HALDIA,21.2213,90.2991,10.2,109.74,12.86,2.94,12,247.52,25.37
V004,Steel Infinity,SMPK,18.436,90.2574,9.87,169.67,24.73,1.01,4,500.81,41.42
V003,Odisha Queen,VIZAG,18.4675,86.0445,8.22,195.08,7.89,2.93,5,304.74,31.61
V004,Steel Infinity,SMPK,18.2346,89.4604,12.72,209.49,12.12,2.8,9,494.85,37.41
V007,Ocean Sapphire,VIZAG,14.8972,86.7706,10.48,34.79,13.33,2.18,6,484.97,39.88
V003,Odisha Queen,VIZAG,17.3847,90.2591,13.25,20.18,16.49,2.82,0,740.7,43.72
V002,Bharat Star,HALDIA,18.2432,85.1846,10.38,278.79,34.49,4.05,1,515.28,48.38
V004,Steel Infinity,PARADIP,16.954,92.8658,11.64,111.64,19.2,1.25,8,756.94,57.39
V005,Eastern Titan,PARADIP,17.6382,88.1583,12.38,230.22,6.49,0.61,0,339.24,16.67
V005,Eastern Titan,HALDIA,19.2437,88.3441,8.82,166.79,21.29,0.41,12,309.02,32.29
V003,Odisha Queen,PARADIP,16.1964,89.2312,12.4,154.98,2.74,1.87,1,535.01,29.17
V003,Odisha Queen,VIZAG,19.7893,78.4655,12.31,271.81,20.8,3.95,4,558.08,44.01
V002,Bharat Star,HALDIA,17.5871,91.9234,8.08,228.26,34.71,3.93,4,636.5,82.98
V001,Ganga Glory,HALDIA,23.0407,85.325,13.21,251.69,22.85,3.72,3,303.39,21.66
V005,Eastern Titan,HALDIA,18.5795,85.9354,10.38,263.39,9.62,3.96,8,441.12,42.5
V002,Bharat Star,VIZAG,12.2551,84.5445,10.27,223.53,2.89,2.34,12,619.4,55.98
V005,Eastern Titan,HALDIA,18.6978,90.4187,12.97,137.87,14.64,3.85,1,442.82,29.11
V006,Himalaya Dawn,PARADIP,22.3668,86.8711,8.05,95.11,22.14,0.37,11,229.08,25.74
V003,Odisha Queen,SMPK,18.2116,91.3311,8.92,125.09,11.91,1.75,5,576.6,52.0
V007,Ocean Sapphire,SMPK,28.7534,85.266,10.35,90.27,32.75,1.4,7,753.74,69.9
V001,Ganga Glory,HALDIA,28.5256,91.2045,9.99,291.37,22.1,4.22,11,790.37,93.44
V001,Ganga Glory,VIZAG,18.6218,89.2252,14.02,299.23,29.79,2.15,8,636.61,46.04
V002,Bharat Star,HALDIA,19.4874,86.0919,14.94,177.12,32.68,2.46,10,347.21,25.68
V003,Odisha Queen,SMPK,26.6484,85.3515,14.8,33.75,32.96,1.01,12,544.5,38.69
V001,Ganga Glory,SMPK,17.8011,85.1241,14.25,58.86,9.88,2.52,11,623.4,42.49
V002,Bharat Star,PARADIP,22.0888,81.0426,8.31,177.54,7.19,3.07,4,610.67,61.36
V004,Steel Infinity,HALDIA,23.5897,93.0578,12.16,141.04,28.24,2.05,8,541.54,44.4
V006,Himalaya Dawn,VIZAG,19.8987,78.1965,11.7,272.85,20.86,1.38,5,588.73,42.13
V006,Himalaya Dawn,VIZAG,13.7117,81.6659,14.43,240.35,2.82,2.64,3,474.9,25.06
V003,Odisha Queen,PARADIP,22.1716,87.4087,9.57,166.89,7.72,2.41,1,221.52,16.99
V005,Eastern Titan,HALDIA,25.46,86.208,9.13,32.28,13.56,2.18,6,427.42,40.41
V001,Ganga Glory,PARADIP,19.1341,89.7995,12.8,84.11,19.66,4.11,7,357.96,29.4
V004,Steel Infinity,SMPK,28.7672,88.4629,13.1,134.45,31.71,3.37,8,691.51,58.52
V004,Steel Infinity,PARADIP,24.5448,88.1872,13.79,60.02,25.8,3.5,7,496.61,37.87
V001,Ganga Glory,PARADIP,17.3995,80.9429,12.24,257.53,8.72,4.04,2,679.84,47.45
V002,Bharat Star,SMPK,25.0958,84.7528,12.15,178.42,14.05,4.27,7,458.57,38.71
V005,Eastern Titan,PARADIP,16.7855,83.5438,14.42,113.74,20.14,4.42,10,509.48,40.79
V001,Ganga Glory,HALDIA,25.8625,92.6896,9.1,75.3,26.33,2.88,4,636.19,65.68
V007,Ocean Sapphire,PARADIP,20.7001,90.2621,11.92,342.86,27.12,2.29,8,381.65,32.2
V003,Odisha Queen,VIZAG,22.8133,79.1923,14.73,262.98,23.92,2.38,12,711.48,52.47
V003,Odisha Queen,HALDIA,19.1362,86.5935,14.15,346.44,32.43,0.64,1,354.14,19.35
V006,Himalaya Dawn,HALDIA,24.9968,88.4946,9.61,156.26,31.04,3.31,4,335.06,34.65
V001,Ganga Glory,SMPK,28.5997,92.2208,11.6,113.05,26.18,3.28,8,779.05,71.56
V002,Bharat Star,HALDIA,27.9498,85.9528,10.02,94.82,11.05,4.23,7,693.74,69.44
V002,Bharat Star,SMPK,27.2211,91.6922,9.81,340.04,31.05,4.45,4,621.89,67.36
V006,Himalaya Dawn,SMPK,21.2056,85.0296,14.05,11.61,18.83,0.49,7,369.07,21.27
V003,Odisha Queen,HALDIA,24.4064,81.9171,14.24,274.98,24.57,1.14,3,681.88,38.37
V003,Odisha Queen,HALDIA,24.2995,88.879,8.72,304.1,30.86,4.04,10,268.0,36.99
V004,Steel Infinity,SMPK,21.8293,82.9572,12.38,310.1,14.12,2.33,8,555.86,41.36
V004,Steel Infinity,SMPK,20.7575,92.6291,12.53,353.01,14.6,0.51,2,489.75,26.81
V007,Ocean Sapphire,PARADIP,21.0756,83.7471,12.49,236.79,15.57,2.83,7,310.41,23.39
V004,Steel Infinity,SMPK,22.38,85.2661,12.82,308.7,6.0,3.81,9,312.32,24.09
V007,Ocean Sapphire,PARADIP,21.6017,84.78,14.89,198.81,17.12,3.81,7,238.36,16.25
V001,Ganga Glory,PARADIP,17.0995,83.9942,11.26,120.19,17.4,3.4,5,452.43,37.82
V001,Ganga Glory,PARADIP,24.3541,81.4703,13.17,247.09,31.64,3.0,12,693.94,62.6
V007,Ocean Sapphire,VIZAG,13.831,86.6876,8.06,212.52,22.14,3.35,9,563.06,74.66
V007,Ocean Sapphire,SMPK,24.2594,87.3156,10.32,198.85,33.65,0.62,7,214.99,19.05
V007,Ocean Sapphire,HALDIA,22.1647,91.1978,14.77,80.58,5.85,0.44,0,323.75,13.06
V003,Odisha Queen,SMPK,22.4152,94.6289,13.26,280.72,2.15,1.67,11,650.38,41.92
V001,Ganga Glory,VIZAG,18.4043,80.3856,10.15,355.39,2.52,1.89,2,316.15,21.67
V004,Steel Infinity,HALDIA,19.0159,86.6225,10.28,307.25,32.91,4.32,7,365.03,40.91
V005,Eastern Titan,SMPK,26.2209,91.4372,13.34,183.58,26.85,2.29,11,517.21,41.73
V003,Odisha Queen,VIZAG,20.1818,81.8283,12.37,125.97,22.14,2.36,1,316.35,20.76
V006,Himalaya Dawn,VIZAG,21.7109,81.3805,14.32,56.57,31.02,2.19,3,489.31,30.78
V002,Bharat Star,PARADIP,27.3495,85.6317,9.65,230.84,25.11,2.88,8,788.06,84.27
V004,Steel Infinity,VIZAG,17.9619,89.4671,9.26,26.91,30.03,3.58,1,655.62,65.35
V002,Bharat Star,HALDIA,23.6603,94.9563,14.29,12.97,12.0,1.31,11,730.07,45.95
V003,Odisha Queen,SMPK,17.1167,86.7589,9.0,285.79,31.57,2.87,6,625.27,71.01
V007,Ocean Sapphire,HALDIA,22.5284,90.9268,8.7,188.6,8.21,3.77,0,300.57,27.25
V004,Steel Infinity,VIZAG,21.9585,85.5386,8.66,315.7,20.9,1.92,3,530.16,50.54
V003,Odisha Queen,HALDIA,16.447,84.1972,14.93,202.83,8.51,2.26,5,739.55,40.36
V002,Bharat Star,SMPK,24.4653,90.0711,8.79,205.59,9.78,1.97,8,279.23,27.57
V002,Bharat Star,SMPK,19.8499,89.3549,14.81,33.44,10.75,3.89,5,319.53,20.08
V005,Eastern Titan,PARADIP,25.137,82.5557,13.9,335.29,10.35,0.36,9,678.59,38.2
V006,Himalaya Dawn,PARADIP,18.2863,93.4745,13.71,239.44,25.77,2.62,4,753.95,50.59
V003,Odisha Queen,VIZAG,16.5044,77.9823,13.41,268.93,31.11,2.63,2,578.24,38.88
V005,Eastern Titan,HALDIA,17.4196,86.0804,14.35,187.13,34.34,2.47,5,550.86,37.94
V007,Ocean Sapphire,PARADIP,20.9495,88.389,12.35,340.9,3.27,1.23,6,196.94,11.76
V004,Steel Infinity,SMPK,19.9309,85.8469,8.13,25.98,19.76,0.66,9,386.56,41.24
V007,Ocean Sapphire,VIZAG,15.1,86.8465,11.66,149.05,7.68,1.2,4,477.12,29.66
V003,Odisha Queen,PARADIP,20.9114,90.3706,11.8,296.61,30.41,2.31,6,395.84,32.85
V005,Eastern Titan,PARADIP,16.5674,87.0174,12.95,243.68,21.32,3.3,7,419.37,32.68
V001,Ganga Glory,PARADIP,21.7813,83.8514,9.44,70.68,19.46,0.77,2,330.07,25.48
V007,Ocean Sapphire,PARADIP,18.4919,88.4355,9.8,181.38,15.02,1.81,1,278.52,21.06
V006,Himalaya Dawn,HALDIA,24.9782,88.3943,13.27,252.96,8.3,0.38,6,331.8,17.87
V001,Ganga Glory,SMPK,22.3241,94.6288,8.8,261.61,24.0,2.49,7,650.89,72.02
V001,Ganga Glory,VIZAG,16.3416,86.3983,9.79,173.69,7.72,1.17,5,363.88,27.6
V002,Bharat Star,HALDIA,20.741,95.0545,14.35,102.7,21.39,4.23,10,737.79,59.15
V005,Eastern Titan,SMPK,22.4042,85.8691,12.71,0.29,3.02,3.7,2,250.29,15.8
V001,Ganga Glory,SMPK,27.1035,87.1724,10.53,329.66,9.77,0.24,1,518.95,30.78
V001,Ganga Glory,SMPK,20.5805,89.9416,14.8,33.28,30.23,3.86,6,277.08,20.16
V004,Steel Infinity,VIZAG,14.0519,77.9038,11.08,160.51,16.16,1.23,1,702.95,45.37
V004,Steel Infinity,PARADIP,23.7324,89.4717,10.16,193.36,5.77,4.33,10,479.94,49.49
V007,Ocean Sapphire,HALDIA,21.406,86.2294,9.47,184.12,23.94,1.82,4,200.68,18.24
V007,Ocean Sapphire,HALDIA,22.9369,86.1883,11.79,299.91,11.24,2.13,3,218.2,14.45
V004,Steel Infinity,VIZAG,19.2583,86.8474,12.11,52.76,19.47,4.04,5,414.66,34.03
V004,Steel Infinity,VIZAG,18.5148,87.2385,8.69,43.97,19.79,1.08,9,428.3,44.17
V002,Bharat Star,SMPK,17.268,90.0405,9.15,66.12,24.41,2.69,12,614.85,74.75
V003,Odisha Queen,PARADIP,23.0742,88.879,9.66,328.68,12.7,2.04,4,385.03,32.13
V003,Odisha Queen,SMPK,24.4929,87.8052,11.02,5.32,7.87,0.4,10,221.86,15.83
V005,Eastern Titan,SMPK,20.388,84.0592,8.8,1.46,25.36,2.99,12,500.33,64.91
V005,Eastern Titan,HALDIA,18.6145,94.3098,8.88,205.42,27.46,1.43,6,753.04,76.69
V004,Steel Infinity,PARADIP,19.8092,84.6964,14.45,37.5,6.94,1.31,4,208.78,10.5
V007,Ocean Sapphire,VIZAG,22.4879,82.2321,13.83,74.45,6.57,0.62,0,544.6,24.01
V002,Bharat Star,PARADIP,25.1795,83.1052,14.19,249.3,25.76,2.07,5,649.43,41.67
V002,Bharat Star,SMPK,17.8935,89.3214,11.93,274.57,5.74,2.17,12,528.63,41.51
V002,Bharat Star,VIZAG,17.6926,79.9519,13.59,106.4,9.96,1.8,5,352.56,20.64
V004,Steel Infinity,SMPK,26.3443,93.7698,12.17,144.99,8.62,4.23,1,695.96,48.04
V001,Ganga Glory,PARADIP,26.9753,87.97,11.04,174.8,31.11,1.83,10,752.68,71.57
V007,Ocean Sapphire,HALDIA,23.0415,85.7498,10.04,124.31,34.47,4.44,11,263.54,33.75
V004,Steel Infinity,SMPK,27.0101,84.8679,12.86,114.34,5.18,0.99,11,604.9,38.92
V001,Ganga Glory,PARADIP,25.6843,84.7132,14.82,77.47,10.19,2.59,7,627.56,37.69
V004,Steel Infinity,PARADIP,18.8188,84.6643,14.66,199.5,27.71,3.3,8,264.28,19.42
V001,Ganga Glory,PARADIP,23.8191,82.3512,10.83,133.55,10.06,4.06,10,587.18,57.4
V006,Himalaya Dawn,PARADIP,18.681,88.4485,12.7,236.57,21.21,1.27,12,264.47,20.5
V006,Himalaya Dawn,VIZAG,21.7549,83.7285,14.19,1.67,10.88,1.18,0,454.43,21.24
V002,Bharat Star,VIZAG,13.8035,81.2758,12.31,61.71,23.2,2.19,12,482.44,41.8
V006,Himalaya Dawn,VIZAG,12.4237,85.5523,13.48,197.86,24.87,1.65,2,634.35,38.12
V007,Ocean Sapphire,SMPK,24.3152,83.51,14.45,239.24,4.55,3.25,5,526.59,31.05
V004,Steel Infinity,SMPK,19.3529,88.918,12.89,24.48,8.62,4.43,8,361.25,28.72
V003,Odisha Queen,HALDIA,28.8562,90.1621,14.95,291.26,3.23,1.98,7,789.94,42.51
V001,Ganga Glory,VIZAG,20.9697,77.2681,11.83,121.25,27.8,1.18,3,728.51,50.67
V003,Odisha Queen,HALDIA,20.3795,91.5846,9.18,102.77,6.9,2.09,3,407.89,33.45
V002,Bharat Star,VIZAG,24.1607,80.4386,13.82,175.35,9.6,3.28,10,777.6,56.31
V007,Ocean Sapphire,SMPK,23.4185,82.8815,10.12,55.89,33.44,1.21,2,562.98,46.39
V005,Eastern Titan,PARADIP,21.0965,89.3535,9.08,237.94,19.09,4.02,8,297.13,34.94
V004,Steel Infinity,PARADIP,21.4719,79.7033,12.95,253.51,7.41,3.66,8,729.77,54.41
V004,Steel Infinity,SMPK,17.289,85.6824,8.35,227.82,14.22,3.61,5,645.77,72.28
V007,Ocean Sapphire,SMPK,20.9868,89.1569,13.76,265.37,20.26,4.22,4,195.04,13.95
V001,Ganga Glory,HALDIA,18.4845,82.9045,13.62,70.33,33.19,1.34,7,665.43,46.83
V005,Eastern Titan,SMPK,23.5606,83.8482,13.05,333.9,31.47,3.04,10,469.11,40.9
V005,Eastern Titan,SMPK,17.3484,90.9742,14.35,137.79,21.47,2.19,12,642.33,47.19
V006,Himalaya Dawn,SMPK,20.1575,83.3174,8.61,196.97,31.29,3.18,12,580.48,80.85
V001,Ganga Glory,HALDIA,24.0124,84.5059,14.92,329.2,5.59,3.86,11,426.45,29.62
V004,Steel Infinity,PARADIP,20.5615,80.585,10.4,343.39,26.67,3.81,7,629.34,65.21
V004,Steel Infinity,PARADIP,18.372,85.3858,10.6,202.57,4.35,4.47,6,252.36,22.64
V006,Himalaya Dawn,HALDIA,23.8493,88.915,8.24,96.93,14.37,2.04,11,222.47,26.15
V007,Ocean Sapphire,HALDIA,19.6891,90.8173,14.56,176.94,30.59,2.99,2,385.58,24.35
V004,Steel Infinity,HALDIA,18.8054,91.6829,11.67,214.65,29.73,1.56,10,519.1,45.42
V005,Eastern Titan,VIZAG,21.3409,82.1607,11.52,311.14,2.39,1.6,7,422.56,28.39
V004,Steel Infinity,PARADIP,18.4781,80.2165,8.28,288.92,18.13,0.34,8,702.07,69.06
V004,Steel Infinity,PARADIP,17.9563,89.367,12.77,277.49,5.47,4.03,1,390.31,24.8
V002,Bharat Star,VIZAG,12.3031,85.1047,13.66,41.47,34.09,0.24,5,630.22,39.13
V006,Himalaya Dawn,PARADIP,16.4376,81.1526,14.81,57.97,30.0,4.08,10,720.44,58.38
V003,Odisha Queen,VIZAG,19.335,80.0249,9.8,102.83,28.36,2.11,7,388.9,38.79
V005,Eastern Titan,PARADIP,15.7477,89.1022,14.55,124.87,18.83,4.27,8,572.11,42.58
V007,Ocean Sapphire,SMPK,26.268,90.1174,9.25,271.74,4.52,1.86,6,452.51,38.4
V006,Himalaya Dawn,VIZAG,15.0342,84.7447,10.71,117.12,15.45,2.2,9,334.11,29.43
V004,Steel Infinity,PARADIP,27.4797,87.0301,14.99,129.75,24.88,3.36,1,797.21,46.94
V004,Steel Infinity,PARADIP,23.5067,93.1821,11.06,37.65,29.88,1.3,6,763.93,62.96
V001,Ganga Glory,VIZAG,21.1681,86.1686,9.59,30.7,13.1,1.99,11,491.2,48.99
V004,Steel Infinity,HALDIA,27.2983,86.7767,8.78,250.12,24.89,0.22,8,602.14,58.42
V007,Ocean Sapphire,SMPK,27.4186,86.2468,12.52,12.17,25.32,3.66,1,579.53,41.74
V004,Steel Infinity,PARADIP,25.2079,84.7481,13.19,312.46,26.76,1.75,1,576.37,35.09
V007,Ocean Sapphire,SMPK,19.3727,91.3727,14.92,223.87,3.29,1.21,6,476.0,23.48
V004,Steel Infinity,HALDIA,22.2738,94.1974,13.28,170.72,25.42,2.57,0,632.75,38.91
V007,Ocean Sapphire,VIZAG,20.0015,80.9093,14.62,184.31,18.67,0.22,2,358.18,16.97
V002,Bharat Star,PARADIP,20.0027,91.6048,10.23,181.09,32.34,4.43,4,521.5,54.52
V002,Bharat Star,VIZAG,13.3985,88.4922,12.81,221.43,19.04,2.76,0,734.37,45.44
V004,Steel Infinity,SMPK,18.4228,89.7036,9.45,29.92,26.97,2.18,6,481.64,48.37
V005,Eastern Titan,HALDIA,16.9791,89.8935,14.02,264.96,28.18,0.42,1,591.47,31.08
V001,Ganga Glory,VIZAG,23.2328,83.5009,8.83,89.42,5.43,1.06,8,616.77,54.31
V005,Eastern Titan,PARADIP,20.2682,83.0029,10.11,17.05,19.26,1.22,7,377.28,32.07
V001,Ganga Glory,HALDIA,16.2095,84.6371,12.73,114.88,7.6,4.43,7,738.37,57.61
V007,Ocean Sapphire,SMPK,27.9375,89.5733,12.7,314.46,33.87,2.8,1,612.58,43.47
V005,Eastern Titan,HALDIA,26.3712,90.564,8.79,262.1,23.7,3.9,3,547.38,59.7
V007,Ocean Sapphire,VIZAG,17.1572,77.4391,11.63,41.63,5.99,1.11,4,622.48,37.95
V001,Ganga Glory,HALDIA,17.2477,91.7384,13.54,106.12,19.09,1.83,9,654.76,45.6
V003,Odisha Queen,HALDIA,25.0769,93.4224,8.59,130.76,28.69,2.97,10,644.17,83.46
V004,Steel Infinity,SMPK,29.7489,87.866,11.91,40.28,21.47,4.06,12,801.65,80.21
V005,Eastern Titan,VIZAG,13.7578,79.6323,10.31,156.56,29.23,1.84,6,586.12,53.51
V006,Himalaya Dawn,HALDIA,16.9274,87.7703,13.39,260.87,28.85,3.48,9,565.97,47.49
V007,Ocean Sapphire,HALDIA,23.9266,86.8701,8.75,257.96,17.49,2.93,2,245.47,23.59
V005,Eastern Titan,PARADIP,14.2546,87.0475,13.78,56.07,30.07,3.53,6,675.96,51.73
V002,Bharat Star,PARADIP,24.1134,85.9374,11.2,230.01,32.34,2.23,10,427.61,41.49
V007,Ocean Sapphire,VIZAG,20.3943,88.0722,12.55,75.22,32.09,3.44,11,586.58,55.96
V005,Eastern Titan,SMPK,19.9147,83.1389,13.65,288.26,25.89,1.92,5,609.86,40.31
V007,Ocean Sapphire,PARADIP,14.9165,84.2455,10.59,267.24,28.35,3.19,5,651.36,61.26
V004,Steel Infinity,SMPK,18.3821,90.7754,9.94,93.72,20.51,2.32,11,530.33,55.14
V005,Eastern Titan,HALDIA,16.9437,91.0361,12.03,346.05,30.18,2.02,5,643.9,50.04
V005,Eastern Titan,PARADIP,24.9378,84.9504,9.19,189.43,26.51,0.94,3,541.3,47.18
V007,Ocean Sapphire,HALDIA,25.4544,87.8196,8.97,151.38,20.83,4.38,7,383.78,46.07
V007,Ocean Sapphire,VIZAG,16.852,86.5138,8.51,318.04,6.1,2.13,9,355.78,36.57
V007,Ocean Sapphire,SMPK,24.6624,93.0027,14.62,191.25,14.76,1.27,1,533.58,25.89
V005,Eastern Titan,SMPK,20.0427,83.409,14.51,235.88,28.02,0.88,9,578.29,37.43
V004,Steel Infinity,HALDIA,21.6007,94.6647,8.87,92.13,20.96,0.83,12,683.32,73.2
V001,Ganga Glory,SMPK,25.0256,91.5761,9.03,240.89,10.2,1.3,2,432.27,33.79
V003,Odisha Queen,HALDIA,19.1157,88.3596,9.05,265.06,11.92,1.97,0,323.34,25.41
V005,Eastern Titan,HALDIA,24.3409,82.6288,12.11,276.52,23.58,2.51,6,612.62,47.98
V004,Steel Infinity,SMPK,27.4643,83.694,9.12,38.29,24.53,0.71,8,716.8,69.34
V004,Steel Infinity,PARADIP,15.4335,89.4544,9.23,77.59,30.23,3.03,11,620.59,77.61
V004,Steel Infinity,HALDIA,19.8739,94.0001,13.28,196.24,16.39,2.64,3,660.94,41.86
V003,Odisha Queen,VIZAG,21.7252,83.3954,14.19,139.24,34.26,0.39,11,448.86,31.42
V005,Eastern Titan,VIZAG,18.1391,81.3574,14.32,149.42,26.06,3.47,9,209.45,16.14
V001,Ganga Glory,SMPK,25.8896,89.3959,11.28,179.02,26.1,1.07,2,387.61,26.94
V005,Eastern Titan,HALDIA,23.2561,91.8057,14.7,43.13,26.37,1.14,12,408.61,28.15
V007,Ocean Sapphire,PARADIP,21.5545,89.3071,14.62,205.92,10.17,1.44,9,310.99,18.19
V001,Ganga Glory,VIZAG,22.1813,83.9732,13.86,220.96,18.39,2.15,0,504.64,27.54
V007,Ocean Sapphire,HALDIA,24.2685,93.7133,10.74,54.72,4.59,2.56,1,630.15,42.52
V002,Bharat Star,SMPK,18.5047,93.5997,8.2,295.09,23.69,4.44,0,711.83,78.88
V007,Ocean Sapphire,PARADIP,18.2361,87.1455,13.89,117.29,18.17,1.72,6,238.19,14.8
V007,Ocean Sapphire,HALDIA,24.0051,86.5784,8.56,223.98,5.9,3.38,2,268.71,25.13
V002,Bharat Star,HALDIA,28.388,86.3851,14.04,55.58,16.17,4.21,0,728.92,44.43
V007,Ocean Sapphire,PARADIP,13.2938,86.9761,9.94,159.72,11.97,1.61,0,782.19,54.5
V005,Eastern Titan,HALDIA,24.9482,86.2802,8.44,171.94,23.09,0.56,11,373.74,40.97
V003,Odisha Queen,HALDIA,23.7062,83.8072,9.1,136.36,8.16,0.42,2,474.78,33.6
V002,Bharat Star,HALDIA,24.5557,88.3155,9.48,54.27,5.59,2.61,9,284.27,27.12
V004,Steel Infinity,VIZAG,17.4192,85.2884,11.52,331.29,31.54,1.1,1,215.04,14.81
V005,Eastern Titan,HALDIA,17.1505,85.3547,8.54,64.55,32.42,3.81,3,610.12,71.78
V005,Eastern Titan,PARADIP,15.0709,84.8575,11.53,233.01,9.13,3.63,9,612.79,53.07
V004,Steel Infinity,HALDIA,24.4135,90.4346,12.74,113.94,28.33,0.86,9,360.97,26.64
V006,Himalaya Dawn,HALDIA,24.5035,84.9631,10.02,301.36,6.73,2.27,5,420.64,33.78
V004,Steel Infinity,SMPK,24.4238,89.4925,10.59,251.07,21.27,2.45,6,241.25,21.19
V003,Odisha Queen,HALDIA,19.5855,82.219,11.79,313.06,30.55,2.14,4,664.24,51.83
V001,Ganga Glory,SMPK,22.9303,86.0457,13.1,53.58,15.04,2.26,7,235.02,16.15
V001,Ganga Glory,VIZAG,14.4655,82.0906,14.61,182.61,17.81,2.54,2,380.4,21.37
V007,Ocean Sapphire,VIZAG,14.5575,83.6148,10.78,229.64,31.12,2.36,7,350.15,32.86
V001,Ganga Glory,VIZAG,13.9896,82.8749,9.79,103.12,33.96,3.82,2,413.74,41.68
V003,Odisha Queen,VIZAG,16.5104,81.2036,14.35,206.69,12.8,0.99,0,256.72,11.86
V007,Ocean Sapphire,VIZAG,12.7453,78.8063,10.92,32.79,22.22,2.27,11,729.75,69.62
V005,Eastern Titan,PARADIP,21.5372,83.5786,9.77,169.42,2.24,3.99,11,343.64,35.95
V005,Eastern Titan,VIZAG,20.0969,83.8003,12.37,6.28,10.76,2.55,0,273.18,16.27
V004,Steel Infinity,SMPK,21.24,92.8317,12.17,333.5,27.84,3.99,3,489.69,39.76
V005,Eastern Titan,HALDIA,24.0502,86.5702,11.56,306.22,11.93,1.26,10,273.32,20.7
V002,Bharat Star,HALDIA,22.0734,82.5152,14.65,278.32,30.89,3.7,4,571.5,39.66
V005,Eastern Titan,VIZAG,13.7381,83.3864,9.01,347.48,27.42,0.27,6,439.57,40.48
V002,Bharat Star,VIZAG,15.8456,83.9623,14.49,72.38,3.72,2.93,7,217.58,13.07
V006,Himalaya Dawn,HALDIA,25.4066,87.0453,9.2,159.28,30.29,0.78,12,391.55,43.21
V006,Himalaya Dawn,HALDIA,18.9795,84.9078,9.35,149.63,7.43,4.16,12,470.44,55.14
V005,Eastern Titan,VIZAG,14.9893,84.5322,10.66,324.31,29.52,2.3,8,328.69,31.53
V002,Bharat Star,SMPK,18.7185,87.116,13.2,139.55,12.28,4.16,6,443.49,32.99
V005,Eastern Titan,PARADIP,18.9244,89.0875,13.73,189.78,23.41,0.81,0,301.45,15.61
V006,Himalaya Dawn,SMPK,21.2155,86.4863,10.41,280.95,17.42,3.76,1,238.83,19.8
V006,Himalaya Dawn,PARADIP,17.0837,85.9807,14.27,300.03,15.21,2.3,4,366.1,21.47
V004,Steel Infinity,VIZAG,19.4054,89.8674,9.83,85.26,11.9,2.05,7,720.08,63.44
V003,Odisha Queen,HALDIA,21.3496,82.2687,13.86,52.83,19.72,4.13,6,602.86,44.69
V004,Steel Infinity,HALDIA,19.5219,84.7697,12.22,87.03,5.85,2.46,9,439.94,32.24
V004,Steel Infinity,VIZAG,21.153,79.5305,13.55,12.09,18.88,0.58,0,550.29,27.38
V002,Bharat Star,SMPK,24.5473,87.9994,11.79,118.99,11.45,3.76,0,224.19,15.32
V006,Himalaya Dawn,HALDIA,28.7739,86.5301,8.22,324.49,20.26,2.24,6,767.62,84.95
V004,Steel Infinity,HALDIA,18.8534,83.0308,10.99,122.08,4.13,2.2,3,630.64,42.65
V004,Steel Infinity,PARADIP,15.7605,91.4847,8.35,105.05,11.54,1.98,3,722.07,66.93
V001,Ganga Glory,PARADIP,20.0182,83.9609,11.37,310.53,31.02,1.75,1,279.56,20.34
V004,Steel Infinity,VIZAG,18.4241,76.212,11.21,204.8,20.21,2.85,5,751.61,61.98
V002,Bharat Star,HALDIA,19.9942,84.9679,14.83,106.95,5.93,3.44,2,391.48,21.22
V002,Bharat Star,VIZAG,11.5165,79.6946,12.55,69.88,34.25,2.5,3,787.33,58.87
V005,Eastern Titan,HALDIA,16.7911,84.71,9.3,284.13,24.85,4.02,7,678.3,78.71
V002,Bharat Star,SMPK,19.7841,91.5073,11.42,198.13,28.2,2.15,7,452.94,38.83
V006,Himalaya Dawn,VIZAG,18.2859,86.6937,12.56,325.84,21.07,3.81,10,367.06,32.69
V006,Himalaya Dawn,PARADIP,21.6311,91.1186,14.84,128.22,28.16,3.84,3,489.27,32.35
V006,Himalaya Dawn,VIZAG,16.7805,81.4609,10.17,78.98,14.16,4.02,6,218.05,21.11
V002,Bharat Star,VIZAG,21.987,77.9284,14.03,199.99,9.06,3.08,7,735.79,47.96
V004,Steel Infinity,VIZAG,17.1732,86.9414,10.56,237.88,34.69,2.49,2,392.65,34.0
V003,Odisha Queen,SMPK,24.4465,87.0138,8.67,106.08,32.93,2.85,11,248.33,33.24
V002,Bharat Star,SMPK,29.0237,89.667,14.21,130.63,19.44,4.13,8,732.71,55.55
V004,Steel Infinity,VIZAG,16.105,88.149,10.43,196.12,18.34,3.79,12,547.16,60.25
V005,Eastern Titan,VIZAG,12.6833,82.0451,13.02,3.89,33.41,4.4,1,572.26,43.41
V007,Ocean Sapphire,SMPK,27.2619,87.6921,13.85,42.17,19.81,3.15,10,527.51,40.49
V006,Himalaya Dawn,VIZAG,13.7412,80.7283,10.45,141.11,2.82,3.25,7,517.07,43.79
V003,Odisha Queen,SMPK,25.1776,88.7241,13.4,277.61,8.15,2.14,12,295.34,21.0
V004,Steel Infinity,SMPK,19.757,85.1681,14.82,122.27,4.88,4.39,7,449.34,29.51
V003,Odisha Queen,VIZAG,14.828,77.6465,10.72,111.56,16.97,1.52,4,680.29,50.78
V007,Ocean Sapphire,HALDIA,19.7939,88.898,11.94,75.0,17.99,1.03,7,261.34,18.37
V006,Himalaya Dawn,SMPK,25.202,93.8144,9.08,76.9,2.02,2.21,9,633.42,59.44
V006,Himalaya Dawn,HALDIA,22.3073,85.6584,14.89,341.35,23.8,3.38,12,249.52,19.41
V004,Steel Infinity,PARADIP,23.621,89.46,12.53,29.95,14.75,2.26,5,469.53,31.98
V003,Odisha Queen,SMPK,19.2538,89.7194,9.77,46.4,19.34,4.03,3,395.05,38.03
V001,Ganga Glory,HALDIA,20.8985,82.4951,11.75,338.1,9.16,0.51,7,588.99,37.47
V004,Steel Infinity,PARADIP,19.8069,81.5957,8.13,209.83,25.05,2.95,10,527.84,70.5
V001,Ganga Glory,PARADIP,20.0283,79.9551,10.8,184.29,23.89,2.67,8,696.34,65.06
V005,Eastern Titan,SMPK,25.6583,88.9425,14.09,8.69,33.16,0.61,12,351.72,25.55
V004,Steel Infinity,PARADIP,22.7991,91.9772,14.99,335.49,27.6,4.13,12,618.73,51.26
V007,Ocean Sapphire,SMPK,27.1189,89.9836,9.53,184.81,28.36,0.74,11,535.67,54.85
V007,Ocean Sapphire,PARADIP,17.4232,89.668,13.69,44.6,2.24,2.97,2,454.51,25.11
V002,Bharat Star,VIZAG,13.1607,84.941,11.99,125.72,31.73,3.55,1,534.15,41.49
V005,Eastern Titan,HALDIA,24.52,86.0189,9.9,321.06,7.58,2.44,6,348.37,29.61
V002,Bharat Star,HALDIA,22.0863,92.7919,10.9,117.88,8.46,3.58,7,487.74,42.21
V001,Ganga Glory,SMPK,20.5642,83.176,9.32,246.98,2.6,3.21,9,574.01,56.97
V001,Ganga Glory,HALDIA,24.2513,90.6834,13.27,119.03,13.83,1.32,10,366.14,24.62
V005,Eastern Titan,VIZAG,12.104,80.8148,8.46,331.44,15.13,1.88,7,675.21,69.91
V004,Steel Infinity,SMPK,20.7519,87.1813,12.13,302.64,28.86,1.84,2,230.96,16.07
V002,Bharat Star,SMPK,22.7074,95.3472,11.8,75.66,18.26,2.77,5,723.44,55.63
V002,Bharat Star,HALDIA,18.8421,85.7299,9.18,70.11,17.18,2.15,10,427.81,45.41
V001,Ganga Glory,SMPK,26.3296,93.1334,11.5,329.3,34.45,1.61,3,644.88,49.74
V004,Steel Infinity,SMPK,24.9628,86.4843,14.63,354.6,25.96,0.51,4,325.76,17.67
V002,Bharat Star,PARADIP,17.0415,80.2323,12.03,87.38,14.07,4.5,12,765.13,74.36
V002,Bharat Star,HALDIA,21.2362,93.193,14.65,314.65,11.08,3.33,4,537.5,32.08
V002,Bharat Star,PARADIP,18.6,82.7035,14.37,227.83,29.68,1.15,9,452.94,30.56
V004,Steel Infinity,PARADIP,25.0313,87.6567,14.32,210.23,34.67,2.84,6,534.56,38.82
V007,Ocean Sapphire,SMPK,27.4775,88.3844,13.52,151.5,32.72,3.3,9,547.98,46.11
V001,Ganga Glory,HALDIA,24.8133,82.1499,13.11,260.84,3.22,4.17,10,678.75,52.72
V004,Steel Infinity,PARADIP,13.8183,86.1273,11.61,260.42,32.88,1.71,9,724.85,64.26
V005,Eastern Titan,PARADIP,22.2458,87.2405,9.37,207.7,28.27,1.77,2,223.58,19.96
V006,Himalaya Dawn,PARADIP,25.1353,87.1546,13.02,1.11,23.18,2.78,6,538.24,39.8
V005,Eastern Titan,VIZAG,19.989,89.739,13.98,199.06,20.33,3.87,5,726.12,51.33
V006,Himalaya Dawn,SMPK,29.3885,86.1558,14.45,227.74,8.61,2.63,6,789.98,47.03
V005,Eastern Titan,VIZAG,23.0017,81.6486,10.19,61.41,33.26,0.37,10,614.61,58.06
V001,Ganga Glory,VIZAG,14.6874,82.3353,8.17,288.87,23.12,3.94,11,348.77,49.87
V005,Eastern Titan,VIZAG,12.7726,86.4007,14.68,13.64,23.56,2.74,3,641.09,38.83
V007,Ocean Sapphire,SMPK,23.794,82.7139,11.67,254.71,9.28,1.42,8,587.5,41.65
V006,Himalaya Dawn,SMPK,23.1138,85.9947,13.54,326.99,12.71,1.74,4,244.43,14.22
V006,Himalaya Dawn,HALDIA,22.978,91.596,9.69,278.25,34.33,1.95,7,378.87,39.34
V001,Ganga Glory,HALDIA,18.7791,82.2875,8.81,287.45,28.86,0.67,5,700.62,67.01
V001,Ganga Glory,PARADIP,21.7112,92.0133,13.52,222.51,12.9,2.61,9,580.76,40.98
V007,Ocean Sapphire,HALDIA,24.3857,91.8383,12.42,42.11,19.28,4.21,6,467.83,38.77
V002,Bharat Star,PARADIP,17.5094,89.9529,13.64,304.71,30.73,2.14,6,469.62,33.41
V002,Bharat Star,VIZAG,16.9472,88.909,10.92,235.09,10.9,0.86,5,603.2,41.04
V003,Odisha Queen,SMPK,26.9287,90.4053,14.39,324.2,2.72,2.43,9,531.25,32.19
V007,Ocean Sapphire,PARADIP,14.0532,88.6522,9.01,104.67,21.7,3.76,8,729.47,86.42
V006,Himalaya Dawn,VIZAG,23.2151,78.9193,14.59,192.28,31.47,1.25,2,763.95,43.19
V007,Ocean Sapphire,PARADIP,20.9548,82.6998,14.12,274.94,25.77,2.86,8,413.98,30.33
V007,Ocean Sapphire,PARADIP,24.8586,89.3109,12.09,354.72,7.99,2.82,4,575.28,39.23
V007,Ocean Sapphire,VIZAG,14.0241,83.9515,8.94,170.61,29.29,2.28,2,413.9,40.35
V007,Ocean Sapphire,HALDIA,18.5803,81.9157,8.53,296.74,26.47,3.68,9,745.55,97.94
V006,Himalaya Dawn,PARADIP,19.8444,90.1545,9.6,71.06,25.04,0.57,7,372.88,33.23
V001,Ganga Glory,HALDIA,18.902,85.4126,10.68,243.65,28.69,4.12,12,442.13,51.72
V005,Eastern Titan,HALDIA,20.2337,83.5455,8.77,279.5,12.78,3.87,3,508.17,51.71
V002,Bharat Star,SMPK,26.7373,87.4833,8.88,258.02,28.57,2.24,5,472.86,49.98
V005,Eastern Titan,SMPK,19.5244,91.9804,8.92,87.85,22.89,3.74,1,508.94,50.91
V005,Eastern Titan,HALDIA,28.6192,86.8158,12.11,169.53,9.7,2.65,10,745.45,58.9
V007,Ocean Sapphire,SMPK,27.0718,90.1414,13.16,203.28,23.69,0.83,0,536.03,29.07
V005,Eastern Titan,PARADIP,19.4144,88.323,14.75,100.33,24.64,2.23,10,204.59,14.32
V002,Bharat Star,PARADIP,17.8715,82.2402,14.99,187.28,17.15,3.65,5,534.66,34.06
V001,Ganga Glory,PARADIP,14.6168,86.339,8.01,204.14,34.83,1.14,1,634.87,64.51
V002,Bharat Star,PARADIP,24.2131,92.2421,11.12,125.02,20.49,0.63,6,722.4,52.53
V001,Ganga Glory,PARADIP,20.9568,92.4767,11.65,266.49,19.22,2.21,10,613.5,52.29
V003,Odisha Queen,VIZAG,13.6418,83.5868,8.19,103.99,9.93,3.16,8,451.34,52.26
V001,Ganga Glory,PARADIP,20.8629,92.1309,12.39,356.66,22.36,2.43,5,576.77,42.45
V003,Odisha Queen,SMPK,20.3748,92.1723,8.52,249.41,5.06,4.32,9,468.02,55.92
V006,Himalaya Dawn,SMPK,23.9277,84.6103,10.25,272.39,29.33,1.48,5,406.9,35.58
V006,Himalaya Dawn,VIZAG,15.7487,84.0441,11.26,178.54,5.61,3.59,2,230.69,16.61
V003,Odisha Queen,SMPK,18.0316,88.1413,12.44,53.31,19.97,3.67,8,502.7,42.44
V004,Steel Infinity,HALDIA,21.8775,90.8222,8.55,187.02,12.48,3.02,10,285.27,33.45
V006,Himalaya Dawn,PARADIP,21.7346,85.3609,9.55,57.98,18.29,0.33,8,204.5,17.45
V007,Ocean Sapphire,HALDIA,24.4764,87.5897,8.98,343.8,12.08,2.37,7,278.42,27.53
V001,Ganga Glory,PARADIP,24.1672,90.6325,10.5,143.65,29.96,4.17,4,594.5,58.84
V007,Ocean Sapphire,SMPK,19.703,89.0302,14.54,303.69,6.44,1.15,0,325.51,14.27
V004,Steel Infinity,PARADIP,16.798,91.4673,11.27,315.63,6.94,3.29,0,643.68,43.19
V006,Himalaya Dawn,HALDIA,19.8297,92.3564,9.05,8.44,10.36,3.95,2,507.8,48.17
V005,Eastern Titan,HALDIA,25.9146,87.7429,11.45,2.62,28.44,0.62,7,435.37,33.5
V007,Ocean Sapphire,VIZAG,23.3939,85.0217,8.94,81.77,12.44,4.23,4,659.64,69.13
V002,Bharat Star,SMPK,28.1811,91.9481,13.15,167.66,16.62,0.91,1,725.42,38.61
V007,Ocean Sapphire,VIZAG,22.7897,85.8958,8.22,9.08,9.84,3.86,7,629.26,74.3
V005,Eastern Titan,VIZAG,17.7044,80.077,13.14,285.04,11.19,0.28,6,339.3,18.77
V003,Odisha Queen,VIZAG,19.6134,78.5574,12.46,81.47,15.73,4.19,6,541.52,43.7
V001,Ganga Glory,VIZAG,22.248,87.1513,11.75,17.81,17.92,3.95,7,648.41,56.83
V006,Himalaya Dawn,SMPK,27.4515,92.7106,12.24,346.02,14.14,0.99,6,703.14,45.46
V007,Ocean Sapphire,PARADIP,22.7729,85.0753,8.79,62.78,30.13,2.05,3,316.09,31.91
V007,Ocean Sapphire,SMPK,20.0542,89.0828,10.77,232.14,32.86,0.81,12,289.13,27.82
V003,Odisha Queen,VIZAG,14.2722,87.6342,12.19,284.87,2.93,2.3,4,600.82,37.58
V003,Odisha Queen,HALDIA,25.1302,90.1513,13.15,244.83,11.56,1.26,8,407.17,25.77
V007,Ocean Sapphire,VIZAG,16.0238,80.751,13.09,301.0,2.46,0.35,0,326.72,14.3
V006,Himalaya Dawn,VIZAG,14.2542,88.5032,9.91,341.87,5.72,4.07,1,676.46,55.63
V004,Steel Infinity,VIZAG,16.1186,77.7018,8.05,113.88,15.74,3.75,1,618.61,65.55
V007,Ocean Sapphire,VIZAG,14.8839,84.4544,10.42,189.65,30.87,1.51,5,336.26,29.28
V005,Eastern Titan,SMPK,17.2478,87.2108,14.85,155.72,5.26,3.56,9,600.46,39.1
V007,Ocean Sapphire,HALDIA,20.5221,93.5867,13.97,64.74,25.01,1.18,1,596.06,32.5
V006,Himalaya Dawn,VIZAG,21.0252,81.4476,11.36,62.82,23.04,1.28,0,417.71,26.99
V006,Himalaya Dawn,VIZAG,17.3348,88.839,12.62,149.11,16.49,2.33,7,590.78,42.8
V003,Odisha Queen,VIZAG,22.3081,83.354,13.01,77.84,21.15,3.16,1,513.57,33.58
V001,Ganga Glory,SMPK,26.1703,90.9278,9.15,125.21,15.08,2.38,3,482.57,43.14
V002,Bharat Star,HALDIA,23.8791,89.9815,10.0,218.53,18.69,1.63,7,286.19,25.27
V006,Himalaya Dawn,PARADIP,16.4178,86.0505,8.55,302.64,16.9,1.7,10,438.04,48.21
V004,Steel Infinity,SMPK,16.619,90.5182,10.05,99.83,19.64,0.74,3,699.19,52.05
V005,Eastern Titan,VIZAG,19.955,82.6216,10.68,149.3,18.39,0.91,0,261.22,16.85
V003,Odisha Queen,VIZAG,16.6525,81.1449,14.49,37.05,26.26,0.86,12,254.47,17.42
V003,Odisha Queen,VIZAG,23.1456,78.8132,12.62,55.59,11.46,1.43,9,764.48,52.29
V001,Ganga Glory,PARADIP,18.0763,89.6611,9.05,124.41,19.93,2.44,3,405.22,38.08
V003,Odisha Queen,PARADIP,13.986,85.598,8.75,266.25,9.86,1.53,8,712.62,68.33
V003,Odisha Queen,VIZAG,18.2966,79.4068,8.39,226.67,17.41,4.47,9,415.12,55.06
V006,Himalaya Dawn,VIZAG,19.1164,87.8897,10.54,244.67,17.15,0.79,3,511.55,35.76
V006,Himalaya Dawn,HALDIA,20.5694,90.4169,9.51,5.4,31.54,3.15,2,292.03,28.69
V001,Ganga Glory,VIZAG,17.0084,81.2941,12.75,73.96,11.67,2.08,11,223.99,16.73
V001,Ganga Glory,SMPK,18.0128,85.8463,11.72,342.83,31.17,1.48,6,565.67,44.93
V005,Eastern Titan,PARADIP,18.4487,89.5515,9.23,324.96,18.62,3.82,7,371.26,41.27
V007,Ocean Sapphire,HALDIA,24.4399,89.4118,14.29,70.89,17.76,2.95,0,303.45,16.91
V003,Odisha Queen,SMPK,23.626,82.8925,10.47,123.32,24.21,3.28,2,565.87,48.63
V006,Himalaya Dawn,VIZAG,14.6473,83.8919,8.84,102.87,23.61,1.47,8,344.59,36.14
V006,Himalaya Dawn,VIZAG,15.3012,85.0612,12.91,42.23,25.63,3.51,5,326.52,25.27
V001,Ganga Glory,PARADIP,15.4806,86.1334,13.52,70.07,2.66,4.24,2,540.57,33.23
V001,Ganga Glory,SMPK,19.3255,91.6422,11.46,281.76,21.94,2.75,10,498.98,45.74
V001,Ganga Glory,PARADIP,23.2139,87.7432,9.95,310.21,3.32,3.27,4,342.04,28.3
V003,Odisha Queen,VIZAG,20.2229,85.9674,14.24,53.86,13.54,3.79,7,398.97,27.75
V007,Ocean Sapphire,VIZAG,14.2755,80.3989,14.23,117.15,7.3,3.02,8,488.84,31.65
V002,Bharat Star,SMPK,20.4972,94.5088,14.22,270.17,6.82,0.68,6,681.52,34.72
V003,Odisha Queen,VIZAG,15.3159,81.492,13.7,186.27,34.23,0.25,10,325.61,22.84
V002,Bharat Star,HALDIA,15.9511,88.9396,14.45,6.2,31.69,2.69,2,680.03,42.76
V006,Himalaya Dawn,VIZAG,15.6097,84.6898,12.69,72.61,31.64,4.45,7,275.79,25.04
V003,Odisha Queen,HALDIA,17.0512,83.1768,9.73,88.46,13.6,1.95,5,752.12,63.94
V007,Ocean Sapphire,PARADIP,14.1837,83.8548,13.97,48.68,28.16,1.94,6,742.76,50.04
V007,Ocean Sapphire,PARADIP,23.8457,92.4745,9.63,346.28,11.48,4.04,7,719.29,74.21
V002,Bharat Star,HALDIA,23.2677,85.9361,11.99,193.21,8.2,3.28,2,258.97,17.45
V006,Himalaya Dawn,SMPK,20.1912,94.539,10.03,39.8,7.9,2.6,3,697.16,54.85
V007,Ocean Sapphire,SMPK,23.4044,90.6534,10.42,234.97,20.39,3.71,0,258.97,21.16
V005,Eastern Titan,HALDIA,25.0358,85.2437,14.88,258.82,32.19,0.78,6,442.29,26.55
V002,Bharat Star,SMPK,23.9074,93.3395,8.18,232.05,34.19,3.67,6,536.56,71.48
V004,Steel Infinity,PARADIP,25.1432,84.3985,12.43,75.24,21.48,3.53,2,582.67,42.11
V002,Bharat Star,SMPK,17.0633,89.9812,10.36,84.81,30.65,3.5,11,634.92,73.0
V005,Eastern Titan,VIZAG,23.9984,80.7528,13.86,100.04,24.51,2.21,2,748.95,45.41
V007,Ocean Sapphire,HALDIA,20.0478,89.9283,10.72,145.72,2.05,4.03,3,291.89,22.84
V001,Ganga Glory,PARADIP,23.5286,91.7748,9.2,249.0,13.17,0.61,9,640.23,56.98
V003,Odisha Queen,VIZAG,14.9112,85.2324,14.4,110.41,6.5,3.86,2,372.67,21.52
V005,Eastern Titan,VIZAG,20.8841,85.0276,12.28,218.12,24.88,0.77,0,399.72,23.33
V004,Steel Infinity,PARADIP,21.3732,91.8738,12.53,288.44,17.05,3.34,12,558.34,49.28
V004,Steel Infinity,VIZAG,19.2645,80.8712,12.23,218.24,8.49,2.31,3,308.52,19.56
V002,Bharat Star,PARADIP,21.8029,83.0998,9.83,60.27,15.15,3.62,8,400.75,41.36
V005,Eastern Titan,SMPK,21.6208,83.8764,11.93,319.47,18.82,0.56,3,467.33,28.72
V002,Bharat Star,SMPK,24.2094,85.4646,12.45,294.81,4.83,1.8,4,343.2,20.49
V001,Ganga Glory,SMPK,23.1486,90.5257,11.55,161.14,9.27,3.38,0,237.58,15.91
V002,Bharat Star,HALDIA,17.9052,87.1762,9.99,241.06,14.5,0.8,0,465.68,30.86
V007,Ocean Sapphire,VIZAG,14.4414,83.4307,13.63,73.82,34.25,3.94,4,361.59,27.89
V007,Ocean Sapphire,SMPK,24.5719,88.396,14.66,202.09,24.73,4.02,6,225.03,16.14
V001,Ganga Glory,VIZAG,13.6837,86.4238,12.04,300.3,10.74,0.53,3,558.27,31.69
V002,Bharat Star,HALDIA,24.6639,82.3723,9.25,169.27,2.17,3.73,5,651.28,61.06
V001,Ganga Glory,PARADIP,18.62,90.5558,10.39,28.55,34.99,2.23,5,453.83,42.7
V006,Himalaya Dawn,PARADIP,19.8593,92.6668,12.06,43.22,6.2,4.38,9,633.51,54.08
V007,Ocean Sapphire,VIZAG,18.2423,86.901,13.59,139.18,4.58,3.15,12,387.88,28.56
V001,Ganga Glory,SMPK,19.0945,90.9486,9.59,351.74,7.18,1.14,8,472.63,39.16
V005,Eastern Titan,PARADIP,21.352,90.0539,11.79,150.54,2.26,4.4,8,374.85,31.17
V002,Bharat Star,SMPK,23.0306,81.5984,9.8,325.83,9.53,2.34,10,689.02,65.69
V006,Himalaya Dawn,VIZAG,14.9407,81.8582,8.36,109.65,31.84,3.36,0,341.28,36.51
V006,Himalaya Dawn,PARADIP,13.2372,87.8749,11.68,15.44,29.55,2.07,4,798.81,62.22
V006,Himalaya Dawn,HALDIA,18.3066,88.5128,9.72,59.92,32.33,2.2,3,414.51,38.78
V007,Ocean Sapphire,HALDIA,26.4425,86.7133,11.04,289.67,5.11,0.82,7,511.43,34.32
V005,Eastern Titan,VIZAG,20.4849,86.1802,14.82,142.88,2.3,3.86,3,435.24,24.37
V002,Bharat Star,SMPK,19.0761,90.4316,13.53,245.16,24.4,1.21,9,445.29,30.85
V005,Eastern Titan,PARADIP,20.082,81.9185,13.58,358.86,34.37,4.22,6,491.33,40.75
V007,Ocean Sapphire,SMPK,21.9267,93.13,9.09,140.05,23.85,4.04,4,501.9,54.91
V006,Himalaya Dawn,VIZAG,19.5968,76.5705,10.26,61.23,30.53,1.91,3,737.95,63.39
V002,Bharat Star,VIZAG,20.7276,83.5397,14.63,114.09,23.17,1.22,6,338.87,20.01
V001,Ganga Glory,VIZAG,18.4348,85.2988,11.62,59.17,16.99,2.18,7,228.92,17.88
V003,Odisha Queen,SMPK,18.8594,83.0385,10.76,75.24,30.52,4.37,1,683.91,61.64
V007,Ocean Sapphire,VIZAG,14.0395,86.2294,14.2,29.04,10.92,1.09,8,514.05,29.56
V001,Ganga Glory,PARADIP,21.1393,82.1112,12.53,349.84,12.62,2.53,6,477.65,33.52
V002,Bharat Star,VIZAG,14.8862,81.1215,8.25,43.8,12.23,0.5,7,387.63,36.02
V002,Bharat Star,PARADIP,20.6029,89.8874,9.6,125.58,8.08,1.77,10,341.84,31.47
V002,Bharat Star,PARADIP,21.9225,85.5482,11.44,98.02,18.69,0.29,9,210.02,15.32
V004,Steel Infinity,HALDIA,20.8525,95.0234,8.4,243.09,21.1,0.74,5,732.09,69.6
V007,Ocean Sapphire,SMPK,22.9085,82.1662,14.69,10.59,30.52,1.89,1,630.29,35.7
V001,Ganga Glory,PARADIP,23.1338,83.4791,12.1,216.55,14.61,2.97,1,450.69,29.92
V003,Odisha Queen,SMPK,21.7762,94.4869,11.23,265.62,23.93,1.77,7,642.85,53.01
V007,Ocean Sapphire,SMPK,20.0964,89.1726,14.34,13.72,20.34,3.22,4,287.4,18.51
V006,Himalaya Dawn,SMPK,24.0114,86.804,14.99,11.36,6.43,2.55,8,223.05,13.16
V003,Odisha Queen,PARADIP,19.7734,84.7879,13.54,193.94,33.25,4.07,1,200.79,14.36
V004,Steel Infinity,SMPK,22.2464,90.8782,12.19,30.61,27.06,2.73,2,267.19,19.38
V002,Bharat Star,HALDIA,26.7142,91.3145,10.28,203.06,15.53,1.41,8,618.21,52.27
V007,Ocean Sapphire,PARADIP,19.7312,89.019,8.22,87.57,16.31,0.7,7,259.04,25.41
V006,Himalaya Dawn,HALDIA,26.8788,89.9597,11.46,327.28,25.13,1.78,7,574.49,46.87
V005,Eastern Titan,VIZAG,16.8521,80.5648,12.12,64.14,11.24,1.55,6,302.99,20.21
V002,Bharat Star,SMPK,19.6197,84.1072,11.35,187.65,5.03,2.25,11,543.44,43.91
V001,Ganga Glory,HALDIA,16.409,90.9687,11.71,202.9,16.01,2.08,2,693.59,46.43
V001,Ganga Glory,HALDIA,25.0244,90.0151,10.22,199.59,3.9,2.77,2,389.96,28.77
V003,Odisha Queen,HALDIA,20.288,90.8672,8.86,264.55,16.29,3.83,9,348.43,41.74
V006,Himalaya Dawn,PARADIP,23.8439,90.5169,9.79,192.0,22.08,2.24,4,560.96,50.12
V002,Bharat Star,VIZAG,19.1157,78.1463,9.66,152.14,7.2,2.58,10,564.33,54.61
V007,Ocean Sapphire,PARADIP,24.0876,83.1707,8.37,167.67,34.94,3.18,4,549.13,66.23
V007,Ocean Sapphire,HALDIA,20.2163,82.3275,10.16,169.05,14.85,1.53,6,627.13,51.24
V003,Odisha Queen,HALDIA,21.8887,94.4703,10.56,292.88,14.98,2.3,10,661.21,60.7
V001,Ganga Glory,HALDIA,19.0687,94.3672,13.17,247.35,15.12,0.76,4,733.55,41.39
V003,Odisha Queen,HALDIA,22.6669,92.5057,14.32,308.04,16.82,2.03,6,463.01,28.27
V003,Odisha Queen,SMPK,29.3336,89.0157,9.96,147.63,13.01,0.81,7,757.68,60.28
V004,Steel Infinity,PARADIP,24.3502,90.1429,10.78,121.29,7.81,3.4,3,576.22,44.66
V001,Ganga Glory,HALDIA,26.0014,88.3386,8.58,28.54,9.43,0.55,5,444.73,37.01
V006,Himalaya Dawn,PARADIP,17.2148,90.8291,12.95,138.46,7.15,3.42,1,561.72,34.14
V004,Steel Infinity,HALDIA,14.9034,88.5786,13.28,257.81,10.26,3.65,10,792.1,61.53
V006,Himalaya Dawn,SMPK,19.2037,86.6804,10.19,244.27,22.3,1.67,6,408.35,35.52
V003,Odisha Queen,PARADIP,18.6248,90.8692,11.55,23.64,32.83,0.43,0,483.68,31.05
V006,Himalaya Dawn,SMPK,18.9982,86.0386,10.65,249.99,4.62,3.65,7,459.59,39.83
V005,Eastern Titan,HALDIA,25.5449,82.532,14.32,192.33,25.41,2.3,10,686.09,49.95
V007,Ocean Sapphire,SMPK,20.9784,86.7674,9.56,89.11,9.11,0.89,7,235.77,19.04
V004,Steel Infinity,VIZAG,15.8791,78.6035,9.27,168.82,11.96,3.59,0,536.99,46.29
V007,Ocean Sapphire,SMPK,24.4329,92.6675,12.59,9.82,23.04,3.69,7,492.1,40.88
V003,Odisha Queen,SMPK,27.0139,87.6076,8.63,291.62,18.53,0.8,2,501.26,42.12
V001,Ganga Glory,SMPK,18.6025,82.8935,11.49,60.78,21.65,4.01,2,713.61,57.55
V006,Himalaya Dawn,VIZAG,14.9432,76.6592,14.8,286.37,33.03,3.91,11,769.63,64.35
V001,Ganga Glory,PARADIP,23.4776,85.2109,11.47,322.89,3.51,2.18,5,380.01,25.8
V002,Bharat Star,HALDIA,25.2319,87.5974,12.48,137.14,19.7,1.12,1,361.35,21.1
V002,Bharat Star,VIZAG,21.479,83.7161,11.23,151.26,19.67,4.25,5,423.79,38.05
V002,Bharat Star,SMPK,23.1892,85.7623,10.04,339.16,9.51,1.07,3,269.53,19.01
V003,Odisha Queen,PARADIP,17.8691,85.3815,12.37,177.61,2.1,3.87,4,302.0,20.81
V005,Eastern Titan,SMPK,22.1788,93.5026,14.98,68.04,28.9,0.68,8,536.55,32.59
V002,Bharat Star,PARADIP,19.114,88.2708,12.44,82.95,10.34,0.95,1,218.73,11.73
V004,Steel Infinity,SMPK,23.2171,94.9335,10.98,189.12,33.77,0.93,7,683.53,58.25
V004,Steel Infinity,SMPK,22.1165,82.1824,10.73,195.04,27.1,0.49,9,631.02,53.27
V005,Eastern Titan,VIZAG,15.376,83.1489,14.79,353.29,3.0,1.7,12,257.69,15.37
V003,Odisha Queen,PARADIP,21.9097,93.517,9.24,284.78,12.28,1.28,5,736.85,62.03
V006,Himalaya Dawn,VIZAG,24.8034,82.9907,8.84,338.81,15.43,2.24,8,791.54,82.73
V003,Odisha Queen,HALDIA,25.7812,90.4771,8.48,175.65,34.59,2.43,8,486.0,61.04
V003,Odisha Queen,HALDIA,17.4737,86.0249,13.39,226.69,3.67,3.12,8,547.51,36.97
V003,Odisha Queen,VIZAG,17.3455,85.4645,9.97,2.13,33.55,4.06,6,234.78,26.16
V004,Steel Infinity,VIZAG,12.712,83.6331,10.66,133.82,29.83,1.34,6,554.83,47.56
V006,Himalaya Dawn,VIZAG,23.578,85.0885,9.9,91.52,23.98,2.88,4,681.2,63.63
V003,Odisha Queen,VIZAG,22.2726,85.1538,12.13,218.31,26.27,1.55,2,545.86,36.54
V007,Ocean Sapphire,HALDIA,24.5834,89.8271,14.59,157.05,5.99,4.45,11,338.29,25.09
V007,Ocean Sapphire,PARADIP,21.3524,84.3833,14.37,136.15,31.6,0.28,9,259.24,16.65
V006,Himalaya Dawn,VIZAG,14.7979,88.6015,12.97,358.57,33.89,3.87,0,652.72,46.95
V005,Eastern Titan,SMPK,20.5559,91.9583,8.21,291.08,16.89,0.71,1,438.5,36.87
V007,Ocean Sapphire,VIZAG,21.5863,84.9605,14.16,280.94,23.06,2.71,0,467.61,26.8
V004,Steel Infinity,SMPK,20.3135,86.1336,13.29,255.3,19.45,2.43,12,334.84,26.63
V001,Ganga Glory,VIZAG,13.7884,83.0813,13.84,32.71,16.54,3.47,10,434.36,33.36
V003,Odisha Queen,HALDIA,16.9843,86.275,8.44,165.85,19.91,4.48,12,589.3,84.57
V007,Ocean Sapphire,PARADIP,14.8016,84.3028,14.14,351.04,21.07,1.05,10,660.92,43.2
V006,Himalaya Dawn,PARADIP,22.2574,90.9691,11.94,85.32,7.02,1.26,9,499.41,34.35
V003,Odisha Queen,VIZAG,11.5951,84.4817,14.63,256.65,33.78,1.48,5,689.93,43.56
V006,Himalaya Dawn,HALDIA,19.3373,93.8193,10.29,95.91,20.06,3.41,6,668.72,63.89
V003,Odisha Queen,VIZAG,21.0576,76.9106,9.88,173.89,8.14,2.12,3,765.78,59.06
V003,Odisha Queen,PARADIP,16.1559,84.1805,9.99,143.49,5.91,0.54,1,529.84,32.87
V001,Ganga Glory,PARADIP,18.6427,87.8422,14.57,169.53,25.23,3.65,5,226.27,15.61
V003,Odisha Queen,HALDIA,25.6035,81.7974,10.25,296.15,18.04,1.23,2,751.87,54.78
V007,Ocean Sapphire,VIZAG,11.5965,80.9833,11.26,179.28,25.89,2.86,2,721.16,56.7
V006,Himalaya Dawn,VIZAG,16.2204,86.4517,12.38,240.61,34.54,2.08,3,374.83,27.71
V006,Himalaya Dawn,SMPK,19.7787,81.9595,9.21,100.42,5.68,1.46,1,725.98,52.8
V004,Steel Infinity,PARADIP,17.355,84.2633,13.62,190.59,28.93,4.16,8,412.54,34.62
V005,Eastern Titan,PARADIP,24.5666,82.1847,13.79,230.09,7.77,0.23,10,656.2,36.82
V002,Bharat Star,VIZAG,18.0581,87.3114,12.75,293.31,29.54,0.47,11,428.58,32.44
V007,Ocean Sapphire,SMPK,27.0844,84.245,11.47,319.1,10.4,2.42,10,649.28,53.56
V001,Ganga Glory,PARADIP,23.4904,91.9208,14.83,78.36,30.04,3.27,4,650.54,43.23
V001,Ganga Glory,PARADIP,23.6774,86.8233,8.01,92.35,17.89,3.87,0,373.91,39.5
V003,Odisha Queen,VIZAG,12.884,79.7933,14.55,128.73,17.84,3.36,6,652.19,43.3
V001,Ganga Glory,HALDIA,19.7628,87.9862,13.55,6.68,14.41,1.49,0,250.0,12.9
V006,Himalaya Dawn,VIZAG,13.6394,79.3212,14.46,217.09,28.28,1.1,8,618.4,39.92
V007,Ocean Sapphire,SMPK,20.5342,88.429,8.34,95.11,2.39,2.57,9,224.55,23.67
V001,Ganga Glory,HALDIA,20.6143,90.1864,10.3,63.04,24.48,3.77,8,269.45,28.43
V004,Steel Infinity,HALDIA,25.8452,87.1979,12.51,305.45,17.65,0.2,12,435.36,30.61
V001,Ganga Glory,HALDIA,24.1776,84.4144,8.91,249.05,34.13,4.43,1,443.96,49.49
V004,Steel Infinity,HALDIA,23.6213,90.8022,12.05,45.24,14.44,2.38,4,333.3,23.15
V001,Ganga Glory,VIZAG,20.2573,84.9458,10.99,343.1,33.75,4.42,5,334.92,33.71
V006,Himalaya Dawn,VIZAG,13.9443,86.0441,12.72,9.97,20.62,2.17,5,510.77,35.53
V003,Odisha Queen,SMPK,27.926,87.8492,8.69,125.93,28.84,1.97,12,599.5,75.33
V007,Ocean Sapphire,HALDIA,25.2564,89.1596,8.37,93.96,29.36,3.2,10,377.96,51.2
V003,Odisha Queen,PARADIP,24.0947,84.7612,8.27,91.61,23.01,2.18,0,461.27,43.65
V001,Ganga Glory,HALDIA,26.924,86.1473,11.39,140.82,3.55,3.44,8,579.66,47.05
V007,Ocean Sapphire,PARADIP,14.4259,87.4069,12.65,150.81,18.19,2.84,5,660.69,47.6
V007,Ocean Sapphire,PARADIP,23.7194,81.4625,9.9,85.63,32.16,4.31,5,652.22,71.79
V006,Himalaya Dawn,VIZAG,15.739,90.1719,13.48,109.58,18.6,4.47,11,765.27,66.65
V001,Ganga Glory,SMPK,24.3182,94.6841,12.65,19.0,25.32,4.0,0,680.27,48.06
V004,Steel Infinity,SMPK,28.2513,85.7887,11.22,342.2,16.84,1.71,4,682.23,49.32
V001,Ganga Glory,VIZAG,20.4932,85.3592,8.16,315.67,5.22,2.4,0,380.63,32.57
V004,Steel Infinity,SMPK,18.0814,89.0718,9.86,312.12,20.89,1.31,6,503.35,43.62
V006,Himalaya Dawn,SMPK,27.6376,89.1854,10.22,313.46,17.0,1.88,12,572.69,55.94
V007,Ocean Sapphire,PARADIP,25.4243,83.5411,13.77,130.91,7.53,2.7,7,649.26,41.5
V004,Steel Infinity,PARADIP,13.9917,87.1874,10.3,15.85,30.92,3.07,11,706.25,79.68
V005,Eastern Titan,SMPK,20.8153,91.8294,10.82,255.08,16.37,0.37,0,412.53,24.74
V007,Ocean Sapphire,VIZAG,23.8273,83.2339,13.55,44.73,23.68,1.79,6,682.45,45.48
V005,Eastern Titan,VIZAG,21.13,77.9782,14.84,255.79,5.25,2.48,1,674.78,32.92
V004,Steel Infinity,SMPK,20.3902,89.3721,14.64,150.15,22.64,2.44,8,264.54,17.81
V006,Himalaya Dawn,SMPK,28.2437,86.1096,12.84,98.49,4.99,2.49,7,670.2,44.35
V004,Steel Infinity,PARADIP,26.6628,88.3857,14.28,53.83,26.39,2.18,12,727.88,55.52
V004,Steel Infinity,VIZAG,19.3365,84.728,8.24,188.75,12.6,0.94,12,238.39,25.95
V001,Ganga Glory,HALDIA,24.3895,82.5784,14.38,212.06,25.97,2.54,10,619.49,45.83
V006,Himalaya Dawn,VIZAG,23.1487,87.6747,12.25,209.99,34.1,0.58,0,760.21,46.94
V005,Eastern Titan,VIZAG,22.2831,81.455,14.26,264.98,19.66,0.59,0,545.15,25.94
V003,Odisha Queen,SMPK,17.9298,89.2207,14.04,80.27,20.01,2.8,2,522.63,31.58
V007,Ocean Sapphire,HALDIA,24.7526,94.35,9.35,18.15,23.78,1.21,12,710.61,75.89
V003,Odisha Queen,PARADIP,24.7239,91.0558,14.79,162.22,6.34,2.06,8,668.74,38.47
V003,Odisha Queen,HALDIA,27.662,88.9115,12.38,49.39,4.89,3.11,10,634.31,48.96
V002,Bharat Star,HALDIA,24.6466,87.8151,14.47,90.56,20.92,2.77,1,294.24,16.82
V002,Bharat Star,VIZAG,17.2619,87.8633,14.18,344.43,8.34,1.72,8,488.43,28.99
V004,Steel Infinity,PARADIP,17.6658,88.5326,8.0,22.87,33.66,2.68,9,357.11,49.18
V006,Himalaya Dawn,SMPK,25.0311,92.0939,13.03,151.23,33.54,4.32,4,474.42,38.97
V007,Ocean Sapphire,HALDIA,19.4643,87.4366,10.79,301.9,34.47,4.47,4,290.4,29.19
V005,Eastern Titan,PARADIP,24.434,91.455,11.73,192.39,2.18,3.5,11,675.45,56.78
V005,Eastern Titan,PARADIP,13.3498,85.6504,11.14,83.72,19.09,4.14,11,781.88,80.98
V005,Eastern Titan,HALDIA,28.627,86.9646,13.77,149.69,19.53,2.24,3,743.95,45.18
V006,Himalaya Dawn,SMPK,21.9043,90.8012,8.97,186.5,4.08,3.91,10,267.27,29.97
V003,Odisha Queen,SMPK,29.616,88.013,13.01,242.71,24.82,3.78,5,786.22,61.07
V002,Bharat Star,PARADIP,24.0395,90.8268,11.94,193.78,34.19,1.71,5,598.82,47.16
V001,Ganga Glory,HALDIA,21.5472,90.0081,10.81,186.17,16.31,0.68,3,207.63,13.93
V003,Odisha Queen,PARADIP,18.8507,81.6614,9.59,63.29,29.57,2.71,3,544.52,52.41
V007,Ocean Sapphire,PARADIP,23.0674,86.8855,10.03,259.83,28.05,3.97,10,306.72,36.04
V006,Himalaya Dawn,PARADIP,14.3751,85.6395,11.77,265.05,29.7,0.48,3,669.17,45.04
V005,Eastern Titan,HALDIA,22.0154,90.5714,14.53,105.47,34.86,3.8,5,258.9,19.14
V005,Eastern Titan,VIZAG,11.421,85.1,10.77,47.92,26.55,2.24,10,724.05,70.38
V004,Steel Infinity,SMPK,21.9019,81.8661,12.47,57.39,26.57,4.27,12,666.11,66.45
V007,Ocean Sapphire,PARADIP,17.4085,81.5253,8.06,113.11,28.42,3.22,9,626.16,85.65
V001,Ganga Glory,SMPK,25.592,87.8687,13.84,298.63,34.2,1.4,6,341.07,23.29
V007,Ocean Sapphire,VIZAG,20.2535,79.2536,12.87,147.53,7.81,3.2,1,510.36,30.86
V001,Ganga Glory,SMPK,21.2813,94.1363,13.56,9.65,12.26,3.95,12,618.32,50.87
V001,Ganga Glory,VIZAG,20.6428,86.7304,11.3,198.32,16.56,4.05,7,488.97,44.46
V003,Odisha Queen,SMPK,20.3711,93.7006,10.08,191.62,16.11,1.07,10,609.07,53.86
V001,Ganga Glory,HALDIA,23.1334,89.9969,14.32,88.18,15.96,4.0,3,234.85,15.07
V001,Ganga Glory,PARADIP,26.0036,82.6537,12.96,274.07,13.71,1.3,4,750.74,44.44
V001,Ganga Glory,VIZAG,15.3792,84.0155,11.03,32.43,18.99,3.7,0,268.64,20.54
V007,Ocean Sapphire,VIZAG,21.0723,88.0532,13.89,137.44,32.65,0.58,3,626.11,36.76
V001,Ganga Glory,PARADIP,19.0079,80.6347,9.58,155.71,34.6,3.13,1,643.43,62.05
V001,Ganga Glory,VIZAG,22.0351,79.9767,10.68,322.96,31.93,1.75,3,593.88,48.97
V005,Eastern Titan,VIZAG,13.4702,80.799,14.38,42.1,20.39,0.62,7,539.21,31.04
V005,Eastern Titan,SMPK,17.1433,88.3232,12.44,4.64,5.5,3.23,0,601.2,35.99
V003,Odisha Queen,PARADIP,18.5687,87.2056,8.02,218.28,13.53,2.21,4,204.18,20.9
V002,Bharat Star,VIZAG,17.4956,85.4036,10.96,77.68,5.19,0.22,6,226.12,14.13
V006,Himalaya Dawn,PARADIP,22.135,85.5054,11.29,295.95,32.19,0.43,6,232.54,17.93
V007,Ocean Sapphire,VIZAG,15.6486,77.3981,13.67,63.06,16.52,0.78,9,666.35,41.6
V001,Ganga Glory,SMPK,22.4464,82.3388,10.3,163.7,9.49,4.26,4,612.48,54.77
V003,Odisha Queen,PARADIP,19.567,92.9997,12.65,191.77,7.63,2.01,11,672.04,48.8
V001,Ganga Glory,HALDIA,15.7801,89.0433,10.93,348.82,12.75,1.57,3,700.4,48.49
V004,Steel Infinity,PARADIP,13.5284,87.5954,9.32,273.69,33.7,2.1,9,762.28,86.87
V006,Himalaya Dawn,SMPK,16.5942,87.8874,9.29,40.59,4.86,3.66,5,663.67,62.83
V004,Steel Infinity,SMPK,28.5697,90.3264,11.61,207.52,18.44,3.8,11,699.5,67.77
V007,Ocean Sapphire,PARADIP,22.9807,85.8378,10.62,100.9,2.6,0.82,11,306.7,23.0
V005,Eastern Titan,HALDIA,22.2463,90.2589,13.93,301.84,19.69,2.91,2,228.02,13.95
V004,Steel Infinity,HALDIA,22.4407,84.8924,13.58,194.98,12.54,3.55,9,329.54,24.66
V002,Bharat Star,VIZAG,17.4501,80.8212,13.06,20.28,34.8,4.39,11,262.01,25.78
V007,Ocean Sapphire,HALDIA,27.72,87.1019,14.7,190.07,28.65,2.97,9,642.23,47.48
V005,Eastern Titan,VIZAG,17.7636,79.3505,10.85,28.84,22.21,2.73,1,416.27,31.93
V001,Ganga Glory,PARADIP,23.6207,88.7703,13.57,354.99,18.9,4.11,4,428.78,30.6
V003,Odisha Queen,HALDIA,22.0937,91.2608,9.22,310.82,28.93,1.31,12,330.0,37.38
V001,Ganga Glory,PARADIP,21.0403,88.7821,12.64,136.39,14.79,3.25,0,238.76,15.04
V005,Eastern Titan,HALDIA,20.7434,86.336,13.07,271.94,8.5,1.47,6,227.38,13.67
V002,Bharat Star,HALDIA,24.136,85.2338,10.44,3.22,6.3,3.77,4,373.44,31.19
V001,Ganga Glory,PARADIP,23.5807,86.9738,12.82,104.23,20.61,2.67,3,364.41,24.67
V005,Eastern Titan,SMPK,22.9734,84.2209,8.71,242.99,7.26,1.52,0,420.88,31.98
V002,Bharat Star,HALDIA,18.0358,91.7762,10.23,36.67,20.87,2.39,12,588.16,61.2
V005,Eastern Titan,PARADIP,15.5642,84.3775,11.66,175.76,31.78,2.81,5,579.56,49.41
V002,Bharat Star,VIZAG,14.045,81.5849,12.54,265.48,20.11,0.66,9,444.0,30.81
V001,Ganga Glory,SMPK,21.7024,85.5272,12.4,309.78,17.88,2.47,11,300.76,24.85
V007,Ocean Sapphire,PARADIP,19.4461,83.7982,14.71,97.75,9.43,2.72,7,310.65,18.88
V003,Odisha Queen,SMPK,18.6693,85.4359,9.17,125.08,34.69,1.06,12,524.42,61.09
V006,Himalaya Dawn,HALDIA,17.0314,85.0059,10.53,298.38,12.06,2.7,12,639.39,62.09
V001,Ganga Glory,HALDIA,18.8228,90.0904,14.09,175.04,31.2,1.5,12,412.74,31.48
V006,Himalaya Dawn,SMPK,26.9999,83.8108,14.47,83.27,29.66,2.24,12,670.87,51.81
V004,Steel Infinity,VIZAG,16.1298,86.4212,8.8,42.44,8.08,4.33,5,376.51,40.27
V007,Ocean Sapphire,PARADIP,13.204,87.4758,12.98,53.62,24.46,0.49,5,796.48,49.34
V007,Ocean Sapphire,SMPK,25.8741,92.1438,8.09,337.71,22.1,0.65,7,537.12,55.86
V001,Ganga Glory,PARADIP,13.507,86.0317,11.08,222.48,28.35,1.29,11,760.15,69.64
V006,Himalaya Dawn,PARADIP,22.7136,87.6581,8.4,339.73,23.52,2.83,10,286.99,36.45
V004,Steel Infinity,PARADIP,17.7487,88.02,8.6,156.48,13.22,1.27,6,321.56,30.02
V005,Eastern Titan,SMPK,26.8345,83.9742,13.05,322.56,33.94,2.49,11,646.38,56.57
V005,Eastern Titan,PARADIP,15.2839,89.3567,13.77,141.29,8.27,2.66,0,630.44,33.39
V003,Odisha Queen,HALDIA,23.0783,90.2557,9.77,68.51,34.66,3.03,8,254.87,28.85
V001,Ganga Glory,HALDIA,20.608,92.8727,9.48,150.76,8.72,2.79,9,522.33,51.67
V006,Himalaya Dawn,HALDIA,18.25,90.4254,9.78,54.61,27.93,3.13,12,485.55,58.1
V001,Ganga Glory,PARADIP,18.8885,87.7636,13.42,72.8,3.31,1.08,5,199.21,10.53
V002,Bharat Star,PARADIP,16.9855,87.495,9.03,225.44,22.67,4.19,7,382.06,45.54
V007,Ocean Sapphire,HALDIA,27.0093,90.7869,9.14,215.44,22.77,4.49,9,620.53,78.15
V002,Bharat Star,HALDIA,25.9756,91.6724,9.63,209.55,6.98,1.75,3,573.61,43.7
V007,Ocean Sapphire,SMPK,27.6072,87.0124,12.35,310.58,17.06,3.39,12,577.08,51.84
V001,Ganga Glory,SMPK,28.2039,92.6769,13.42,34.3,14.35,3.91,0,767.02,47.41
V007,Ocean Sapphire,HALDIA,18.2283,90.8377,14.05,239.32,23.38,2.58,2,510.77,31.07
V005,Eastern Titan,PARADIP,26.3984,88.3974,9.76,97.06,5.01,2.15,4,699.78,54.93
V006,Himalaya Dawn,PARADIP,24.6185,83.2313,10.83,267.74,2.31,1.94,5,591.28,41.32
V001,Ganga Glory,SMPK,24.4324,90.9252,10.78,41.58,13.32,1.52,7,339.81,26.5
V004,Steel Infinity,PARADIP,25.8114,82.6498,14.37,144.07,34.96,1.86,3,733.23,46.16
V004,Steel Infinity,HALDIA,20.242,88.9106,13.72,151.7,30.28,2.83,5,215.48,15.49
V003,Odisha Queen,PARADIP,23.6079,85.9242,8.66,12.43,22.45,2.53,11,372.57,45.7
V002,Bharat Star,HALDIA,23.411,89.2928,14.84,306.62,30.55,0.72,9,200.65,12.79
V007,Ocean Sapphire,SMPK,20.2044,91.2118,8.9,47.32,2.59,4.34,5,398.64,40.66
V003,Odisha Queen,SMPK,22.8796,91.3202,9.86,324.44,33.79,2.23,11,311.94,35.5
V006,Himalaya Dawn,VIZAG,19.2284,89.8775,8.67,40.88,22.62,2.86,1,716.52,69.58
V007,Ocean Sapphire,SMPK,19.6542,84.3784,9.18,32.43,15.94,0.65,4,518.78,41.88
V001,Ganga Glory,PARADIP,14.59,86.0251,13.86,228.93,19.64,3.86,3,640.26,43.07
V003,Odisha Queen,HALDIA,21.8382,86.0741,14.37,315.26,13.59,3.31,12,205.74,15.44
V002,Bharat Star,PARADIP,21.4899,88.546,9.2,34.16,17.81,0.43,10,238.63,22.26
V006,Himalaya Dawn,HALDIA,21.3457,94.1847,9.82,15.98,20.57,2.24,1,637.12,51.63
V002,Bharat Star,HALDIA,19.1213,81.4963,12.86,338.2,26.44,3.02,8,754.93,61.64
V007,Ocean Sapphire,PARADIP,19.4356,89.0934,12.73,39.37,27.23,1.23,0,276.71,16.39
V005,Eastern Titan,HALDIA,26.289,91.8563,9.43,102.03,33.53,4.42,9,612.07,79.18
V003,Odisha Queen,VIZAG,15.5031,82.1678,14.8,352.11,7.21,1.85,8,270.52,15.4
V004,Steel Infinity,VIZAG,18.7462,85.9011,13.23,130.08,4.61,4.34,0,300.72,18.19
V006,Himalaya Dawn,VIZAG,20.3316,82.9893,9.8,265.86,24.5,1.1,4,295.32,24.73
V003,Odisha Queen,VIZAG,14.6165,84.1301,11.86,206.96,2.25,3.55,7,353.61,26.87
V003,Odisha Queen,SMPK,25.4742,92.4666,13.37,66.58,4.18,2.99,6,533.63,34.13
V003,Odisha Queen,PARADIP,22.5219,85.9504,13.07,57.63,29.31,2.77,2,254.46,17.52
V001,Ganga Glory,HALDIA,29.098,89.3201,10.43,245.02,30.87,2.94,9,798.2,84.21
V007,Ocean Sapphire,SMPK,24.3941,82.5406,12.83,347.1,32.32,1.99,6,622.11,47.09
V006,Himalaya Dawn,HALDIA,28.1855,85.2607,9.44,155.65,18.45,2.02,0,742.2,58.94
V004,Steel Infinity,VIZAG,14.5502,83.4486,10.48,133.8,29.43,3.17,7,349.6,35.15
V003,Odisha Queen,HALDIA,23.3502,84.7765,14.87,285.71,30.59,3.54,10,368.35,28.89
V004,Steel Infinity,VIZAG,21.1299,85.1725,13.38,229.52,21.41,4.47,4,430.91,32.4
V005,Eastern Titan,VIZAG,12.8718,79.7186,11.47,212.41,26.87,4.47,10,657.92,69.15
V003,Odisha Queen,SMPK,19.9489,82.0737,12.74,276.98,30.48,3.71,1,707.01,51.79
V006,Himalaya Dawn,SMPK,24.937,91.0047,10.77,316.94,21.71,2.01,4,382.38,30.47
V007,Ocean Sapphire,SMPK,24.5901,81.8627,13.4,101.45,31.42,2.15,0,694.09,42.81
V007,Ocean Sapphire,VIZAG,21.0441,81.8156,13.92,154.94,10.5,1.07,12,403.34,25.81
V001,Ganga Glory,VIZAG,11.4851,80.9703,9.34,305.01,27.18,4.05,9,733.31,90.37
V005,Eastern Titan,SMPK,27.944,86.327,11.6,312.11,13.79,2.3,12,631.72,54.78
V003,Odisha Queen,SMPK,19.8558,89.8416,10.83,65.96,11.77,2.98,12,339.53,32.63
V005,Eastern Titan,SMPK,24.1494,94.4426,13.39,247.76,26.56,2.15,3,651.74,42.47
V004,Steel Infinity,SMPK,23.1481,82.7885,10.35,257.57,21.12,4.03,3,568.63,52.25
V006,Himalaya Dawn,SMPK,27.7117,91.9241,13.75,4.99,13.85,3.84,3,679.98,44.36
V002,Bharat Star,HALDIA,22.5081,93.6501,11.39,107.75,23.71,3.64,8,577.89,54.45
V002,Bharat Star,VIZAG,17.5708,77.9843,9.73,136.56,28.36,3.76,5,561.34,59.52
V004,Steel Infinity,VIZAG,18.8858,80.1574,14.6,64.06,34.41,2.43,0,355.48,20.89
V004,Steel Infinity,HALDIA,27.5882,91.0916,11.14,127.62,22.47,3.21,12,691.56,70.55
V003,Odisha Queen,HALDIA,19.1489,90.321,12.2,111.77,16.31,3.93,0,395.72,27.29
V002,Bharat Star,HALDIA,23.8457,84.3728,14.24,289.5,25.44,3.83,12,429.22,36.27
V007,Ocean Sapphire,HALDIA,22.2883,85.336,13.65,198.59,33.67,4.02,8,282.24,24.09
V006,Himalaya Dawn,HALDIA,24.3015,88.7309,10.81,41.51,34.26,2.61,10,263.87,27.51
V006,Himalaya Dawn,VIZAG,16.6785,81.5646,10.44,67.34,32.04,1.23,1,214.14,16.48
V006,Himalaya Dawn,VIZAG,20.5387,86.9075,10.13,70.26,20.4,3.71,10,495.53,54.14
V003,Odisha Queen,SMPK,25.7711,93.4674,11.41,195.09,2.82,1.07,5,634.81,39.27
V005,Eastern Titan,SMPK,25.1539,87.6204,14.92,100.52,25.4,2.61,7,297.68,19.77
V004,Steel Infinity,VIZAG,20.5311,88.1895,14.31,305.93,13.17,4.03,3,604.8,38.22
V003,Odisha Queen,SMPK,18.369,89.5857,13.79,40.3,32.09,2.37,10,483.8,38.4
V002,Bharat Star,HALDIA,22.2645,85.7187,9.03,172.25,7.13,1.84,7,242.8,22.08
V002,Bharat Star,VIZAG,21.2807,87.4347,13.46,145.39,13.48,2.01,3,590.76,34.53
V003,Odisha Queen,PARADIP,14.2509,90.0526,11.94,315.2,2.4,3.78,3,766.86,53.05
V003,Odisha Queen,PARADIP,17.3541,90.7412,12.38,188.13,11.0,4.03,0,544.8,35.99
V004,Steel Infinity,PARADIP,16.805,86.7449,10.14,344.67,28.72,2.69,9,391.07,41.21
V007,Ocean Sapphire,VIZAG,19.7527,85.5899,10.56,129.27,3.58,2.36,9,334.32,27.65
V001,Ganga Glory,HALDIA,19.354,92.5228,14.76,351.1,4.92,4.29,6,550.17,35.15
V004,Steel Infinity,PARADIP,21.7566,84.8953,10.25,307.96,23.04,0.35,8,239.9,19.85
V007,Ocean Sapphire,VIZAG,21.232,88.6125,12.28,294.56,15.65,1.42,1,683.76,40.26
V003,Odisha Queen,VIZAG,16.5025,88.8178,8.77,81.55,10.09,2.86,9,603.17,65.48
V005,Eastern Titan,VIZAG,22.5051,83.6508,8.24,228.58,11.56,3.79,6,536.81,62.09
V005,Eastern Titan,VIZAG,19.3044,89.1889,12.42,193.85,24.11,2.7,10,648.39,55.44
V003,Odisha Queen,PARADIP,24.7521,85.3995,13.11,164.56,8.22,1.84,11,508.51,35.31
V001,Ganga Glory,HALDIA,19.8418,82.9522,8.5,247.94,27.95,1.43,8,582.65,65.35
V003,Odisha Queen,SMPK,16.7162,87.7955,14.11,293.58,2.6,1.08,11,650.83,37.61
V005,Eastern Titan,SMPK,19.2651,87.9064,11.88,123.87,22.15,0.35,9,367.55,26.69
V003,Odisha Queen,HALDIA,23.4225,86.274,14.81,143.05,31.37,0.99,7,241.3,15.05
V005,Eastern Titan,HALDIA,28.4928,89.9958,10.13,116.49,20.48,4.49,12,746.64,89.61
V001,Ganga Glory,HALDIA,25.9073,87.68,13.94,304.57,19.81,2.19,5,435.07,27.49
V003,Odisha Queen,HALDIA,19.7315,89.9193,8.66,286.52,5.08,4.48,0,318.59,29.81
V002,Bharat Star,PARADIP,24.2653,89.6471,12.19,56.71,14.12,3.87,3,537.95,39.74
V002,Bharat Star,VIZAG,14.8165,81.0023,14.94,72.85,18.4,2.35,0,401.49,20.62
V004,Steel Infinity,PARADIP,17.589,84.6874,13.21,57.31,31.17,1.06,8,365.4,26.29
V002,Bharat Star,HALDIA,21.8159,82.5613,11.76,225.34,5.19,4.28,8,567.63,47.89
V001,Ganga Glory,VIZAG,11.5167,79.6244,14.86,331.53,27.23,3.94,4,791.04,53.71
V006,Himalaya Dawn,VIZAG,16.3802,82.008,14.25,326.67,20.66,1.14,3,198.75,10.85
V002,Bharat Star,VIZAG,15.7268,86.1899,9.19,333.76,25.61,0.34,4,379.05,32.2
V005,Eastern Titan,SMPK,18.282,90.0205,9.67,227.05,15.47,3.88,4,507.3,48.99
V007,Ocean Sapphire,PARADIP,21.9168,85.6078,10.26,28.6,22.25,3.55,2,206.28,18.18
V002,Bharat Star,HALDIA,19.7781,82.2549,13.76,127.09,28.75,0.36,9,652.04,43.05
V003,Odisha Queen,VIZAG,16.9399,90.4024,13.42,261.82,7.0,2.05,1,760.63,40.24
V002,Bharat Star,SMPK,18.0645,87.834,9.13,200.18,21.11,4.03,7,501.12,57.96
V002,Bharat Star,VIZAG,14.9335,85.0125,14.28,193.68,29.01,2.25,9,357.95,26.07
V002,Bharat Star,SMPK,26.5845,90.6624,14.46,73.95,29.06,3.34,1,508.22,31.8
V007,Ocean Sapphire,VIZAG,19.6274,85.7832,12.14,169.18,8.03,0.3,10,340.5,21.88
V002,Bharat Star,PARADIP,17.3436,83.2331,10.63,283.45,26.56,4.44,1,486.36,43.54
V006,Himalaya Dawn,VIZAG,15.4672,87.7044,14.53,284.33,31.58,2.79,0,532.33,31.57
V006,Himalaya Dawn,VIZAG,15.9237,82.4792,13.62,100.61,18.22,4.27,2,214.1,14.49
V005,Eastern Titan,VIZAG,18.9961,81.2079,13.28,257.52,6.22,3.91,3,262.52,16.93
V004,Steel Infinity,VIZAG,22.9805,79.9512,9.22,169.23,34.76,3.15,12,682.94,90.55
V002,Bharat Star,PARADIP,18.5194,91.0092,10.83,107.82,25.23,1.99,11,501.91,48.35
V006,Himalaya Dawn,VIZAG,19.1998,80.4145,13.98,125.69,28.91,1.26,5,345.75,21.76
V005,Eastern Titan,HALDIA,19.977,91.0972,12.66,353.0,25.75,1.11,0,387.94,22.67
V003,Odisha Queen,PARADIP,22.6853,85.372,14.14,149.41,5.97,1.05,11,292.98,17.35
V001,Ganga Glory,PARADIP,22.2468,86.556,13.19,102.25,33.38,3.95,4,214.36,17.01
V003,Odisha Queen,HALDIA,17.7776,85.3802,12.81,79.71,25.08,0.56,3,547.67,32.93
V004,Steel Infinity,SMPK,27.8702,89.1631,8.47,310.16,33.5,1.11,11,597.91,73.36
V004,Steel Infinity,VIZAG,22.7655,87.3517,9.79,160.28,18.47,2.75,12,706.26,77.43
V002,Bharat Star,VIZAG,17.5699,86.6858,10.14,328.89,7.03,2.21,3,361.17,27.1
V004,Steel Infinity,VIZAG,19.312,79.3948,11.36,246.2,19.39,2.24,3,447.61,32.92
V005,Eastern Titan,HALDIA,20.3593,87.205,13.41,90.02,11.08,3.88,7,203.83,14.91
V007,Ocean Sapphire,VIZAG,15.9654,82.0483,13.72,164.82,14.77,3.22,7,232.29,16.28
V001,Ganga Glory,VIZAG,20.8553,88.3116,11.14,83.75,12.23,1.55,1,634.58,40.52
V001,Ganga Glory,VIZAG,18.468,79.5183,11.64,201.63,9.42,2.63,9,406.92,32.56
V003,Odisha Queen,VIZAG,19.8449,83.1658,13.26,78.86,24.65,0.91,7,239.92,15.83
V006,Himalaya Dawn,HALDIA,15.3822,87.1539,10.73,108.23,8.24,2.81,9,743.12,64.8
V006,Himalaya Dawn,PARADIP,17.8978,86.7384,10.39,310.52,22.09,0.7,1,269.62,18.64
V001,Ganga Glory,PARADIP,24.2221,85.7056,9.25,104.31,4.51,1.78,6,443.98,37.44
V002,Bharat Star,HALDIA,17.9096,89.4359,10.01,348.34,33.3,0.63,4,478.07,40.37
V007,Ocean Sapphire,SMPK,24.4498,94.7326,12.4,93.99,29.08,2.89,12,689.03,64.53
V005,Eastern Titan,HALDIA,24.8611,91.5517,8.04,267.86,5.94,3.45,7,476.82,54.47
V004,Steel Infinity,VIZAG,21.4604,85.0957,14.92,281.13,10.74,1.11,9,460.37,25.8
V007,Ocean Sapphire,PARADIP,18.5935,87.9323,12.47,234.45,13.09,1.94,3,236.19,14.79
V002,Bharat Star,PARADIP,26.7804,86.0761,12.03,152.83,34.05,1.53,4,720.5,54.14
V006,Himalaya Dawn,HALDIA,16.9922,90.952,12.17,8.69,26.84,2.64,11,634.91,57.47
V002,Bharat Star,PARADIP,17.249,87.8732,9.73,354.57,34.44,3.11,12,366.07,45.79
V002,Bharat Star,HALDIA,15.3354,90.0057,10.56,267.33,28.65,2.15,11,769.92,78.72
V004,Steel Infinity,VIZAG,13.4284,81.8316,12.37,219.4,28.46,1.75,6,498.6,37.52
V005,Eastern Titan,PARADIP,17.0752,89.7152,9.73,37.81,31.15,1.77,10,486.23,52.26
V001,Ganga Glory,PARADIP,20.276,89.4309,12.5,61.36,23.86,3.95,10,293.19,26.93
V004,Steel Infinity,PARADIP,22.3092,87.3141,8.19,1.22,12.92,0.5,6,232.58,21.36
V002,Bharat Star,HALDIA,29.0944,88.0062,8.35,194.86,13.31,3.08,7,787.77,88.92
V007,Ocean Sapphire,SMPK,24.3879,91.2338,10.14,296.63,25.7,3.2,10,362.34,39.6
V002,Bharat Star,HALDIA,20.0786,88.6117,10.14,269.58,21.18,2.98,9,222.26,22.72
V004,Steel Infinity,SMPK,23.2092,94.474,13.87,20.07,7.58,1.65,12,636.69,41.88
V003,Odisha Queen,VIZAG,14.4431,84.7758,12.72,54.16,6.21,3.63,3,394.82,26.06
V002,Bharat Star,SMPK,20.7529,87.6848,8.76,26.87,6.84,1.63,3,209.7,17.36
V004,Steel Infinity,SMPK,23.2319,93.6361,8.05,301.33,33.3,1.28,6,551.82,63.87
V002,Bharat Star,SMPK,28.558,89.3111,9.14,75.73,4.42,2.69,10,675.71,68.21
V003,Odisha Queen,SMPK,25.5292,87.7273,9.25,79.89,24.92,1.63,10,336.34,36.1
V006,Himalaya Dawn,PARADIP,22.4465,80.0571,10.32,224.54,20.03,0.49,0,719.39,47.07
V003,Odisha Queen,HALDIA,21.3187,84.559,11.73,65.27,29.82,3.52,2,369.86,29.81
V001,Ganga Glory,VIZAG,19.2993,80.7348,13.31,169.84,29.65,2.88,3,322.58,22.63
V003,Odisha Queen,VIZAG,22.0936,86.6571,12.94,8.1,15.5,3.9,8,603.63,48.3
V006,Himalaya Dawn,HALDIA,26.6866,88.7503,8.44,168.6,2.64,1.72,9,524.69,51.15
V003,Odisha Queen,VIZAG,14.3437,86.3225,10.59,15.65,6.42,3.8,1,494.12,37.51
V007,Ocean Sapphire,SMPK,16.0071,88.3261,10.78,165.24,4.31,2.48,11,727.54,62.64
V005,Eastern Titan,HALDIA,20.003,91.2693,10.76,297.59,11.78,2.65,12,400.96,37.88
V003,Odisha Queen,PARADIP,22.6594,81.779,10.2,117.51,5.8,1.0,5,564.33,39.83
V002,Bharat Star,PARADIP,24.3194,89.9553,10.2,210.05,16.28,0.45,6,561.6,42.43
V005,Eastern Titan,PARADIP,26.0607,82.421,14.36,11.86,8.11,1.23,2,769.04,36.94
V003,Odisha Queen,PARADIP,16.0011,84.0602,8.17,110.27,29.98,2.48,2,551.12,59.83
V004,Steel Infinity,VIZAG,13.4136,87.9282,10.49,340.75,25.5,1.88,6,688.4,60.39
V006,Himalaya Dawn,SMPK,17.2811,84.5262,13.72,56.6,12.2,2.8,4,706.22,43.67
V003,Odisha Queen,PARADIP,17.5833,89.3638,13.2,273.89,4.3,0.3,8,419.34,22.85
V003,Odisha Queen,HALDIA,23.3294,85.2108,13.59,339.81,10.14,0.31,9,327.07,18.71
V002,Bharat Star,HALDIA,24.6329,88.6538,13.35,88.02,5.96,0.39,8,297.89,16.43
V003,Odisha Queen,HALDIA,18.7272,86.921,14.78,63.97,7.48,3.97,4,383.85,23.14
V003,Odisha Queen,PARADIP,21.9954,85.801,13.48,232.18,5.27,1.1,0,204.74,9.54
V003,Odisha Queen,HALDIA,21.168,91.8878,11.46,278.52,9.01,1.45,5,406.69,27.24
V001,Ganga Glory,PARADIP,23.6512,84.0311,8.24,108.59,4.45,2.15,10,456.54,49.06
V004,Steel Infinity,HALDIA,19.0323,88.1118,8.58,122.96,24.55,4.26,3,331.15,38.02
V001,Ganga Glory,SMPK,22.2983,91.7604,9.37,235.88,31.35,1.89,7,356.77,37.41
V002,Bharat Star,VIZAG,13.0566,86.237,12.28,352.81,18.94,0.64,2,604.88,35.38
V007,Ocean Sapphire,VIZAG,21.42,79.4291,13.55,41.84,15.0,1.49,12,578.58,40.76
V005,Eastern Titan,PARADIP,15.1737,88.8018,14.65,260.78,21.41,0.92,7,617.09,36.0
V007,Ocean Sapphire,VIZAG,22.3869,86.5219,14.02,231.48,3.66,4.06,5,622.39,39.8
V006,Himalaya Dawn,SMPK,18.3431,90.8809,14.48,161.92,29.32,0.35,3,539.53,29.16
V007,Ocean Sapphire,PARADIP,23.5486,85.7559,10.07,296.9,27.01,3.71,8,369.89,40.41
V005,Eastern Titan,HALDIA,24.9501,84.9535,8.56,322.36,11.59,1.28,0,455.22,35.77
V004,Steel Infinity,SMPK,19.4827,90.0048,9.66,150.83,28.29,1.91,7,384.22,38.34
V003,Odisha Queen,VIZAG,11.0022,83.5185,8.12,255.77,33.58,1.42,11,744.09,97.33
V006,Himalaya Dawn,PARADIP,18.3788,85.8433,9.93,77.18,16.93,0.66,12,230.72,21.1
V007,Ocean Sapphire,VIZAG,16.7561,87.3712,10.01,96.49,9.21,0.42,10,446.74,35.56
V006,Himalaya Dawn,PARADIP,23.5275,80.1824,12.7,320.76,2.15,1.51,1,753.62,38.74
V002,Bharat Star,VIZAG,14.885,89.4809,14.51,38.24,33.18,2.2,6,731.55,49.89
V001,Ganga Glory,VIZAG,18.9639,86.8652,14.48,201.58,34.05,1.81,2,404.07,24.33
V002,Bharat Star,PARADIP,16.3506,92.1884,8.67,202.16,26.13,1.53,7,734.87,78.38
V001,Ganga Glory,SMPK,24.0238,90.8398,10.13,178.5,18.71,2.61,2,306.82,25.13
V002,Bharat Star,PARADIP,21.9436,92.1101,12.59,49.15,14.11,1.43,0,597.31,32.92
V005,Eastern Titan,PARADIP,15.5592,89.1413,9.26,113.09,25.68,2.36,1,592.73,53.19
V005,Eastern Titan,VIZAG,12.9484,86.0567,8.87,259.03,25.78,1.76,1,605.48,54.51
V001,Ganga Glory,SMPK,20.7298,90.9035,13.62,206.42,33.1,1.39,11,336.7,26.13
V003,Odisha Queen,PARADIP,22.7041,85.806,10.14,133.85,22.28,2.58,8,278.15,27.22
V006,Himalaya Dawn,VIZAG,12.4522,88.0376,13.91,124.71,21.26,2.93,3,774.54,49.4
V003,Odisha Queen,SMPK,28.7911,87.039,9.57,353.87,31.67,4.46,4,705.38,78.68
V004,Steel Infinity,SMPK,20.6478,88.0109,10.66,92.25,8.62,2.88,2,213.61,15.78
V006,Himalaya Dawn,SMPK,23.9915,87.1776,13.11,31.94,9.1,3.6,12,197.07,16.03
V005,Eastern Titan,VIZAG,21.2663,80.1522,14.11,103.79,15.88,0.97,3,515.36,27.02
V005,Eastern Titan,VIZAG,14.0403,77.1582,13.24,75.6,8.82,4.18,7,770.21,57.31
V002,Bharat Star,SMPK,24.69,84.8014,14.0,19.84,14.8,2.48,2,428.53,24.49
V006,Himalaya Dawn,VIZAG,19.9137,79.131,11.23,329.56,20.12,2.25,0,501.83,34.45
V003,Odisha Queen,SMPK,25.5548,88.7672,10.72,150.04,2.05,0.87,5,337.47,21.68
V001,Ganga Glory,HALDIA,22.0638,85.5095,10.95,234.64,12.91,0.59,2,262.95,16.35
V004,Steel Infinity,SMPK,16.6576,89.101,11.76,327.61,12.61,3.91,10,660.55,59.89
V006,Himalaya Dawn,PARADIP,19.799,90.4269,11.51,84.15,10.14,3.72,10,401.81,36.14
V003,Odisha Queen,SMPK,26.2399,92.7205,12.53,305.91,8.02,4.39,12,607.13,54.12
V007,Ocean Sapphire,SMPK,21.7208,84.923,14.1,160.53,16.74,1.94,7,359.83,22.73
V005,Eastern Titan,HALDIA,25.064,82.9904,10.23,177.26,31.07,2.26,5,618.3,57.73
V001,Ganga Glory,VIZAG,19.3512,81.3145,8.45,207.23,28.84,2.49,8,277.6,33.86
V001,Ganga Glory,HALDIA,28.3323,84.6169,8.53,12.6,13.99,2.83,8,783.63,87.64
V005,Eastern Titan,HALDIA,24.9653,86.2162,13.96,214.17,21.98,2.33,9,378.6,27.06
V002,Bharat Star,PARADIP,16.7444,89.8878,13.54,37.18,12.33,2.78,12,526.04,40.03
V005,Eastern Titan,HALDIA,24.7621,93.1756,14.82,102.57,14.66,2.28,2,605.08,32.16
V004,Steel Infinity,VIZAG,15.6871,79.2839,10.08,356.2,7.56,4.06,3,480.35,41.6
V002,Bharat Star,PARADIP,18.79,83.1745,8.75,188.79,32.5,1.65,7,399.09,44.46
V003,Odisha Queen,SMPK,17.829,90.1991,8.53,306.22,31.89,2.58,6,561.09,66.16
V006,Himalaya Dawn,SMPK,19.9839,90.6584,8.5,233.35,24.28,1.92,12,375.67,46.61
V002,Bharat Star,SMPK,20.8695,89.6354,10.58,103.49,28.87,1.85,9,232.27,22.22
V002,Bharat Star,PARADIP,25.4503,85.8442,8.36,207.14,12.86,4.06,6,575.97,67.44
V004,Steel Infinity,VIZAG,15.7967,82.2024,14.94,20.18,32.1,3.22,8,239.76,17.68
V007,Ocean Sapphire,SMPK,20.0686,90.0912,12.43,295.99,30.38,3.5,0,332.5,23.92
V007,Ocean Sapphire,VIZAG,21.6866,79.5178,9.25,343.32,19.84,3.59,3,593.76,58.9
V004,Steel Infinity,PARADIP,22.1981,85.1198,8.25,39.31,18.54,1.12,0,260.34,22.13
V007,Ocean Sapphire,PARADIP,18.944,93.5002,13.48,174.48,13.54,3.82,0,736.56,44.8
V005,Eastern Titan,SMPK,24.4783,91.8586,11.04,52.23,24.86,1.59,6,421.43,34.28
V006,Himalaya Dawn,SMPK,27.8813,89.482,9.44,253.86,15.59,2.93,6,604.61,59.19
V005,Eastern Titan,VIZAG,22.3416,87.2971,11.96,252.74,16.38,3.03,2,665.98,46.79
V004,Steel Infinity,PARADIP,20.4734,84.8233,12.35,198.22,10.11,2.61,0,188.03,11.21
V005,Eastern Titan,HALDIA,21.6573,83.3164,12.44,244.11,5.94,3.96,6,491.17,36.67
V003,Odisha Queen,SMPK,24.3533,92.8659,13.16,255.17,5.42,4.01,6,507.05,35.77
V003,Odisha Queen,PARADIP,20.701,81.055,14.17,284.17,28.41,0.33,9,581.09,37.08
V004,Steel Infinity,PARADIP,22.6384,81.2386,13.75,59.77,26.01,1.78,4,613.53,38.85
V004,Steel Infinity,VIZAG,16.0202,81.53,13.32,152.14,29.84,3.26,3,262.97,18.9
V001,Ganga Glory,VIZAG,21.6802,84.0815,9.61,319.67,15.04,2.7,1,451.55,37.16
V003,Odisha Queen,PARADIP,21.1311,81.4953,10.17,131.37,4.03,3.11,10,540.51,50.46
V002,Bharat Star,SMPK,16.3432,91.141,9.8,349.49,29.98,1.17,2,751.62,62.28
V005,Eastern Titan,VIZAG,11.0699,84.9659,12.7,79.3,19.73,1.85,8,758.16,55.31
V005,Eastern Titan,VIZAG,21.0823,83.0049,11.24,267.44,24.32,3.39,7,378.31,34.83
V003,Odisha Queen,SMPK,20.5144,86.0454,12.06,283.14,24.68,2.09,0,324.97,21.2
V004,Steel Infinity,SMPK,22.8076,85.4651,10.57,261.5,32.55,3.8,5,292.26,29.32
V007,Ocean Sapphire,HALDIA,17.6974,85.4893,11.64,113.23,15.32,0.43,11,549.72,40.6
V007,Ocean Sapphire,PARADIP,18.463,86.355,8.36,63.84,19.96,1.77,11,208.35,24.67
V006,Himalaya Dawn,PARADIP,16.8356,85.9982,11.79,111.0,27.5,2.48,11,392.95,36.49
V006,Himalaya Dawn,PARADIP,24.0917,86.2287,12.76,140.41,16.7,3.2,8,421.32,32.91
V001,Ganga Glory,HALDIA,26.0541,89.625,10.85,250.2,6.2,0.63,3,476.93,29.13
V002,Bharat Star,SMPK,16.619,85.7287,14.55,282.24,18.43,1.94,6,712.33,43.03
V002,Bharat Star,HALDIA,25.1731,83.2874,11.37,78.05,29.86,1.07,8,600.09,49.71
V005,Eastern Titan,VIZAG,19.0653,78.3406,11.2,116.5,28.46,4.03,4,543.17,49.55
V001,Ganga Glory,VIZAG,22.9567,81.2838,13.71,137.6,21.87,1.0,2,621.48,34.26
V005,Eastern Titan,VIZAG,21.7722,81.5853,10.58,63.5,31.07,1.36,1,487.32,37.1
V006,Himalaya Dawn,SMPK,19.3075,82.3139,8.08,4.47,14.24,1.04,12,718.56,81.49
V002,Bharat Star,PARADIP,19.4723,89.5564,14.94,19.13,28.72,1.79,5,321.16,19.6
V001,Ganga Glory,PARADIP,21.5384,88.5691,9.61,247.13,33.41,3.55,1,243.58,23.84
V001,Ganga Glory,HALDIA,17.7768,86.7716,13.65,147.63,8.28,4.44,9,489.6,37.59
V002,Bharat Star,HALDIA,25.603,86.7579,14.21,330.75,23.05,1.75,11,420.9,29.93
V004,Steel Infinity,PARADIP,17.1382,85.7753,8.23,226.09,16.36,0.96,1,364.81,31.09
V004,Steel Infinity,PARADIP,18.7423,83.9545,10.79,345.79,22.1,2.48,1,329.85,25.01
V003,Odisha Queen,SMPK,25.7889,82.5641,11.32,317.23,32.44,4.13,0,684.19,56.77
V004,Steel Infinity,HALDIA,16.7497,85.8441,9.94,201.09,26.74,1.09,9,629.37,59.83
V006,Himalaya Dawn,SMPK,24.3778,81.4268,8.36,69.7,26.29,1.15,12,729.82,88.44
V005,Eastern Titan,PARADIP,22.893,90.9121,12.96,54.56,8.19,0.87,3,527.9,28.05
V001,Ganga Glory,HALDIA,21.6497,84.892,12.67,176.61,5.39,1.14,7,329.44,19.87
V002,Bharat Star,SMPK,20.3061,92.7332,11.46,265.36,20.16,3.12,1,522.27,38.41
V004,Steel Infinity,SMPK,27.1265,93.5965,14.59,312.22,23.82,4.12,8,737.79,55.93
V007,Ocean Sapphire,HALDIA,21.4913,86.216,12.24,19.35,3.55,3.69,0,198.99,12.34
V004,Steel Infinity,VIZAG,12.0321,81.3963,11.95,101.75,8.62,4.03,3,660.88,48.52
V006,Himalaya Dawn,SMPK,17.8821,89.2042,14.22,64.03,29.17,1.14,0,527.54,28.18
V001,Ganga Glory,HALDIA,26.8347,90.4035,10.47,81.21,5.05,0.65,11,586.56,44.93
V003,Odisha Queen,VIZAG,15.9107,78.3953,9.21,311.42,11.29,0.9,10,556.31,51.07
V001,Ganga Glory,HALDIA,20.1494,87.0176,9.18,181.77,28.92,0.66,10,233.45,24.22
V007,Ocean Sapphire,PARADIP,18.9104,88.0325,8.51,232.33,28.38,3.6,6,215.53,26.56
V007,Ocean Sapphire,VIZAG,17.5894,76.5368,11.13,201.76,3.31,0.38,2,714.6,39.39
V007,Ocean Sapphire,PARADIP,21.0397,82.918,9.92,330.9,15.68,0.37,7,393.33,30.96
V002,Bharat Star,SMPK,23.4677,85.741,9.18,346.66,8.21,1.23,2,281.08,21.13
V001,Ganga Glory,PARADIP,21.0218,93.0102,12.23,341.23,20.26,0.63,1,669.33,38.58
V003,Odisha Queen,PARADIP,24.7283,81.3376,10.43,83.9,9.1,3.11,10,731.03,69.03
V004,Steel Infinity,SMPK,19.0677,84.8989,14.46,0.07,17.57,3.59,5,524.26,34.6
V006,Himalaya Dawn,PARADIP,23.6622,87.662,11.55,105.68,16.18,2.25,9,386.85,31.89
V002,Bharat Star,HALDIA,26.769,91.6199,8.2,280.69,26.62,2.03,5,640.21,71.3
V004,Steel Infinity,VIZAG,16.2172,84.7811,13.98,164.74,34.22,0.9,1,228.71,13.04
V003,Odisha Queen,PARADIP,25.7961,83.9215,12.22,28.76,18.38,2.75,11,668.51,57.38
V003,Odisha Queen,SMPK,18.1192,89.3478,12.07,159.32,29.44,0.72,0,504.64,30.88
V003,Odisha Queen,SMPK,20.0221,87.0272,8.47,185.98,14.83,4.2,10,310.47,40.39
V004,Steel Infinity,VIZAG,16.5384,90.0661,9.95,302.29,11.7,3.38,2,732.39,61.38
V005,Eastern Titan,PARADIP,21.6181,81.4756,11.46,297.92,22.59,2.53,7,553.26,46.7
V001,Ganga Glory,HALDIA,27.5438,84.3056,10.0,125.03,28.45,1.57,7,722.57,68.11
V007,Ocean Sapphire,HALDIA,25.2236,87.8238,12.28,307.04,22.47,3.04,6,358.14,28.44
V006,Himalaya Dawn,VIZAG,15.8046,79.5219,14.15,18.03,13.71,1.48,1,451.72,22.85
V001,Ganga Glory,HALDIA,22.2708,91.3489,9.86,202.6,21.99,1.11,3,339.97,27.03
V003,Odisha Queen,VIZAG,15.627,80.3475,11.2,357.81,3.63,4.09,11,387.56,35.96
V005,Eastern Titan,SMPK,19.5754,92.0856,12.41,187.49,23.97,3.14,2,513.47,36.84
V004,Steel Infinity,VIZAG,22.175,86.2885,13.33,179.88,13.33,3.81,3,589.53,39.47
V006,Himalaya Dawn,HALDIA,21.49,90.091,9.92,268.43,5.54,2.61,9,217.58,19.81
V006,Himalaya Dawn,PARADIP,18.9483,83.4695,8.46,235.63,4.87,4.17,3,363.48,37.11
V001,Ganga Glory,SMPK,19.1846,87.8674,13.0,66.44,30.0,3.03,5,376.9,28.9
V001,Ganga Glory,SMPK,17.8046,84.2288,8.42,237.65,18.0,2.09,9,677.37,76.7
V004,Steel Infinity,HALDIA,23.4067,83.1602,9.81,19.26,34.09,4.01,7,526.01,61.07
V007,Ocean Sapphire,PARADIP,19.2084,88.4601,10.82,34.16,3.08,0.31,6,228.8,14.33
V007,Ocean Sapphire,HALDIA,24.2189,88.3859,12.08,164.06,14.96,2.51,4,247.87,17.4
V005,Eastern Titan,SMPK,19.6834,86.7919,12.56,199.07,33.06,1.21,5,355.06,25.51
V001,Ganga Glory,VIZAG,17.2818,86.8174,9.38,102.97,21.75,2.37,11,377.89,42.12
V007,Ocean Sapphire,VIZAG,18.5842,85.3085,10.81,298.27,21.93,3.99,10,236.29,24.85
V002,Bharat Star,PARADIP,18.5887,86.0092,14.58,268.05,30.88,2.0,9,202.88,14.41
V004,Steel Infinity,PARADIP,22.9064,83.2509,14.02,137.32,9.48,3.81,11,451.64,34.19
V001,Ganga Glory,HALDIA,22.2664,84.3174,11.03,263.66,17.35,2.04,1,386.52,26.87
V007,Ocean Sapphire,HALDIA,16.9973,87.1293,14.58,302.46,33.9,1.15,12,565.85,41.47
V006,Himalaya Dawn,VIZAG,18.1952,89.0258,9.32,76.06,23.48,2.1,3,610.4,55.75
V005,Eastern Titan,VIZAG,18.8438,86.3785,10.32,80.67,15.77,3.48,5,351.42,31.86
V002,Bharat Star,PARADIP,16.1588,84.9986,12.95,310.92,15.34,1.26,8,493.35,32.67
V002,Bharat Star,HALDIA,20.7682,91.8,10.16,153.25,34.78,2.22,11,411.09,45.67
V007,Ocean Sapphire,SMPK,15.938,89.6442,8.79,207.39,15.71,3.46,1,748.62,71.27
V001,Ganga Glory,SMPK,26.1871,89.014,11.23,219.72,26.83,4.28,7,410.84,40.58
V006,Himalaya Dawn,SMPK,20.6406,82.927,11.32,87.46,15.17,0.6,12,594.65,46.79
V007,Ocean Sapphire,PARADIP,15.321,86.8654,12.57,129.66,25.23,2.83,6,556.47,43.35
V006,Himalaya Dawn,VIZAG,21.04,84.0559,8.58,311.18,26.56,4.04,6,381.29,47.34
V007,Ocean Sapphire,HALDIA,23.4084,85.1123,12.75,237.24,15.17,1.62,12,339.98,25.75
V003,Odisha Queen,SMPK,18.8478,83.0837,10.15,173.98,23.19,0.75,10,680.95,61.63
V003,Odisha Queen,PARADIP,21.6911,90.1477,10.51,128.42,3.81,2.83,3,396.65,29.38
V005,Eastern Titan,HALDIA,19.8949,88.3899,11.36,332.0,9.74,2.79,4,237.67,17.44
V005,Eastern Titan,SMPK,15.5637,88.5096,9.19,289.02,6.71,2.54,0,777.16,60.39
V001,Ganga Glory,PARADIP,16.6272,83.8682,14.05,211.33,23.64,1.59,4,502.79,30.23
V007,Ocean Sapphire,VIZAG,17.9905,79.8744,10.27,200.65,15.05,4.3,8,362.01,37.33
V002,Bharat Star,VIZAG,12.7148,87.6343,10.79,234.93,21.52,1.25,4,724.01,54.46
V007,Ocean Sapphire,VIZAG,14.2481,82.2588,9.81,337.64,22.09,0.93,2,397.98,30.53
V007,Ocean Sapphire,SMPK,20.4177,89.781,8.72,204.25,31.68,4.14,7,282.3,36.64
V003,Odisha Queen,VIZAG,18.9286,78.867,12.26,164.03,10.33,3.36,2,485.77,32.68
V005,Eastern Titan,VIZAG,20.5844,77.4833,9.02,315.65,17.0,0.57,1,688.65,52.15
V007,Ocean Sapphire,HALDIA,17.1316,83.3705,9.11,2.54,19.26,3.68,7,731.73,81.98
V003,Odisha Queen,SMPK,20.5189,91.0201,9.24,101.48,10.38,3.72,3,360.76,33.96
V003,Odisha Queen,VIZAG,18.5663,78.4335,11.03,33.7,18.67,0.46,3,521.32,34.32
V001,Ganga Glory,HALDIA,22.5787,85.1594,13.28,77.17,16.03,2.46,9,305.04,22.18
V002,Bharat Star,SMPK,21.9018,81.7039,11.03,28.79,26.58,0.4,6,682.71,51.54
V007,Ocean Sapphire,SMPK,20.7785,91.3173,10.59,300.09,22.85,3.78,11,368.8,40.21
V005,Eastern Titan,HALDIA,21.5046,90.598,14.36,0.25,2.23,0.57,4,268.06,12.2
V003,Odisha Queen,PARADIP,16.6211,82.097,8.01,351.16,9.76,0.67,5,629.77,56.94
V004,Steel Infinity,SMPK,25.5865,85.7729,10.86,221.92,23.34,0.79,11,424.04,36.84
V002,Bharat Star,SMPK,20.8683,81.4412,12.24,174.77,22.26,2.76,11,732.74,64.48
V001,Ganga Glory,HALDIA,21.8867,81.0333,12.69,203.3,29.18,1.12,11,724.76,57.63
V001,Ganga Glory,HALDIA,19.9188,94.7602,11.4,212.39,25.76,1.4,5,733.44,55.9
V005,Eastern Titan,SMPK,22.0602,94.9365,10.28,261.91,32.41,3.15,6,684.84,69.65
V006,Himalaya Dawn,HALDIA,25.3785,88.897,10.04,180.39,23.03,0.3,5,384.13,29.98
V005,Eastern Titan,PARADIP,22.1778,82.7624,8.65,208.37,34.23,0.53,10,449.97,51.01
V005,Eastern Titan,HALDIA,27.0759,89.7176,11.72,215.18,28.88,3.03,8,587.69,53.5
V006,Himalaya Dawn,VIZAG,13.6245,83.0733,13.1,271.44,12.54,1.5,10,452.6,30.97
V004,Steel Infinity,SMPK,22.4522,86.0962,11.34,72.59,33.21,1.16,3,226.65,17.06
V007,Ocean Sapphire,SMPK,26.8979,86.2517,9.52,224.72,4.84,3.4,0,525.83,41.47
V004,Steel Infinity,SMPK,27.3142,83.856,14.1,289.08,3.08,2.72,12,693.7,47.11
V007,Ocean Sapphire,HALDIA,18.3395,82.8061,8.69,73.63,17.96,2.88,7,683.46,75.49
V003,Odisha Queen,PARADIP,17.1685,85.2593,11.55,288.96,19.17,4.37,12,378.58,39.25
V006,Himalaya Dawn,PARADIP,24.5436,83.6772,12.08,73.56,14.88,2.78,5,558.56,41.01
V007,Ocean Sapphire,HALDIA,24.5476,86.9358,8.38,348.82,27.51,1.17,4,304.63,30.64
V007,Ocean Sapphire,VIZAG,15.896,84.7877,9.86,150.11,3.56,4.27,6,256.03,24.22
V001,Ganga Glory,VIZAG,15.2986,83.8228,11.04,357.95,27.09,4.15,12,272.13,30.55
V007,Ocean Sapphire,HALDIA,18.748,81.8063,9.53,75.85,34.35,1.81,0,745.83,64.5
V003,Odisha Queen,SMPK,23.9853,91.1682,10.44,357.12,15.02,1.34,0,333.63,22.19
V002,Bharat Star,VIZAG,23.5248,84.7245,12.82,217.59,22.84,2.09,9,665.97,51.24
V004,Steel Infinity,HALDIA,25.5376,92.2603,9.06,85.59,29.52,3.51,5,580.04,65.51
V004,Steel Infinity,HALDIA,18.9098,87.8944,8.48,274.22,14.12,4.5,3,345.16,38.16
V005,Eastern Titan,VIZAG,15.1211,86.5814,12.8,136.85,12.85,1.25,9,453.41,30.47
V001,Ganga Glory,VIZAG,21.0509,83.8301,9.24,223.15,9.42,2.67,10,378.15,39.14
V002,Bharat Star,SMPK,23.0803,94.25,13.92,204.07,9.35,4.27,1,612.64,37.26
V002,Bharat Star,VIZAG,16.5115,81.0231,11.5,128.5,17.07,0.42,10,273.31,20.25
V001,Ganga Glory,HALDIA,19.423,93.8242,8.3,38.93,32.41,2.79,6,664.86,81.89
V003,Odisha Queen,HALDIA,21.6254,94.7944,8.13,202.95,21.17,4.46,0,696.45,76.77
V006,Himalaya Dawn,HALDIA,22.607,90.0208,12.96,327.88,21.94,0.43,0,212.35,11.18
V002,Bharat Star,VIZAG,19.7057,89.5073,12.8,29.15,34.62,1.26,11,693.06,57.29
V005,Eastern Titan,HALDIA,19.6735,93.6784,12.37,141.35,29.08,3.08,8,638.97,55.34
V005,Eastern Titan,PARADIP,16.6445,88.3569,12.22,142.51,9.13,0.81,12,447.85,31.58
V001,Ganga Glory,SMPK,25.5794,85.2244,11.81,72.17,2.12,2.37,5,459.28,30.41
V005,Eastern Titan,HALDIA,25.0894,89.9867,13.95,106.41,27.93,2.68,5,394.72,27.22
V003,Odisha Queen,VIZAG,17.6368,88.9182,11.0,123.91,14.05,4.07,2,597.38,48.15
V001,Ganga Glory,SMPK,25.6234,94.1218,13.79,205.81,33.47,3.88,7,682.55,55.75
V004,Steel Infinity,HALDIA,19.375,81.7389,9.2,116.76,19.47,3.08,11,719.75,84.5
V002,Bharat Star,PARADIP,15.5499,89.5668,11.66,14.97,9.23,1.49,5,615.18,40.72
V005,Eastern Titan,HALDIA,18.2638,86.7187,13.33,228.06,30.95,3.62,10,439.45,38.72
V006,Himalaya Dawn,VIZAG,21.2174,78.3008,14.98,122.24,8.35,2.23,5,652.88,35.4
V006,Himalaya Dawn,SMPK,18.1793,89.5629,9.3,308.19,16.87,1.9,9,503.51,50.52
V002,Bharat Star,HALDIA,18.9955,93.9912,9.01,52.47,6.56,1.86,11,702.71,70.16
V003,Odisha Queen,PARADIP,19.1156,84.5415,8.79,127.71,8.68,4.16,5,255.47,27.15
V007,Ocean Sapphire,PARADIP,19.2656,84.1819,14.19,45.57,7.43,0.24,2,280.74,12.45
V003,Odisha Queen,HALDIA,22.3595,90.8242,12.38,128.58,9.95,3.12,4,287.25,19.83
V002,Bharat Star,SMPK,25.7299,87.3582,14.05,190.52,30.39,1.74,3,366.27,22.7
V007,Ocean Sapphire,HALDIA,19.9809,87.5112,11.43,5.91,27.78,4.15,10,232.7,24.22
V005,Eastern Titan,VIZAG,18.194,79.1869,9.02,13.83,9.87,0.52,2,436.6,31.92
V004,Steel Infinity,PARADIP,17.599,84.8574,9.41,240.51,17.57,2.24,2,354.81,30.23
V005,Eastern Titan,SMPK,20.0619,94.8822,8.39,56.3,12.12,0.3,2,735.75,57.85
V003,Odisha Queen,PARADIP,19.5664,80.6681,12.59,188.93,32.53,1.16,9,627.71,49.32
V004,Steel Infinity,SMPK,19.5025,90.1522,9.29,94.67,16.71,2.99,8,389.58,41.22
V006,Himalaya Dawn,SMPK,27.1942,88.8229,11.02,27.7,33.78,1.94,9,519.1,49.52
V005,Eastern Titan,SMPK,18.5963,88.1057,11.19,232.44,26.23,2.47,9,440.09,40.76
V002,Bharat Star,VIZAG,21.2144,87.7064,10.94,90.2,28.92,3.72,8,607.34,61.81
V003,Odisha Queen,VIZAG,17.1945,77.1242,10.99,260.22,33.43,0.63,4,655.31,50.43
V005,Eastern Titan,VIZAG,15.254,82.819,8.68,211.37,32.83,3.81,0,275.29,29.3
V002,Bharat Star,PARADIP,22.9483,87.2319,12.29,76.69,11.88,1.97,2,299.02,18.34
V003,Odisha Queen,PARADIP,18.2142,91.4859,14.84,308.29,5.04,0.74,12,561.82,31.29
V007,Ocean Sapphire,SMPK,20.5567,87.6846,8.84,53.04,34.08,4.14,1,230.6,25.49
V006,Himalaya Dawn,VIZAG,12.7542,81.3755,14.0,320.93,34.11,3.79,0,585.61,38.88
V006,Himalaya Dawn,HALDIA,20.4477,81.1137,11.52,99.28,32.14,3.94,6,740.55,70.35
V007,Ocean Sapphire,PARADIP,18.6529,81.3564,12.77,13.74,5.3,3.48,2,582.02,36.59
V007,Ocean Sapphire,SMPK,24.207,86.1269,8.73,32.93,15.68,0.96,6,288.34,26.4
V001,Ganga Glory,HALDIA,19.751,91.6672,8.24,256.4,32.89,3.97,3,451.12,55.67
V004,Steel Infinity,PARADIP,25.847,89.2533,10.21,166.21,7.54,2.27,6,670.95,54.57
V002,Bharat Star,SMPK,19.2953,83.808,11.25,327.38,18.46,2.42,10,590.38,52.61
V007,Ocean Sapphire,PARADIP,18.002,90.8832,12.06,301.53,28.87,3.14,0,516.62,37.11
V006,Himalaya Dawn,PARADIP,16.3192,85.9446,12.8,27.11,10.0,2.22,12,450.54,34.21
V006,Himalaya Dawn,PARADIP,23.4349,85.6413,12.41,261.48,15.59,3.88,12,360.78,33.0
V001,Ganga Glory,SMPK,23.2847,90.0941,9.91,95.16,4.81,2.46,11,201.09,18.87
V002,Bharat Star,VIZAG,19.8194,85.8081,13.87,327.24,17.97,3.71,9,356.24,27.34
V003,Odisha Queen,HALDIA,17.1971,89.4902,14.86,229.26,4.87,0.97,4,555.73,25.94
V006,Himalaya Dawn,HALDIA,27.3089,87.845,8.15,45.16,25.53,2.05,12,589.61,77.64
V003,Odisha Queen,VIZAG,23.3896,80.6587,8.99,358.48,26.09,2.92,11,689.98,85.67
V002,Bharat Star,PARADIP,14.3301,89.6935,10.68,190.49,22.19,0.64,3,741.57,52.61
V006,Himalaya Dawn,PARADIP,23.9957,87.696,14.05,32.04,12.71,3.93,5,423.47,28.48
V006,Himalaya Dawn,HALDIA,21.9094,93.5043,12.8,13.72,5.73,4.5,12,561.54,48.6
V003,Odisha Queen,VIZAG,11.0317,82.4074,8.67,323.44,32.15,3.06,5,746.3,87.07
V005,Eastern Titan,PARADIP,15.4553,85.4706,8.92,286.48,27.85,2.67,4,554.42,58.15
V003,Odisha Queen,HALDIA,27.3781,84.5591,11.83,136.72,17.54,2.37,10,693.71,58.19
V001,Ganga Glory,VIZAG,17.5878,87.9739,11.26,116.06,21.84,0.95,10,497.52,40.77
V005,Eastern Titan,PARADIP,23.33,81.3711,8.56,20.94,7.98,3.15,8,636.75,69.56
V007,Ocean Sapphire,HALDIA,24.8493,87.7418,8.61,280.05,20.49,1.53,11,317.38,35.98
V001,Ganga Glory,HALDIA,20.3241,92.9454,8.13,224.77,24.32,3.08,7,540.11,67.41
V005,Eastern Titan,VIZAG,22.4227,87.4388,8.82,71.51,31.04,2.08,0,682.26,63.48
V007,Ocean Sapphire,PARADIP,18.1088,89.8031,10.04,81.55,15.83,1.13,5,414.9,32.65
V002,Bharat Star,PARADIP,14.9852,90.1351,8.3,348.84,16.43,0.48,5,700.34,63.59
V006,Himalaya Dawn,SMPK,20.3388,94.477,11.96,265.41,7.24,3.94,9,684.86,57.63
V005,Eastern Titan,PARADIP,22.1946,86.7258,10.5,7.13,24.56,2.39,5,208.73,18.34
V003,Odisha Queen,SMPK,17.7963,85.0731,14.4,76.03,8.31,4.08,11,626.69,46.66
V004,Steel Infinity,SMPK,22.4693,85.6123,10.55,219.64,32.9,2.14,9,276.23,27.73
V005,Eastern Titan,SMPK,21.0852,86.502,10.11,272.5,19.89,2.42,11,246.93,25.3
V005,Eastern Titan,SMPK,19.5161,85.1825,9.49,356.29,12.56,2.14,5,467.39,41.03
V001,Ganga Glory,PARADIP,16.7317,89.0273,12.08,240.37,17.25,2.06,12,472.85,39.66
V003,Odisha Queen,PARADIP,16.3764,89.676,10.01,95.24,4.81,1.13,6,544.3,40.28
V002,Bharat Star,HALDIA,26.2138,92.4579,10.26,285.77,31.33,1.95,12,646.2,69.83
V001,Ganga Glory,VIZAG,19.6525,84.719,8.75,52.33,14.88,1.42,11,265.7,28.17
V007,Ocean Sapphire,PARADIP,19.8457,83.1652,10.57,108.81,29.72,3.42,4,364.63,34.22
V004,Steel Infinity,HALDIA,20.3808,82.5792,10.97,274.2,27.81,3.92,10,596.34,63.81
V003,Odisha Queen,SMPK,20.3819,85.1029,13.99,230.66,2.83,3.39,2,409.34,22.93
V004,Steel Infinity,PARADIP,25.1183,82.5775,13.76,135.08,31.98,0.51,8,675.59,45.11
V002,Bharat Star,VIZAG,15.3751,77.3518,12.32,92.34,25.45,4.3,4,682.27,56.47
V004,Steel Infinity,PARADIP,22.8145,87.7177,13.05,347.17,24.82,1.41,10,299.7,22.42
V006,Himalaya Dawn,HALDIA,24.9819,86.9587,13.97,345.76,24.14,1.6,8,349.02,23.46
V005,Eastern Titan,HALDIA,22.1162,84.0897,8.1,111.39,21.72,1.08,10,409.31,47.05
V003,Odisha Queen,HALDIA,18.4572,93.2332,8.31,31.15,18.62,2.93,1,668.75,66.29
V003,Odisha Queen,VIZAG,19.9452,79.7696,12.66,256.29,30.48,2.99,12,446.51,41.58
V007,Ocean Sapphire,SMPK,19.0315,83.8919,10.85,32.03,10.26,4.13,3,602.45,49.59
V006,Himalaya Dawn,SMPK,21.3196,94.8836,14.68,65.66,27.47,1.19,7,692.65,43.01
V007,Ocean Sapphire,HALDIA,23.4269,85.1855,14.37,89.22,21.32,2.95,10,334.27,24.66
V003,Odisha Queen,VIZAG,15.9539,87.729,14.49,320.36,31.33,4.48,6,511.34,39.65
V006,Himalaya Dawn,VIZAG,17.8958,86.8668,12.38,335.58,16.79,3.28,7,380.44,30.08
V006,Himalaya Dawn,SMPK,26.5603,91.6027,12.05,104.44,7.64,3.99,9,557.09,46.82
V005,Eastern Titan,PARADIP,24.8818,87.4275,9.1,309.25,6.02,4.08,8,513.97,55.57
V003,Odisha Queen,PARADIP,20.7028,81.7565,8.12,162.44,26.62,2.32,2,508.28,53.72
V001,Ganga Glory,SMPK,26.6043,86.8121,14.53,217.18,13.11,3.91,6,475.25,31.76
V004,Steel Infinity,VIZAG,23.3821,86.2996,12.88,19.19,27.13,3.73,10,706.65,63.4
V004,Steel Infinity,SMPK,28.8116,88.2933,8.88,300.41,20.66,0.3,4,696.26,58.7
V007,Ocean Sapphire,HALDIA,25.6763,83.9885,14.59,40.04,30.22,0.33,5,581.0,33.06
V002,Bharat Star,PARADIP,15.0511,91.1869,10.89,93.39,28.32,1.61,5,759.67,62.63
V003,Odisha Queen,VIZAG,14.9989,80.6226,14.74,159.81,10.88,3.56,3,412.21,24.14
V007,Ocean Sapphire,PARADIP,22.7927,86.8001,8.42,156.98,27.8,2.9,8,275.58,34.4
V003,Odisha Queen,PARADIP,20.0667,93.1792,10.72,177.46,10.66,2.27,0,685.06,46.07
V003,Odisha Queen,SMPK,22.4246,90.3118,10.43,325.81,2.05,0.94,1,207.16,12.33
V004,Steel Infinity,VIZAG,21.1781,80.6685,14.08,295.97,19.55,2.64,1,474.75,27.4
V002,Bharat Star,PARADIP,24.7653,82.6758,13.4,53.05,15.49,1.85,10,638.96,44.89
V003,Odisha Queen,PARADIP,21.207,92.7762,14.71,348.77,6.65,3.93,4,647.58,38.9
V002,Bharat Star,VIZAG,16.3534,80.3215,13.68,105.21,29.77,4.41,7,347.89,28.91
V006,Himalaya Dawn,VIZAG,19.7881,82.3795,14.86,335.7,22.98,4.04,5,251.83,17.22
V006,Himalaya Dawn,SMPK,20.1779,89.3,10.35,257.45,31.76,4.21,7,283.36,31.13
V002,Bharat Star,HALDIA,15.6065,86.3261,12.51,270.57,31.5,4.09,2,735.02,58.03
V005,Eastern Titan,HALDIA,27.9856,85.0562,9.27,358.9,4.07,2.89,10,730.06,73.56
V004,Steel Infinity,SMPK,23.2151,92.369,14.35,264.15,16.2,0.29,1,423.34,19.57
V004,Steel Infinity,HALDIA,19.8554,87.2408,14.78,301.38,3.13,1.05,1,254.24,10.88
V006,Himalaya Dawn,VIZAG,15.4952,80.7696,8.3,6.46,10.44,3.27,1,362.1,34.77
V001,Ganga Glory,HALDIA,18.8752,86.0323,14.52,171.07,19.8,0.73,9,407.58,24.5
V004,Steel Infinity,HALDIA,26.3878,90.1277,12.48,137.17,24.9,0.99,1,530.01,31.88
V007,Ocean Sapphire,PARADIP,18.3289,86.2048,8.49,213.97,10.56,3.15,11,225.65,27.15
V001,Ganga Glory,VIZAG,14.8919,83.1176,11.14,140.51,22.28,1.76,6,311.62,24.95
V007,Ocean Sapphire,HALDIA,18.6236,82.8091,11.58,171.07,3.0,3.55,1,664.42,44.25
V002,Bharat Star,PARADIP,24.0141,91.7226,14.6,136.66,4.9,4.05,6,666.82,42.36
V006,Himalaya Dawn,HALDIA,26.8841,84.3307,13.05,42.69,28.94,2.63,10,660.38,55.22
V004,Steel Infinity,PARADIP,23.4222,88.0346,9.13,215.74,30.97,2.03,10,374.55,43.62
V006,Himalaya Dawn,HALDIA,20.5745,86.3007,11.01,349.03,16.75,4.45,3,242.28,20.91
V004,Steel Infinity,HALDIA,24.0428,87.5387,10.69,260.55,3.16,2.73,3,232.24,16.69
V007,Ocean Sapphire,PARADIP,17.0483,84.9197,12.56,256.27,27.2,1.76,9,405.48,32.09
V005,Eastern Titan,VIZAG,21.2131,80.994,11.32,227.09,33.67,0.96,7,459.23,38.02
V005,Eastern Titan,PARADIP,22.1661,82.6721,8.79,94.85,32.26,0.48,1,457.73,39.74
V005,Eastern Titan,VIZAG,11.3649,82.625,8.34,144.09,5.88,3.58,1,706.84,66.86
V007,Ocean Sapphire,HALDIA,23.018,89.9991,8.93,82.55,22.52,4.22,11,228.55,30.31
V001,Ganga Glory,PARADIP,20.6569,88.4452,13.23,206.0,13.67,0.39,2,193.77,9.87
V001,Ganga Glory,VIZAG,12.7776,80.8803,9.92,270.03,20.64,1.7,9,603.82,57.5
V007,Ocean Sapphire,PARADIP,17.8506,84.451,11.45,1.22,10.64,0.97,7,356.84,24.53
V004,Steel Infinity,HALDIA,20.2032,81.1341,13.99,62.49,7.59,0.47,7,745.92,39.17
V006,Himalaya Dawn,SMPK,26.4501,90.6896,12.77,158.55,15.4,4.31,6,496.48,39.31
V003,Odisha Queen,VIZAG,15.4883,78.6235,12.38,293.86,16.78,2.61,11,553.29,45.91
V002,Bharat Star,HALDIA,22.1438,82.0886,11.72,141.66,22.07,1.1,6,615.45,44.57
V004,Steel Infinity,HALDIA,20.59,85.9974,10.66,156.96,20.16,3.69,8,265.68,26.23
V005,Eastern Titan,VIZAG,17.9004,79.9739,13.53,262.88,22.15,1.11,12,350.81,25.41
V007,Ocean Sapphire,SMPK,27.0812,87.9171,10.72,250.23,10.2,0.35,11,505.33,38.54
V004,Steel Infinity,HALDIA,27.502,83.4019,12.66,241.66,4.08,3.55,0,770.63,45.93
V004,Steel Infinity,VIZAG,24.6478,83.228,12.19,321.73,26.4,1.49,2,773.69,51.4
V002,Bharat Star,HALDIA,21.1435,90.0822,11.31,283.2,25.79,2.88,0,230.23,17.0
V005,Eastern Titan,VIZAG,14.8026,86.3365,12.4,19.28,28.15,2.35,12,457.73,41.16
V002,Bharat Star,HALDIA,21.4886,84.7831,13.4,296.61,33.15,3.95,7,343.35,28.94
V004,Steel Infinity,VIZAG,21.2837,81.2613,13.0,177.36,11.37,2.53,1,452.15,26.47
V004,Steel Infinity,SMPK,18.4088,91.5185,9.51,0.48,7.46,2.91,1,569.54,45.55
V001,Ganga Glory,PARADIP,22.8378,83.2208,11.81,133.69,5.15,0.74,10,449.32,30.1
V005,Eastern Titan,SMPK,23.7977,84.9152,9.12,150.07,14.44,0.36,12,372.76,35.47
V006,Himalaya Dawn,HALDIA,18.6201,83.9116,12.16,295.0,20.52,2.94,1,573.7,39.38
V005,Eastern Titan,HALDIA,20.4728,81.5893,8.44,231.53,33.31,1.98,5,692.0,78.01
V006,Himalaya Dawn,VIZAG,23.3656,86.7006,11.14,104.2,4.49,3.68,4,724.58,55.64
V001,Ganga Glory,HALDIA,22.8983,89.9147,8.96,144.47,11.56,4.45,1,214.67,20.82
V006,Himalaya Dawn,SMPK,24.9687,87.1966,14.44,310.71,18.25,4.29,12,291.44,23.91
V005,Eastern Titan,SMPK,23.9102,85.6221,9.73,212.81,3.44,4.03,3,312.63,27.21
V003,Odisha Queen,HALDIA,22.9884,82.8991,14.52,105.02,3.4,2.81,9,541.2,33.66
V007,Ocean Sapphire,SMPK,18.2195,84.723,8.31,183.49,34.99,3.86,0,608.92,68.74
V005,Eastern Titan,VIZAG,17.182,86.114,10.05,199.0,12.99,3.02,3,305.91,25.68
V004,Steel Infinity,HALDIA,22.7226,89.9837,12.9,21.24,8.93,4.01,9,213.1,16.9
V001,Ganga Glory,SMPK,16.4626,86.252,11.76,232.73,20.43,0.92,9,710.07,53.74
V007,Ocean Sapphire,VIZAG,15.4106,77.8917,11.77,150.12,8.52,2.08,1,627.71,38.4
V002,Bharat Star,VIZAG,23.3307,86.9691,12.69,221.61,16.08,0.22,9,735.42,47.04
V001,Ganga Glory,PARADIP,24.3843,84.5824,14.7,52.84,23.27,2.26,8,498.12,33.13
V006,Himalaya Dawn,VIZAG,19.9484,77.7247,10.87,34.35,19.09,0.5,8,636.27,48.69
V004,Steel Infinity,SMPK,21.9441,94.5215,10.14,292.87,31.5,2.35,0,643.78,53.21
V007,Ocean Sapphire,PARADIP,26.3364,88.4392,14.23,145.48,11.74,2.39,1,694.26,36.85
V002,Bharat Star,HALDIA,26.3308,89.7718,11.64,119.13,4.78,4.14,12,510.85,47.16
V005,Eastern Titan,VIZAG,17.7351,89.6309,10.79,232.9,5.13,3.65,1,672.69,49.17
V005,Eastern Titan,HALDIA,19.9378,82.8934,10.15,250.11,29.05,3.43,7,583.76,61.45
V001,Ganga Glory,VIZAG,19.9192,85.3236,8.51,51.46,19.74,0.83,11,328.19,35.51
V004,Steel Infinity,VIZAG,14.7629,84.6864,14.24,254.01,28.62,2.27,12,358.44,28.0
V001,Ganga Glory,SMPK,22.6733,82.0078,14.08,221.15,17.13,3.46,11,645.98,50.05
V007,Ocean Sapphire,HALDIA,19.7523,89.5889,9.06,31.85,25.68,0.67,8,297.07,29.1
V005,Eastern Titan,PARADIP,14.8415,90.0199,9.87,40.46,14.68,1.46,10,707.71,65.14
V001,Ganga Glory,PARADIP,18.7869,87.9735,12.88,183.85,4.39,3.31,5,221.75,14.72
V005,Eastern Titan,VIZAG,18.3339,81.2556,9.07,130.47,26.21,4.27,2,225.73,24.08
V002,Bharat Star,PARADIP,18.4343,83.0414,10.23,13.9,16.48,2.36,7,429.94,38.51
V007,Ocean Sapphire,SMPK,22.2003,90.411,9.62,157.32,21.39,0.66,1,220.51,16.33
V006,Himalaya Dawn,VIZAG,20.7221,78.3719,13.48,154.9,28.9,2.36,1,615.78,38.79
V001,Ganga Glory,PARADIP,19.2889,82.2957,11.36,296.54,2.6,1.33,11,466.68,34.23
V006,Himalaya Dawn,SMPK,21.7368,90.2604,8.46,261.23,29.9,1.08,8,221.23,24.67
V003,Odisha Queen,PARADIP,22.0295,85.5988,10.83,272.18,4.42,2.54,7,217.59,17.06
V002,Bharat Star,SMPK,17.9706,85.6098,14.65,9.27,24.46,1.57,8,581.36,37.27
V002,Bharat Star,HALDIA,18.3462,83.5322,9.04,184.45,24.2,3.92,9,623.83,77.4
V002,Bharat Star,HALDIA,22.3819,85.7132,11.15,113.65,6.36,1.6,9,245.13,18.46
V001,Ganga Glory,PARADIP,17.9635,83.9974,13.61,232.84,23.69,2.38,2,380.19,23.6
V005,Eastern Titan,HALDIA,27.2018,86.9282,11.0,120.11,27.92,3.79,2,588.51,50.82
V001,Ganga Glory,VIZAG,11.7361,81.141,11.36,4.51,3.08,2.94,3,700.83,48.15
V002,Bharat Star,SMPK,21.431,93.9721,8.09,59.18,32.97,1.21,5,597.87,66.65
V002,Bharat Star,VIZAG,14.3363,81.2653,14.95,353.86,16.85,1.09,1,430.6,20.48
V004,Steel Infinity,SMPK,19.9251,92.2125,8.37,236.02,21.72,0.45,8,499.58,50.5
V004,Steel Infinity,VIZAG,11.5126,80.6914,13.21,119.69,8.06,0.39,0,741.16,33.97
V006,Himalaya Dawn,PARADIP,22.2627,82.7938,14.74,90.87,6.82,2.34,12,451.42,29.32
V004,Steel Infinity,PARADIP,21.7744,91.7501,12.56,14.53,13.05,1.37,1,556.36,31.25
V004,Steel Infinity,SMPK,24.9407,89.2943,13.56,346.44,29.58,0.51,7,284.44,18.47
V006,Himalaya Dawn,PARADIP,22.9768,90.7926,9.97,231.24,10.9,1.14,10,522.67,45.05
V007,Ocean Sapphire,VIZAG,21.0795,79.304,9.35,31.44,11.44,0.27,0,562.05,37.1
V006,Himalaya Dawn,VIZAG,22.768,80.4631,9.26,281.41,20.73,4.3,6,636.49,71.78
V004,Steel Infinity,VIZAG,16.2442,87.2088,10.93,223.45,2.43,2.05,6,447.69,32.12
V004,Steel Infinity,HALDIA,21.9538,85.4915,14.12,198.48,3.28,3.53,0,264.91,14.05
V004,Steel Infinity,HALDIA,16.1327,85.4371,12.72,274.43,4.69,2.84,5,709.21,46.13
V007,Ocean Sapphire,SMPK,22.4363,94.8207,14.61,165.74,12.3,1.88,0,669.97,32.51
V004,Steel Infinity,SMPK,25.7652,91.5108,9.74,56.56,15.9,3.19,12,483.62,53.95
V007,Ocean Sapphire,HALDIA,26.592,82.8962,11.36,312.84,5.0,1.89,10,730.18,55.98
V005,Eastern Titan,HALDIA,19.416,88.3635,10.06,285.71,25.53,2.09,0,290.16,22.84
V007,Ocean Sapphire,PARADIP,23.9693,80.9949,12.25,7.48,23.11,2.97,6,707.17,56.28
V006,Himalaya Dawn,VIZAG,11.6794,79.75,9.99,205.62,25.61,3.5,10,768.56,86.81
V007,Ocean Sapphire,PARADIP,18.4747,83.9322,12.81,148.04,6.08,2.1,0,348.66,18.7
V004,Steel Infinity,SMPK,17.741,88.5994,14.29,19.0,18.68,2.3,6,535.64,33.86
V005,Eastern Titan,PARADIP,18.3775,85.0025,9.05,80.04,13.87,2.23,6,274.68,26.37
V004,Steel Infinity,VIZAG,20.875,82.4745,13.77,334.28,34.87,3.67,3,364.11,26.73
V005,Eastern Titan,HALDIA,28.4623,89.2382,12.64,127.24,22.03,2.4,11,727.16,60.41
V005,Eastern Titan,SMPK,25.5336,82.0795,10.27,230.01,9.32,2.17,12,713.36,66.9
V002,Bharat Star,HALDIA,16.406,91.9886,14.23,259.78,34.56,2.21,5,747.18,51.12
V006,Himalaya Dawn,PARADIP,17.0962,87.8168,13.28,97.86,34.62,0.75,8,379.97,27.26
V003,Odisha Queen,VIZAG,14.33,89.4648,10.17,275.33,25.12,2.34,3,759.2,65.34
V002,Bharat Star,HALDIA,22.3572,91.2204,14.63,160.37,19.58,2.15,9,327.68,21.7
V002,Bharat Star,PARADIP,20.841,88.5476,9.54,123.0,11.97,3.33,10,208.85,22.35
V006,Himalaya Dawn,PARADIP,22.4941,92.4084,8.18,358.93,2.35,3.62,1,646.08,60.93
V003,Odisha Queen,VIZAG,15.402,84.546,11.62,168.33,5.17,1.45,0,287.98,16.03
V006,Himalaya Dawn,PARADIP,17.6902,85.4438,9.6,174.28,29.42,3.13,2,317.49,30.46
V003,Odisha Queen,VIZAG,20.135,83.1936,8.36,153.13,17.79,3.39,11,272.02,35.48
V001,Ganga Glory,HALDIA,18.8844,85.701,8.69,41.08,9.15,1.95,6,425.65,40.18
V004,Steel Infinity,SMPK,25.8428,88.66,13.65,61.36,3.66,2.99,2,367.96,20.63
V007,Ocean Sapphire,HALDIA,17.0993,84.8081,11.85,146.19,10.61,3.53,3,643.56,46.67
V007,Ocean Sapphire,PARADIP,18.5135,91.7747,14.84,359.4,8.18,3.73,4,576.65,34.22
V007,Ocean Sapphire,PARADIP,18.1571,88.3129,9.84,185.34,4.16,2.03,12,299.04,27.81
V004,Steel Infinity,HALDIA,26.8036,84.5471,9.18,33.22,20.52,3.01,11,640.72,75.57
V006,Himalaya Dawn,PARADIP,15.0831,88.9048,10.58,339.4,29.51,2.54,10,630.56,64.86
V001,Ganga Glory,PARADIP,21.9305,88.3625,13.97,292.68,22.61,1.39,3,254.42,14.65
V004,Steel Infinity,SMPK,22.1928,90.111,12.67,34.21,29.62,2.79,1,190.41,13.18
V003,Odisha Queen,PARADIP,15.5058,83.2448,14.36,99.14,27.83,1.25,5,643.42,39.07
V002,Bharat Star,PARADIP,21.598,80.4795,10.48,110.16,9.08,2.88,8,653.21,57.59
V002,Bharat Star,SMPK,17.0322,86.5643,9.32,333.56,13.39,1.61,12,639.83,65.34
V006,Himalaya Dawn,HALDIA,17.1974,88.0646,11.97,275.74,29.12,2.17,5,535.13,41.9
V004,Steel Infinity,PARADIP,14.9298,90.864,12.09,269.6,5.08,1.03,11,749.21,51.42
V001,Ganga Glory,PARADIP,19.7706,84.6133,11.14,195.2,13.77,1.59,5,218.34,15.79
V004,Steel Infinity,PARADIP,22.4997,81.5959,13.09,312.47,9.96,3.55,12,573.74,46.86
V003,Odisha Queen,VIZAG,21.551,79.5108,14.22,271.2,6.67,4.39,3,583.16,36.37
V007,Ocean Sapphire,SMPK,24.1057,92.3282,11.94,116.23,25.31,2.39,2,446.16,31.95
V004,Steel Infinity,PARADIP,21.2433,81.907,8.27,159.14,31.64,3.59,5,500.58,63.02
V003,Odisha Queen,SMPK,25.0475,93.602,11.09,61.55,28.77,1.59,4,606.62,47.9
V002,Bharat Star,PARADIP,25.4148,90.4893,11.02,166.63,29.98,1.31,9,691.33,61.63
V004,Steel Infinity,HALDIA,26.5663,83.6519,10.1,117.12,28.03,1.87,1,675.36,54.62
V006,Himalaya Dawn,VIZAG,15.3915,88.9633,8.39,301.58,13.02,1.34,0,657.44,53.54
V005,Eastern Titan,HALDIA,16.3145,87.0225,10.64,88.8,8.16,1.06,10,642.61,50.4
V006,Himalaya Dawn,PARADIP,20.9004,81.7218,9.34,49.51,10.35,1.13,7,513.84,43.77
V003,Odisha Queen,HALDIA,25.1752,93.1065,12.32,207.33,23.27,3.77,7,623.04,53.25
V003,Odisha Queen,HALDIA,27.8169,85.545,9.36,284.42,34.06,4.15,9,693.66,89.33
V003,Odisha Queen,PARADIP,14.5984,87.8067,8.6,234.74,34.97,0.31,6,648.53,66.42
V004,Steel Infinity,HALDIA,23.2399,86.4347,13.36,236.06,27.88,2.66,12,215.71,18.33
V005,Eastern Titan,PARADIP,21.6081,84.3892,14.18,275.64,28.93,4.08,11,272.33,23.44
V007,Ocean Sapphire,SMPK,24.6377,81.8048,11.95,114.24,22.28,3.34,11,701.28,65.68
V006,Himalaya Dawn,PARADIP,22.8715,85.6674,11.78,330.32,4.21,2.7,1,300.32,18.62
V004,Steel Infinity,SMPK,21.9373,93.134,12.0,22.6,26.14,3.49,2,502.13,38.62
V001,Ganga Glory,HALDIA,20.83,85.0965,12.15,26.51,24.14,3.35,10,333.64,30.41
V002,Bharat Star,SMPK,18.6098,88.8384,9.22,75.15,34.8,4.13,7,441.7,55.19
V006,Himalaya Dawn,HALDIA,16.8087,88.9904,13.55,165.8,28.23,0.99,9,586.52,41.03
V002,Bharat Star,HALDIA,18.6171,91.0392,14.09,271.54,17.32,2.6,7,488.68,32.52
V007,Ocean Sapphire,SMPK,23.1479,83.5171,8.51,65.98,11.3,0.88,6,494.56,44.52
V005,Eastern Titan,HALDIA,26.0576,88.846,9.16,353.77,31.55,0.89,10,457.09,49.27
V002,Bharat Star,VIZAG,21.5504,81.822,13.98,164.83,20.26,2.67,9,455.59,32.88
V006,Himalaya Dawn,PARADIP,25.2346,86.8343,10.6,205.52,24.58,3.39,8,546.91,54.81
V003,Odisha Queen,HALDIA,23.2691,85.4186,13.84,319.61,8.73,4.35,10,305.09,23.58
V003,Odisha Queen,HALDIA,26.1265,85.5116,10.21,277.76,25.08,3.09,0,525.76,43.43
V002,Bharat Star,VIZAG,12.3118,81.6642,10.01,77.61,8.64,3.04,8,622.68,57.97
V002,Bharat Star,PARADIP,25.3567,88.8808,11.98,64.07,13.73,2.14,6,606.04,43.6
V006,Himalaya Dawn,VIZAG,17.0343,81.1914,13.69,6.09,33.29,3.62,2,233.34,16.56
V006,Himalaya Dawn,SMPK,21.7556,86.3066,13.85,109.1,33.41,1.42,11,223.48,17.13
V006,Himalaya Dawn,VIZAG,18.8598,87.4229,9.14,6.32,14.82,3.29,9,456.35,50.62
V001,Ganga Glory,VIZAG,22.821,80.4094,8.43,104.63,19.92,1.61,12,644.28,76.4
V004,Steel Infinity,PARADIP,21.964,84.2489,14.76,192.99,9.56,1.77,3,306.4,15.56
V006,Himalaya Dawn,VIZAG,15.1342,83.5199,12.45,345.97,15.79,3.56,0,285.34,18.75
V007,Ocean Sapphire,PARADIP,17.6559,85.1459,10.66,137.75,33.74,2.03,5,334.32,30.04
V006,Himalaya Dawn,PARADIP,23.6835,88.8982,14.45,281.33,31.86,2.53,12,441.61,35.31
V001,Ganga Glory,SMPK,20.6802,90.9964,13.11,332.48,25.93,4.25,1,347.73,24.88
V004,Steel Infinity,VIZAG,16.1505,87.9465,14.92,132.46,2.98,0.55,10,525.08,26.84
V003,Odisha Queen,SMPK,23.4336,86.0866,12.25,306.92,24.49,2.18,1,246.95,16.42
V006,Himalaya Dawn,PARADIP,17.8121,83.9168,10.46,266.23,5.58,2.34,0,398.06,26.52
V007,Ocean Sapphire,SMPK,23.9443,89.5759,10.91,222.27,3.01,0.28,8,202.55,13.17
V002,Bharat Star,PARADIP,16.8536,90.0359,10.76,134.85,29.64,0.5,1,527.38,36.75
V003,Odisha Queen,PARADIP,22.5082,92.9612,13.89,9.1,20.39,1.63,5,699.98,42.82
V006,Himalaya Dawn,HALDIA,24.2773,87.6143,8.29,317.58,18.93,1.92,4,256.2,25.84
V006,Himalaya Dawn,HALDIA,24.3118,91.1806,14.85,37.7,11.82,4.18,7,408.99,27.67
V001,Ganga Glory,VIZAG,14.6806,84.4422,8.84,115.5,26.43,0.62,4,356.9,32.42
V001,Ganga Glory,HALDIA,26.0371,91.1211,11.61,337.41,11.38,0.61,4,545.08,33.39
V006,Himalaya Dawn,HALDIA,19.991,91.6316,11.65,185.61,27.46,0.85,5,433.4,31.45
V005,Eastern Titan,PARADIP,18.5546,88.7275,10.35,41.82,9.51,2.88,1,295.57,22.0
V003,Odisha Queen,VIZAG,17.2479,86.9586,10.63,348.47,23.02,0.26,5,393.26,28.9
V002,Bharat Star,PARADIP,25.6367,90.6567,13.1,220.25,11.83,0.97,6,721.16,42.67
V004,Steel Infinity,SMPK,24.299,84.5397,11.09,131.76,11.65,2.68,2,430.11,30.76
V004,Steel Infinity,VIZAG,19.7971,85.9415,11.65,206.93,23.4,1.02,2,365.27,24.0
V006,Himalaya Dawn,SMPK,18.6084,82.5462,9.92,305.8,16.44,0.92,1,742.04,52.31
V004,Steel Infinity,PARADIP,13.9147,87.5369,14.72,348.67,32.11,3.37,0,718.86,43.78
V001,Ganga Glory,SMPK,19.0187,83.3869,12.28,72.82,2.49,2.82,7,644.15,44.83
V005,Eastern Titan,PARADIP,15.2948,87.1771,9.25,258.97,16.22,1.99,3,561.88,48.71
V006,Himalaya Dawn,PARADIP,18.1924,92.2694,8.51,38.01,2.55,2.95,9,638.42,68.02
V005,Eastern Titan,SMPK,20.9967,90.2327,13.51,92.49,25.79,1.46,11,263.93,19.71
V006,Himalaya Dawn,SMPK,21.3318,86.4305,13.33,344.3,8.65,3.68,11,235.64,18.48
V004,Steel Infinity,VIZAG,19.0747,85.4235,13.06,110.81,25.72,0.51,11,273.61,19.7
V005,Eastern Titan,PARADIP,19.9985,91.0538,8.81,213.7,18.15,0.86,5,464.18,41.51
V004,Steel Infinity,HALDIA,27.0336,83.0719,10.73,301.51,15.87,2.46,4,752.59,59.64
V003,Odisha Queen,PARADIP,24.9686,81.1716,9.75,243.79,32.87,2.44,0,761.26,66.39
V001,Ganga Glory,PARADIP,13.6103,84.9788,10.01,93.86,14.3,2.86,12,766.21,80.42
V006,Himalaya Dawn,HALDIA,17.9602,86.291,10.34,346.83,6.54,4.26,3,486.76,41.38
V002,Bharat Star,SMPK,20.0841,91.5198,14.27,1.47,22.69,0.53,2,431.73,22.19
V006,Himalaya Dawn,SMPK,20.9855,89.7584,14.28,217.74,5.59,4.48,9,230.1,16.63
V006,Himalaya Dawn,SMPK,24.761,85.8537,8.73,202.54,26.8,2.73,0,350.01,33.4
V002,Bharat Star,VIZAG,12.1641,81.1506,9.77,339.7,31.85,3.96,4,655.63,69.66
V005,Eastern Titan,VIZAG,13.0304,81.9909,11.46,105.31,34.87,4.01,6,536.23,52.21
V003,Odisha Queen,SMPK,21.9353,90.7448,11.01,29.72,7.88,3.65,8,260.73,22.92
V007,Ocean Sapphire,VIZAG,18.1885,76.6129,10.96,214.54,16.48,1.82,10,707.44,61.09
V003,Odisha Queen,VIZAG,21.4203,83.7633,9.35,331.88,14.82,4.32,1,417.86,39.33
V004,Steel Infinity,PARADIP,18.0382,87.6715,9.66,122.31,14.61,0.66,3,276.72,20.46
V006,Himalaya Dawn,PARADIP,22.727,84.1279,14.14,269.55,32.03,4.23,2,371.58,26.25
V004,Steel Infinity,VIZAG,16.0555,81.5745,10.95,210.87,30.68,4.15,9,256.84,27.73
V005,Eastern Titan,PARADIP,20.6362,80.4169,12.99,271.34,4.18,3.1,9,647.08,46.23
V003,Odisha Queen,SMPK,18.483,87.7039,13.7,257.36,22.14,0.3,9,456.47,28.61
V001,Ganga Glory,VIZAG,17.6734,79.8937,14.62,61.1,33.98,2.93,1,358.75,22.31
V004,Steel Infinity,HALDIA,23.458,86.65,12.2,32.79,29.74,3.41,12,216.41,21.37
V002,Bharat Star,VIZAG,14.8691,85.7574,9.13,58.91,12.62,2.51,5,410.24,38.47
V006,Himalaya Dawn,SMPK,16.7686,87.4381,14.05,201.48,20.8,2.53,0,649.16,36.5
V007,Ocean Sapphire,SMPK,18.7148,83.2579,13.32,279.9,30.49,3.74,4,676.02,51.6
V001,Ganga Glory,VIZAG,17.3973,76.9866,9.26,204.7,33.82,1.67,8,668.0,72.81
V001,Ganga Glory,PARADIP,17.9315,88.4393,10.2,295.17,12.56,1.48,7,327.21,26.72
V002,Bharat Star,PARADIP,15.8964,86.136,13.89,229.11,7.24,0.37,8,494.53,26.48
V001,Ganga Glory,HALDIA,25.5909,92.9714,9.48,227.04,4.07,3.95,1,638.81,53.86
V004,Steel Infinity,HALDIA,21.1827,95.0274,11.97,245.33,28.5,0.46,0,726.13,43.63
V001,Ganga Glory,HALDIA,15.1335,89.6541,9.02,296.18,13.74,3.65,8,782.84,87.42
V007,Ocean Sapphire,VIZAG,20.5339,83.9708,8.94,130.45,19.6,3.75,1,324.45,31.74
V001,Ganga Glory,VIZAG,20.1567,77.2535,9.88,312.97,34.59,0.92,12,690.61,73.88
V001,Ganga Glory,HALDIA,19.3263,86.9044,14.97,14.53,19.06,1.52,4,321.71,17.47
V003,Odisha Queen,PARADIP,14.2624,87.5044,10.34,354.22,17.29,0.57,8,680.08,54.23
V007,Ocean Sapphire,HALDIA,23.4131,93.2464,13.53,173.04,26.33,4.39,7,554.35,45.62
V005,Eastern Titan,PARADIP,15.049,82.803,14.7,191.42,10.02,1.77,5,711.96,38.46
V005,Eastern Titan,VIZAG,18.5379,86.6492,13.49,22.85,5.99,1.52,9,368.34,22.71
V003,Odisha Queen,SMPK,24.5869,89.1631,11.96,261.66,21.78,0.71,11,242.97,18.82
V003,Odisha Queen,SMPK,20.4719,92.9857,11.38,258.42,18.31,2.06,0,536.94,35.44
V003,Odisha Queen,HALDIA,22.5679,93.8865,11.5,68.39,29.15,0.89,12,602.63,53.18
V004,Steel Infinity,VIZAG,16.4717,80.5335,12.62,143.53,29.03,3.65,0,321.82,22.82
V002,Bharat Star,VIZAG,14.542,82.6942,8.08,145.13,21.66,4.22,5,355.59,44.83
V002,Bharat Star,VIZAG,13.6449,84.6603,12.75,308.71,5.39,3.67,8,473.43,35.35
V001,Ganga Glory,PARADIP,20.3662,84.3663,11.69,209.13,5.78,3.73,10,235.02,20.22
V002,Bharat Star,HALDIA,22.3101,91.0377,9.64,276.93,6.73,1.51,2,308.46,22.33
V001,Ganga Glory,PARADIP,19.6715,84.611,14.13,16.09,20.46,0.49,2,221.96,11.28
V004,Steel Infinity,PARADIP,25.1365,88.6766,14.54,285.19,32.02,2.75,4,575.57,38.24
V003,Odisha Queen,PARADIP,18.5771,87.0801,11.35,35.26,28.54,0.27,4,199.71,13.98
V001,Ganga Glory,SMPK,29.4502,88.8823,8.05,339.85,26.78,1.95,7,769.46,91.45
V007,Ocean Sapphire,PARADIP,20.5227,91.9991,11.49,217.02,20.54,3.76,6,560.97,49.26
V004,Steel Infinity,SMPK,25.878,84.7697,11.74,34.19,15.69,3.23,11,514.84,46.66
V003,Odisha Queen,HALDIA,19.551,86.1474,10.37,210.16,2.22,0.75,4,338.07,21.66
V006,Himalaya Dawn,PARADIP,18.226,84.2438,9.48,22.54,7.0,4.38,12,341.19,39.9
V001,Ganga Glory,HALDIA,22.0491,91.2969,12.03,104.83,31.4,2.08,9,333.67,28.98
V005,Eastern Titan,HALDIA,25.5289,86.902,11.86,337.83,18.34,1.12,9,408.64,30.63
V004,Steel Infinity,PARADIP,18.1685,80.1481,8.62,353.49,8.31,2.12,4,720.23,65.52
V005,Eastern Titan,SMPK,23.2467,83.1702,10.57,154.42,2.87,3.72,11,531.1,50.61
V005,Eastern Titan,PARADIP,21.4172,89.7895,8.27,350.01,33.89,4.18,9,351.17,51.2
V002,Bharat Star,VIZAG,18.5628,80.9692,13.24,255.48,23.21,0.9,0,262.78,14.18
V006,Himalaya Dawn,SMPK,19.6177,86.5667,10.94,158.18,12.41,1.36,9,372.35,29.45
V001,Ganga Glory,SMPK,16.6611,88.4684,12.52,348.13,2.41,3.18,3,655.05,41.37
V003,Odisha Queen,VIZAG,16.6009,90.4328,11.22,78.36,30.91,3.87,3,769.54,68.54
V004,Steel Infinity,PARADIP,15.3237,82.8858,10.11,39.13,15.31,4.19,0,681.74,57.3
V003,Odisha Queen,SMPK,20.4866,89.3204,11.97,51.69,8.22,1.31,4,252.55,15.5
V002,Bharat Star,HALDIA,17.5732,88.2371,14.1,346.72,5.72,2.35,0,493.7,24.46
V003,Odisha Queen,PARADIP,23.2081,83.1183,13.37,13.6,6.75,3.38,11,483.59,36.53
V006,Himalaya Dawn,SMPK,16.0261,90.017,9.43,74.84,32.54,1.18,3,747.44,67.42
V003,Odisha Queen,HALDIA,22.8334,94.2256,13.22,356.85,24.42,3.18,3,640.28,44.57
V004,Steel Infinity,SMPK,22.0665,90.2744,9.09,0.86,14.28,0.38,4,210.11,16.52
V002,Bharat Star,VIZAG,18.8092,81.1162,10.11,12.28,10.41,2.61,0,260.19,18.99
V006,Himalaya Dawn,SMPK,25.7465,85.6455,10.92,146.03,11.04,2.95,5,445.92,35.67
V007,Ocean Sapphire,HALDIA,26.7824,88.2803,11.23,294.36,32.5,2.41,1,531.13,41.24
V003,Odisha Queen,VIZAG,19.2074,88.9856,13.99,181.38,32.87,2.98,6,624.99,46.35
V005,Eastern Titan,VIZAG,19.4389,82.1696,13.9,302.38,16.03,2.29,1,226.97,12.63
V004,Steel Infinity,PARADIP,14.9041,84.1439,10.14,230.27,3.54,2.78,12,656.86,62.55
V001,Ganga Glory,VIZAG,20.669,80.0036,8.93,304.3,9.7,2.97,6,477.58,47.55
V003,Odisha Queen,SMPK,23.1841,93.8528,8.12,314.87,11.25,2.84,12,573.24,72.47
V007,Ocean Sapphire,PARADIP,23.4736,86.3757,9.87,121.4,4.65,4.43,2,351.57,30.4
V007,Ocean Sapphire,VIZAG,22.0789,85.8495,10.03,262.69,5.66,3.76,1,557.05,44.29
V002,Bharat Star,PARADIP,17.3718,82.905,12.44,203.36,26.22,3.73,11,510.15,48.22
V007,Ocean Sapphire,SMPK,20.6592,90.6093,13.36,327.36,21.74,1.21,0,318.11,17.23
V003,Odisha Queen,VIZAG,12.3608,80.1166,13.76,240.42,28.64,4.39,8,682.98,57.39
V005,Eastern Titan,VIZAG,14.6121,83.6949,10.33,217.85,32.68,3.93,1,345.1,31.99
V004,Steel Infinity,SMPK,20.8735,88.933,12.26,149.42,21.27,2.53,7,197.55,15.45
V006,Himalaya Dawn,SMPK,27.0416,84.0735,11.78,111.62,29.61,0.52,9,656.73,51.59
V005,Eastern Titan,HALDIA,15.9513,86.7573,13.16,329.59,15.95,0.44,5,687.47,39.08
V001,Ganga Glory,SMPK,22.7927,91.5074,8.97,214.99,7.27,2.45,3,330.18,28.57
V003,Odisha Queen,PARADIP,19.075,82.8411,12.55,212.9,9.02,2.1,7,419.12,28.41
V007,Ocean Sapphire,PARADIP,16.8977,87.497,14.07,123.28,34.82,1.48,7,391.6,27.24
V001,Ganga Glory,VIZAG,20.7476,87.5366,13.31,37.01,16.35,3.61,4,561.48,38.94
V005,Eastern Titan,SMPK,28.7935,85.9975,13.85,285.91,6.12,2.9,12,731.53,52.46
V007,Ocean Sapphire,HALDIA,19.2273,82.6885,10.91,251.89,33.89,3.54,1,638.85,55.18
V006,Himalaya Dawn,HALDIA,21.8964,81.7221,11.51,151.96,4.08,2.63,4,653.71,44.82
V002,Bharat Star,HALDIA,24.3093,94.6567,11.78,12.91,24.21,0.34,11,721.13,56.14
V004,Steel Infinity,PARADIP,22.1994,80.0858,10.27,159.76,5.7,0.55,9,708.55,52.66
V006,Himalaya Dawn,VIZAG,21.6455,79.6234,14.78,160.5,18.48,1.19,12,583.06,37.81
V005,Eastern Titan,VIZAG,20.983,81.1306,14.68,127.76,10.54,1.71,2,430.01,21.43
V004,Steel Infinity,VIZAG,11.6466,86.0844,12.53,198.43,11.11,3.7,6,736.53,55.54
V003,Odisha Queen,HALDIA,20.376,90.2563,14.63,109.85,22.55,1.87,7,291.29,18.39
V003,Odisha Queen,SMPK,19.2924,90.4555,8.78,75.93,20.75,2.53,3,425.81,41.73
V006,Himalaya Dawn,HALDIA,18.8215,92.6837,9.55,291.68,10.09,3.13,5,598.14,55.04
V006,Himalaya Dawn,VIZAG,10.8066,81.627,12.31,169.96,33.41,3.99,6,785.83,70.58
V002,Bharat Star,VIZAG,16.0203,80.86,11.09,270.02,27.87,2.94,11,317.47,32.37
V005,Eastern Titan,HALDIA,21.1411,85.6061,13.09,352.32,24.82,3.99,4,271.51,20.69
V007,Ocean Sapphire,PARADIP,25.2241,91.5902,13.32,296.61,8.71,4.47,11,746.17,61.79
V004,Steel Infinity,PARADIP,22.0543,91.928,8.63,292.58,18.37,0.61,3,583.08,49.57
V002,Bharat Star,SMPK,26.2602,86.743,14.65,234.59,24.87,4.14,3,441.64,29.54
V003,Odisha Queen,HALDIA,19.1053,83.6701,14.21,212.45,3.92,4.02,2,559.59,32.53
V002,Bharat Star,HALDIA,23.3357,85.8033,9.19,126.6,30.18,0.53,7,274.48,26.46
V005,Eastern Titan,VIZAG,20.4988,84.3485,13.19,133.17,15.18,3.65,10,331.89,26.82
V001,Ganga Glory,HALDIA,21.2839,82.3437,8.85,302.19,5.45,1.67,2,596.24,47.16
V001,Ganga Glory,SMPK,19.2848,82.8595,8.3,278.61,22.58,3.37,2,671.55,72.44
V004,Steel Infinity,VIZAG,21.4826,84.8016,11.7,217.9,34.92,1.86,10,450.83,41.57
V001,Ganga Glory,VIZAG,20.29,84.9783,13.95,145.56,8.14,2.65,10,339.8,23.05
V002,Bharat Star,VIZAG,17.2251,89.177,9.12,100.59,21.27,3.64,12,627.62,79.77
V005,Eastern Titan,PARADIP,19.2918,83.9356,9.88,318.26,34.75,0.42,6,303.21,27.19
V001,Ganga Glory,SMPK,19.0343,85.7456,12.64,19.29,21.51,0.94,1,472.55,27.24
V005,Eastern Titan,PARADIP,16.1126,82.9938,12.13,161.04,8.32,0.96,5,604.55,36.54
V004,Steel Infinity,HALDIA,23.0275,85.1626,11.45,79.46,6.59,4.45,10,318.39,29.53
V007,Ocean Sapphire,HALDIA,19.2032,91.2457,13.39,105.94,31.07,0.84,4,455.31,28.71
V003,Odisha Queen,PARADIP,27.0577,84.8581,9.55,324.47,27.11,0.28,7,770.34,68.53
V006,Himalaya Dawn,HALDIA,19.9066,83.6139,8.22,171.51,19.78,0.58,9,517.5,54.26
V006,Himalaya Dawn,VIZAG,16.3216,88.7943,13.32,129.17,22.92,0.32,3,605.73,33.8
V002,Bharat Star,PARADIP,18.128,84.2171,14.3,53.05,21.32,1.76,4,350.78,20.63
V006,Himalaya Dawn,PARADIP,18.3823,89.0111,10.17,33.7,21.53,1.39,1,330.68,24.51
V003,Odisha Queen,PARADIP,17.2058,90.6265,13.4,215.74,19.7,2.79,11,545.7,43.22
V001,Ganga Glory,SMPK,20.0166,81.8834,10.49,30.95,21.5,2.0,8,721.94,65.3
V005,Eastern Titan,HALDIA,22.9137,89.9077,10.3,124.6,22.38,0.66,9,214.82,18.46
V005,Eastern Titan,PARADIP,20.1157,80.1391,13.59,352.59,17.24,4.38,7,676.58,52.44
V006,Himalaya Dawn,HALDIA,16.7201,87.27,11.98,243.32,15.16,3.27,0,594.02,39.63
V001,Ganga Glory,PARADIP,23.8055,84.4683,8.41,77.09,26.18,1.35,6,446.5,47.3
V004,Steel Infinity,PARADIP,22.8935,81.2757,14.74,237.48,32.67,1.0,7,622.12,39.38
V007,Ocean Sapphire,PARADIP,23.8961,88.0637,13.39,345.39,6.16,2.92,10,424.53,30.16
V002,Bharat Star,HALDIA,15.3075,87.9428,13.39,306.47,26.58,2.66,3,745.39,50.24
V005,Eastern Titan,PARADIP,16.2428,87.5777,13.88,172.71,19.72,3.99,9,464.5,36.67
V003,Odisha Queen,HALDIA,21.8492,84.8488,11.46,303.53,12.29,1.48,12,331.71,27.05
V003,Odisha Queen,VIZAG,11.4162,82.7033,8.08,110.96,28.25,2.31,4,700.36,79.45
V005,Eastern Titan,PARADIP,20.0771,88.7384,10.13,315.23,28.34,4.22,10,222.71,26.34
V005,Eastern Titan,HALDIA,22.3405,90.4103,10.16,173.67,31.74,0.54,11,244.79,23.76
V005,Eastern Titan,HALDIA,16.0724,86.2928,14.77,169.59,5.81,1.21,10,685.84,38.47
V006,Himalaya Dawn,PARADIP,18.9335,91.3037,12.68,195.31,30.16,0.94,2,514.17,32.42
V005,Eastern Titan,VIZAG,19.4571,87.4895,8.24,200.72,16.46,3.78,5,485.22,56.48
V004,Steel Infinity,PARADIP,15.9045,85.4734,10.65,66.07,13.03,1.58,6,505.7,39.02
V006,Himalaya Dawn,PARADIP,15.0496,82.7113,9.32,294.35,13.1,1.85,12,717.46,74.49
V004,Steel Infinity,PARADIP,22.4048,91.5794,8.48,117.68,14.6,1.72,2,563.41,50.17
V002,Bharat Star,PARADIP,23.4749,88.2783,10.54,8.03,34.2,1.41,5,390.3,34.14
V004,Steel Infinity,SMPK,27.7106,84.0036,8.99,61.63,13.85,3.86,10,718.42,85.61
V003,Odisha Queen,VIZAG,14.8931,87.5674,14.06,172.76,29.19,3.09,8,553.23,42.23
V003,Odisha Queen,HALDIA,26.3326,91.4868,12.63,295.66,32.05,0.8,5,593.1,40.87
V003,Odisha Queen,PARADIP,22.2088,89.6899,8.06,294.57,11.57,0.55,6,381.17,35.33
V001,Ganga Glory,VIZAG,19.9655,83.8613,8.28,48.35,32.94,0.64,6,260.31,27.93
V002,Bharat Star,VIZAG,24.4737,81.6898,8.38,177.35,10.82,2.52,7,772.12,81.99
V006,Himalaya Dawn,VIZAG,15.1915,83.8355,12.89,65.94,13.53,4.02,10,284.06,23.81
V007,Ocean Sapphire,HALDIA,23.2962,89.3038,14.01,3.09,28.12,1.12,4,191.69,11.54
V005,Eastern Titan,HALDIA,23.4256,83.9202,9.78,108.97,32.01,2.94,5,452.82,46.45
V004,Steel Infinity,PARADIP,24.4442,85.8785,12.19,193.91,15.56,1.56,9,464.88,34.33
V002,Bharat Star,SMPK,21.5059,84.2067,10.85,228.97,26.27,0.89,12,437.59,40.07
V002,Bharat Star,HALDIA,18.6505,90.1413,10.07,277.45,3.34,3.59,11,431.99,42.96
V006,Himalaya Dawn,VIZAG,22.0956,82.8247,13.4,32.32,17.84,3.27,8,492.19,37.07
V005,Eastern Titan,PARADIP,17.1418,86.3776,12.9,132.39,29.0,4.25,6,354.32,30.04
V003,Odisha Queen,HALDIA,23.2563,89.3871,10.61,269.17,2.72,3.42,2,194.31,14.37
V007,Ocean Sapphire,VIZAG,19.9819,76.643,12.16,269.39,27.29,1.74,0,743.42,47.81
V007,Ocean Sapphire,VIZAG,13.3705,83.2283,9.0,16.43,21.65,1.71,3,480.33,43.62
V007,Ocean Sapphire,VIZAG,17.6564,79.7638,9.26,59.8,21.54,1.05,0,372.55,28.72
V002,Bharat Star,PARADIP,20.5762,82.6043,11.42,43.34,4.51,4.32,2,419.34,31.08
V004,Steel Infinity,HALDIA,24.8089,85.7304,10.26,10.07,34.01,0.2,1,391.6,28.91
V002,Bharat Star,SMPK,29.3725,87.6903,8.08,151.64,21.52,1.65,8,761.06,87.17
V003,Odisha Queen,HALDIA,18.4447,94.1927,14.18,148.06,18.96,0.96,5,752.58,42.4
V007,Ocean Sapphire,PARADIP,20.0896,88.9714,12.11,359.98,17.29,4.15,5,246.7,20.11
V007,Ocean Sapphire,SMPK,25.7075,93.4103,13.51,25.41,26.36,2.26,11,626.15,49.62
V001,Ganga Glory,HALDIA,23.7181,85.0217,8.53,287.37,27.81,3.78,10,364.65,49.75
V006,Himalaya Dawn,PARADIP,21.8232,85.0562,12.84,233.77,13.54,0.7,9,232.94,15.01
V001,Ganga Glory,SMPK,23.3467,85.079,14.13,310.5,6.42,0.35,4,341.49,16.08
V003,Odisha Queen,PARADIP,22.7633,90.5138,13.78,162.72,16.0,2.82,9,485.76,34.9
V002,Bharat Star,PARADIP,22.7653,89.3154,14.36,45.55,9.18,1.32,8,389.39,22.24
V004,Steel Infinity,HALDIA,24.1179,94.3382,8.32,141.82,17.47,1.09,5,683.64,65.55
V004,Steel Infinity,PARADIP,21.0898,84.1427,10.95,1.41,33.93,1.68,3,271.51,22.03
V006,Himalaya Dawn,PARADIP,18.9939,82.2469,8.53,26.29,2.3,3.21,11,481.06,54.51
V001,Ganga Glory,HALDIA,17.6239,82.7418,14.85,141.44,11.33,0.43,2,739.69,33.01
V002,Bharat Star,VIZAG,22.5337,85.5611,11.99,199.39,11.4,3.3,10,588.87,49.84
V001,Ganga Glory,SMPK,23.1227,81.5663,10.3,124.22,32.16,1.75,1,692.93,56.04
V006,Himalaya Dawn,PARADIP,18.6517,91.3605,8.5,297.66,13.83,0.91,9,530.38,52.67
V001,Ganga Glory,VIZAG,18.3562,80.2312,10.68,19.56,29.64,1.06,6,330.77,27.71
V006,Himalaya Dawn,VIZAG,18.0487,85.3835,8.73,102.26,22.03,3.29,6,226.16,25.6
V005,Eastern Titan,HALDIA,21.6485,86.1438,12.99,335.88,9.22,2.67,1,201.84,11.76
V005,Eastern Titan,SMPK,22.7925,85.8322,10.56,259.38,21.17,1.63,8,254.63,22.21
V001,Ganga Glory,HALDIA,25.4001,88.3356,9.79,138.2,6.75,4.28,11,378.0,41.52
V003,Odisha Queen,VIZAG,21.7473,86.6586,8.62,123.94,22.39,4.3,4,573.18,66.57
V004,Steel Infinity,SMPK,20.543,89.8058,14.61,246.95,15.8,0.59,5,272.13,14.09
V006,Himalaya Dawn,SMPK,23.6772,82.6437,10.49,58.7,16.6,1.61,5,591.84,46.53
V004,Steel Infinity,SMPK,22.466,91.0899,8.48,50.93,18.59,3.21,5,286.74,31.66
V002,Bharat Star,HALDIA,23.9865,86.7524,13.19,39.02,33.97,0.69,3,257.32,16.19
V003,Odisha Queen,PARADIP,20.4226,93.7029,8.24,60.35,13.83,2.51,12,738.35,91.49
V001,Ganga Glory,PARADIP,22.8711,90.2967,10.68,212.35,31.38,4.4,6,474.26,49.66
V007,Ocean Sapphire,SMPK,26.4247,90.405,11.46,4.84,6.82,2.3,7,480.6,35.62
V001,Ganga Glory,HALDIA,26.0043,83.4982,9.69,132.09,5.2,2.67,0,641.73,47.22
V004,Steel Infinity,HALDIA,25.7398,85.3201,8.44,160.97,7.62,4.36,6,499.58,57.09
V003,Odisha Queen,HALDIA,25.7981,87.7115,8.03,199.27,2.09,2.08,6,422.7,41.26
V002,Bharat Star,SMPK,21.4398,82.232,13.75,288.86,31.34,3.99,2,637.64,45.5
V001,Ganga Glory,HALDIA,21.8515,90.2051,9.91,82.96,33.97,1.02,10,221.96,22.69
V002,Bharat Star,SMPK,22.3634,94.1674,9.68,219.62,29.2,2.9,9,603.27,67.69
V005,Eastern Titan,VIZAG,17.8163,77.3767,8.71,276.64,29.12,0.63,3,625.29,57.29
V007,Ocean Sapphire,PARADIP,23.0207,80.2092,13.6,104.97,19.41,2.62,4,727.23,47.14
V003,Odisha Queen,VIZAG,19.7065,88.1436,12.49,16.53,18.78,2.85,6,559.14,42.06
V001,Ganga Glory,SMPK,22.6413,84.087,13.25,3.59,7.0,3.58,10,432.61,32.77
V004,Steel Infinity,HALDIA,23.2718,85.7924,13.2,202.21,27.43,4.46,7,271.73,23.16
V006,Himalaya Dawn,HALDIA,24.6437,81.3575,13.91,273.57,4.03,0.26,0,744.25,30.85
V007,Ocean Sapphire,HALDIA,19.9827,87.2369,9.15,193.86,9.75,2.96,7,241.08,24.01
V007,Ocean Sapphire,VIZAG,16.3154,77.297,10.38,353.75,28.27,0.28,2,654.27,47.32
V003,Odisha Queen,SMPK,18.9207,85.6706,10.82,298.15,27.77,1.56,3,487.44,38.04
V001,Ganga Glory,HALDIA,25.4411,83.4915,10.03,256.52,9.55,1.86,9,601.43,52.75
V005,Eastern Titan,SMPK,26.5208,88.9073,12.94,284.3,12.89,3.33,11,445.78,36.2
V001,Ganga Glory,HALDIA,18.8362,83.7869,14.59,61.65,32.98,3.9,6,568.09,42.72
V002,Bharat Star,SMPK,23.9958,92.6223,14.87,87.9,28.85,2.83,3,469.84,29.26
V007,Ocean Sapphire,SMPK,20.5301,85.3133,13.18,55.18,25.57,2.8,1,381.91,24.78
V007,Ocean Sapphire,SMPK,20.0577,90.1127,13.57,124.34,16.42,4.02,2,334.75,22.14
V005,Eastern Titan,SMPK,21.484,90.0216,12.45,305.34,26.84,0.65,12,213.41,16.81
V001,Ganga Glory,SMPK,17.3021,88.4422,14.25,352.95,4.22,3.44,3,583.73,33.45
V005,Eastern Titan,SMPK,26.1596,91.9378,11.23,242.36,7.95,1.52,3,544.8,35.21
V001,Ganga Glory,VIZAG,22.919,81.553,11.56,54.35,9.4,3.93,9,608.67,53.76
V007,Ocean Sapphire,SMPK,19.7475,85.5386,8.29,105.74,2.99,3.73,12,423.19,52.63
V006,Himalaya Dawn,PARADIP,23.9422,89.3661,12.98,12.77,34.34,0.6,12,492.13,39.13
V005,Eastern Titan,VIZAG,16.9775,80.295,8.92,263.19,26.15,0.24,8,326.6,31.54
V003,Odisha Queen,HALDIA,21.7254,90.0743,13.48,293.5,11.99,1.37,7,210.26,12.82
V002,Bharat Star,VIZAG,15.6838,83.6595,14.2,106.08,14.99,2.94,12,226.71,16.95
V003,Odisha Queen,HALDIA,20.7988,91.2337,10.34,284.26,28.03,1.37,6,355.08,31.04
V002,Bharat Star,HALDIA,17.1532,93.2274,8.89,227.17,11.49,2.33,1,764.5,64.56
V001,Ganga Glory,HALDIA,18.6255,87.8783,11.86,80.66,25.05,0.33,6,376.82,26.01
V004,Steel Infinity,HALDIA,26.2438,90.8412,12.9,94.45,20.6,2.22,3,548.84,35.79
V004,Steel Infinity,VIZAG,23.2545,83.8765,8.69,89.78,34.91,3.54,4,621.85,73.79
V007,Ocean Sapphire,VIZAG,23.5137,79.8439,11.27,125.7,19.66,3.69,0,739.65,55.53
V002,Bharat Star,HALDIA,19.5538,90.4275,13.61,254.59,26.39,4.02,12,367.64,33.07
V005,Eastern Titan,HALDIA,23.9032,93.4056,10.67,161.08,10.45,3.47,9,586.35,54.76
V006,Himalaya Dawn,VIZAG,18.8631,81.6603,12.72,274.75,13.15,3.92,12,215.08,18.94
V002,Bharat Star,SMPK,17.433,88.8198,9.12,159.79,5.6,2.17,2,571.57,45.73
V003,Odisha Queen,HALDIA,22.0539,81.457,10.41,304.67,2.76,3.31,0,680.56,48.01
V005,Eastern Titan,PARADIP,19.1302,89.3982,11.29,308.36,5.43,2.72,7,319.46,24.55
V002,Bharat Star,PARADIP,20.8948,84.4575,11.43,202.29,33.08,2.55,4,233.97,19.65
V003,Odisha Queen,PARADIP,25.2793,84.8504,13.29,63.25,8.4,0.43,6,580.49,31.41
V004,Steel Infinity,SMPK,20.983,82.3637,10.27,213.56,3.89,3.49,1,637.24,47.95
V003,Odisha Queen,PARADIP,19.0736,93.2768,10.91,21.32,27.49,4.07,2,710.48,62.77
V005,Eastern Titan,VIZAG,13.8303,77.9779,8.96,0.93,19.84,3.73,12,711.32,91.72
V006,Himalaya Dawn,SMPK,23.9425,89.5085,14.84,311.49,2.6,2.98,11,198.04,12.71
V002,Bharat Star,PARADIP,21.8802,82.2029,12.04,37.03,25.67,2.66,2,489.93,35.5
V003,Odisha Queen,VIZAG,20.9788,88.0598,10.96,141.11,10.39,1.74,4,620.59,43.81
V004,Steel Infinity,HALDIA,16.3313,90.3846,13.76,266.75,34.16,0.25,4,676.95,40.72
V007,Ocean Sapphire,HALDIA,20.551,84.7747,11.28,78.64,19.99,2.97,0,377.07,27.05
V005,Eastern Titan,HALDIA,18.335,85.971,9.36,159.47,26.9,2.8,11,463.14,55.12
V006,Himalaya Dawn,HALDIA,21.4042,89.8609,9.89,151.54,17.12,3.7,10,197.87,21.66
V001,Ganga Glory,SMPK,24.8315,86.7098,11.84,330.83,34.6,2.71,2,300.95,23.55
V001,Ganga Glory,VIZAG,20.0716,83.5953,14.69,145.48,26.12,2.1,6,266.89,17.04
V005,Eastern Titan,VIZAG,17.6344,85.8813,9.16,68.67,33.65,1.61,6,275.68,28.75
V001,Ganga Glory,SMPK,17.6831,82.9282,14.87,14.45,9.0,2.32,12,779.2,50.92
V002,Bharat Star,HALDIA,16.6308,85.8174,12.86,336.75,11.24,4.46,12,642.72,57.25
V007,Ocean Sapphire,VIZAG,18.5169,81.4908,14.88,324.36,26.26,2.98,12,210.27,16.21
V004,Steel Infinity,HALDIA,22.2431,91.0866,12.95,222.77,6.51,0.24,0,312.82,14.22
V004,Steel Infinity,VIZAG,17.7726,85.4046,13.77,236.36,25.94,0.37,6,225.21,13.53
V005,Eastern Titan,HALDIA,20.5262,85.3156,14.73,313.6,7.18,3.23,11,328.76,22.37
V003,Odisha Queen,VIZAG,23.5165,87.496,13.31,275.98,8.04,1.26,12,782.34,52.14
V001,Ganga Glory,SMPK,22.8091,90.398,13.95,1.82,21.39,3.77,9,217.16,17.0
V002,Bharat Star,HALDIA,24.1036,85.6017,10.93,122.63,27.8,2.26,10,342.7,33.14
V004,Steel Infinity,HALDIA,27.2465,92.2735,8.67,11.44,29.07,3.54,12,721.25,100.56
V006,Himalaya Dawn,VIZAG,18.6578,77.2669,13.67,158.42,3.16,3.62,7,644.28,42.96
V005,Eastern Titan,HALDIA,18.5071,89.6862,8.1,9.31,31.33,2.82,6,424.83,53.39
V006,Himalaya Dawn,HALDIA,21.3839,90.5258,9.38,169.83,8.28,2.42,5,264.1,23.19
V001,Ganga Glory,PARADIP,24.5934,87.8091,14.04,324.96,13.48,2.92,4,490.63,30.18
V006,Himalaya Dawn,VIZAG,19.578,88.9904,14.47,281.68,18.09,4.17,10,637.2,49.45
V006,Himalaya Dawn,PARADIP,24.6321,84.4099,9.25,314.34,17.89,2.27,1,530.51,44.88
V003,Odisha Queen,PARADIP,17.7071,81.7592,13.82,354.29,32.18,3.81,1,587.76,40.33
V004,Steel Infinity,PARADIP,22.6227,83.975,13.73,29.12,19.32,2.85,1,374.77,22.47
V001,Ganga Glory,VIZAG,19.4197,81.203,10.58,10.51,2.11,1.72,8,291.42,22.03
V004,Steel Infinity,VIZAG,21.4927,79.6132,13.16,311.84,27.68,2.47,4,571.2,40.04
V005,Eastern Titan,PARADIP,18.2668,83.7313,13.37,155.44,28.16,2.97,2,379.5,25.67
V005,Eastern Titan,SMPK,16.9542,88.9412,13.01,100.98,33.15,4.03,11,625.83,59.97
V002,Bharat Star,HALDIA,22.3227,86.1419,10.69,124.89,12.74,3.79,12,200.55,20.78
V003,Odisha Queen,HALDIA,23.4717,84.8808,12.09,146.71,21.35,2.6,3,364.28,26.16
V006,Himalaya Dawn,PARADIP,14.4604,90.057,13.61,347.96,24.78,0.4,3,746.58,41.62
V001,Ganga Glory,HALDIA,22.9424,91.2323,10.32,342.59,4.2,3.03,2,342.03,25.55
V002,Bharat Star,SMPK,26.1457,82.8364,10.24,130.72,16.43,0.47,4,682.65,48.9
V004,Steel Infinity,VIZAG,19.3026,80.0827,11.91,148.21,8.3,3.23,0,381.86,24.37
V007,Ocean Sapphire,VIZAG,14.2378,86.0233,13.39,161.6,24.23,1.05,2,483.05,27.85
V004,Steel Infinity,PARADIP,15.0493,82.9564,14.81,162.5,30.27,2.22,8,702.84,48.51
V003,Odisha Queen,HALDIA,25.3904,88.0911,11.73,34.6,29.89,3.21,10,375.89,36.47
V004,Steel Infinity,VIZAG,15.7459,87.7326,8.59,102.95,5.72,3.55,8,521.1,57.43
V004,Steel Infinity,VIZAG,19.6683,86.5153,12.32,326.65,14.49,2.02,11,405.61,31.89
V005,Eastern Titan,SMPK,23.6942,91.993,14.77,96.25,7.68,0.31,5,398.5,18.57
V006,Himalaya Dawn,PARADIP,20.8063,81.6584,9.73,317.35,27.38,4.4,1,519.36,50.92
V001,Ganga Glory,PARADIP,23.2662,92.1225,10.1,33.06,15.51,0.39,7,655.7,50.68
V004,Steel Infinity,SMPK,26.8025,86.2087,12.72,208.3,20.27,0.73,6,517.89,33.14
V006,Himalaya Dawn,PARADIP,21.6542,90.0725,8.69,239.4,2.99,4.37,8,387.91,43.88
V004,Steel Infinity,SMPK,26.8946,91.8235,12.35,152.65,30.37,3.59,12,599.95,59.39
V005,Eastern Titan,HALDIA,21.743,93.2206,14.84,92.19,19.95,3.28,11,533.31,39.47
V004,Steel Infinity,HALDIA,23.5698,82.6946,13.08,231.65,5.04,1.64,3,576.67,31.54
V006,Himalaya Dawn,SMPK,26.3753,84.0352,9.47,64.54,33.9,1.46,4,605.91,57.54
V005,Eastern Titan,SMPK,22.6241,84.9052,12.82,6.08,11.63,3.06,11,348.62,27.81
V001,Ganga Glory,HALDIA,22.9035,94.0777,11.11,299.49,8.61,1.03,1,626.27,37.32
V003,Odisha Queen,SMPK,22.2954,90.9467,10.67,187.34,26.06,1.83,12,273.52,27.21
V003,Odisha Queen,SMPK,19.578,90.5092,13.55,214.85,27.64,3.53,6,402.18,30.84
V006,Himalaya Dawn,PARADIP,19.3329,92.0246,11.4,234.11,24.19,1.13,5,575.87,42.54
V004,Steel Infinity,PARADIP,21.4994,82.6928,12.13,237.24,29.6,2.3,5,428.47,33.5
V006,Himalaya Dawn,SMPK,25.4065,89.7965,13.29,73.22,31.8,3.29,6,352.13,27.84
V001,Ganga Glory,VIZAG,24.7605,84.8279,12.0,109.17,21.78,2.51,11,802.38,70.62
V004,Steel Infinity,PARADIP,26.1352,89.4098,13.82,276.13,19.79,0.28,8,706.59,42.01
V007,Ocean Sapphire,HALDIA,19.3941,85.8304,9.17,348.61,11.3,3.85,9,371.99,41.71
V001,Ganga Glory,PARADIP,17.5421,87.386,9.76,77.57,11.33,3.38,2,319.21,27.19
V003,Odisha Queen,HALDIA,17.329,88.1763,11.62,96.37,31.52,0.77,4,520.65,37.77
V002,Bharat Star,HALDIA,20.9328,82.2417,14.34,154.72,29.71,3.49,8,613.82,47.23
V001,Ganga Glory,PARADIP,21.3695,88.3147,11.21,5.46,13.99,3.57,0,211.26,15.25
V006,Himalaya Dawn,PARADIP,24.8707,81.5515,12.98,3.2,10.38,1.76,3,725.64,42.15
V001,Ganga Glory,PARADIP,25.0471,86.0607,14.14,63.01,34.96,0.39,1,528.75,28.91
V007,Ocean Sapphire,VIZAG,18.0288,85.4018,9.11,277.67,6.65,3.58,9,227.7,24.44
V003,Odisha Queen,PARADIP,25.5398,86.6514,10.42,12.43,16.19,3.65,12,580.43,62.53
V006,Himalaya Dawn,VIZAG,20.106,85.224,13.12,111.91,25.71,4.38,1,337.62,24.29
V006,Himalaya Dawn,PARADIP,19.1562,93.5972,12.1,281.27,14.95,1.08,3,741.56,45.42
V006,Himalaya Dawn,HALDIA,22.3103,92.4649,12.75,33.76,17.64,3.05,7,454.83,34.56
V003,Odisha Queen,PARADIP,24.0491,85.7337,10.6,350.42,28.93,0.21,0,424.58,28.36
V001,Ganga Glory,PARADIP,23.4701,90.3275,8.63,289.86,33.28,3.37,4,518.6,60.76
V006,Himalaya Dawn,HALDIA,23.7375,91.5349,9.04,218.92,30.64,1.6,3,404.5,38.66
V001,Ganga Glory,HALDIA,20.2496,83.8746,9.68,28.72,10.98,2.87,6,476.16,43.83
V007,Ocean Sapphire,HALDIA,19.3602,93.8073,12.22,141.65,10.63,2.62,3,666.44,43.96
V003,Odisha Queen,VIZAG,14.0876,84.1731,14.01,302.35,17.44,2.87,8,411.8,28.8
V001,Ganga Glory,PARADIP,22.8586,85.7043,10.96,113.09,4.52,0.48,4,297.73,17.98
V007,Ocean Sapphire,PARADIP,26.0805,83.2276,14.53,164.29,5.18,3.04,8,728.24,45.53
V001,Ganga Glory,VIZAG,16.0785,84.8883,11.63,186.31,17.04,2.47,4,247.77,18.28
V007,Ocean Sapphire,PARADIP,24.7181,87.7915,9.28,116.56,11.54,3.57,10,503.63,56.16
V003,Odisha Queen,VIZAG,20.1365,82.7728,13.02,281.12,14.87,0.49,5,277.22,15.86
V007,Ocean Sapphire,SMPK,26.2845,87.9681,11.71,189.79,13.16,2.17,3,416.62,28.27
V003,Odisha Queen,VIZAG,21.6129,82.7795,10.64,179.06,23.94,2.11,12,439.35,44.03
V004,Steel Infinity,SMPK,23.4988,81.5145,11.98,17.79,5.25,1.61,0,702.3,38.46
V002,Bharat Star,SMPK,20.8268,83.7067,8.82,133.71,6.58,1.69,7,511.77,46.85
V002,Bharat Star,PARADIP,21.2133,88.7879,12.16,79.87,12.62,4.42,6,246.31,20.26
V001,Ganga Glory,SMPK,20.8399,91.8442,11.06,318.34,2.72,3.16,4,412.59,30.34
V003,Odisha Queen,VIZAG,12.48,78.2852,12.99,340.46,29.38,4.16,0,789.26,56.14
V007,Ocean Sapphire,PARADIP,15.7137,88.5478,11.85,284.05,25.59,2.94,10,551.25,50.68
V003,Odisha Queen,HALDIA,19.9287,88.6661,10.97,232.0,12.68,3.56,9,239.83,22.26
V006,Himalaya Dawn,SMPK,18.5065,87.3357,10.54,74.19,26.51,0.92,6,460.69,37.84
V005,Eastern Titan,SMPK,16.0252,90.4341,11.31,14.86,24.71,3.6,5,759.26,67.07
V005,Eastern Titan,SMPK,17.9176,85.8319,10.69,272.4,6.28,2.65,12,575.83,52.6
V007,Ocean Sapphire,PARADIP,19.5164,89.9111,12.35,112.68,16.06,1.63,2,355.47,21.82
V003,Odisha Queen,SMPK,19.4336,94.776,8.89,339.62,24.65,3.13,1,756.21,73.87
V006,Himalaya Dawn,VIZAG,12.4438,85.9755,12.46,187.27,15.54,1.75,5,651.15,43.22
V006,Himalaya Dawn,PARADIP,18.3766,86.4548,9.15,334.34,6.1,4.11,3,216.79,20.54
V003,Odisha Queen,VIZAG,17.1202,87.4923,14.08,339.6,9.57,2.25,6,451.4,27.0
V007,Ocean Sapphire,VIZAG,12.4928,79.1471,10.74,237.91,28.13,2.23,10,728.48,71.69
V006,Himalaya Dawn,VIZAG,22.65,84.1499,13.46,42.72,20.13,3.65,5,558.95,40.44
V003,Odisha Queen,SMPK,20.5793,89.2506,10.8,3.68,5.84,0.99,3,240.17,15.16
V007,Ocean Sapphire,HALDIA,22.0275,91.9623,10.55,267.43,4.93,2.8,8,402.26,33.97
V003,Odisha Queen,SMPK,25.8845,89.0262,10.13,354.94,9.32,3.22,12,378.01,38.83
V004,Steel Infinity,SMPK,28.9468,89.1422,9.42,143.5,5.6,2.56,12,716.27,73.34
V007,Ocean Sapphire,HALDIA,18.3121,92.2626,10.15,329.35,7.11,3.66,7,601.17,55.66
V004,Steel Infinity,VIZAG,23.9267,84.7543,12.13,229.01,15.77,4.07,2,710.2,52.49
V006,Himalaya Dawn,VIZAG,19.5634,81.606,9.04,80.62,24.22,0.41,1,272.95,21.57
V006,Himalaya Dawn,HALDIA,24.7904,92.6397,10.05,266.51,26.17,3.0,3,560.29,51.3
V006,Himalaya Dawn,PARADIP,21.2405,83.7582,9.75,98.58,15.49,0.92,10,314.62,28.28
V003,Odisha Queen,HALDIA,21.0066,92.3848,14.91,93.41,30.89,3.05,0,461.09,26.97
V004,Steel Infinity,SMPK,17.9324,93.6723,12.69,277.23,2.47,0.29,9,759.94,43.32
V001,Ganga Glory,VIZAG,16.7691,87.3271,10.09,254.03,17.12,2.34,2,441.84,35.25
V005,Eastern Titan,VIZAG,19.8048,77.8591,14.49,317.76,6.14,4.48,8,617.27,43.1
V003,Odisha Queen,PARADIP,17.3802,89.5625,11.02,320.05,24.82,3.17,2,450.22,36.65
V004,Steel Infinity,VIZAG,16.0978,86.4841,14.69,37.15,6.68,0.3,1,384.12,15.96
V003,Odisha Queen,HALDIA,19.9987,84.4132,10.17,281.8,20.26,0.51,10,439.65,38.07
V006,Himalaya Dawn,VIZAG,15.5497,81.2371,14.53,305.39,28.59,0.55,6,322.51,18.99
V004,Steel Infinity,VIZAG,11.7615,86.6579,9.08,146.44,22.45,3.51,7,752.59,85.39
V007,Ocean Sapphire,PARADIP,18.0413,87.7022,10.65,7.93,10.23,2.76,5,277.7,22.34
V004,Steel Infinity,PARADIP,18.7291,82.6238,9.37,358.42,28.34,0.24,11,454.61,45.6
V001,Ganga Glory,PARADIP,21.4948,81.5867,14.17,311.88,7.75,1.08,1,538.86,25.1
V006,Himalaya Dawn,PARADIP,21.2641,83.6082,13.79,223.89,6.98,0.63,5,330.21,16.86
V006,Himalaya Dawn,VIZAG,24.4166,81.7633,8.05,94.33,17.9,1.67,10,764.31,89.82
V006,Himalaya Dawn,VIZAG,13.4355,84.4836,11.04,316.42,31.59,1.29,11,490.32,46.14
V006,Himalaya Dawn,HALDIA,21.1206,94.4376,12.94,276.35,31.46,3.45,4,666.83,51.79
V001,Ganga Glory,SMPK,19.0433,91.9132,10.33,143.94,31.91,0.6,10,541.34,50.8
V006,Himalaya Dawn,PARADIP,22.8646,86.1356,9.02,333.64,31.58,3.8,11,287.35,38.83
V003,Odisha Queen,PARADIP,14.3604,86.8063,8.23,269.75,31.82,3.12,7,662.97,85.9
V003,Odisha Queen,HALDIA,20.0276,83.3712,12.13,5.71,29.83,1.57,8,534.23,42.96
V007,Ocean Sapphire,PARADIP,13.6247,89.0665,12.0,266.06,14.88,0.39,0,788.57,42.19
V007,Ocean Sapphire,SMPK,17.78,86.2016,14.73,233.73,2.51,0.9,8,573.81,29.12
V002,Bharat Star,PARADIP,17.6718,85.4639,8.33,261.21,16.39,1.95,7,318.56,33.99
V001,Ganga Glory,PARADIP,20.5996,84.5529,12.02,202.24,27.24,0.51,1,217.58,13.34
V005,Eastern Titan,PARADIP,17.8262,88.0197,13.19,346.01,19.23,3.81,7,313.89,24.49
V003,Odisha Queen,PARADIP,21.0286,89.6022,12.79,203.9,22.95,3.1,10,320.09,27.08
V003,Odisha Queen,SMPK,22.6139,93.2648,14.96,269.04,25.04,3.56,6,509.76,34.91
V005,Eastern Titan,SMPK,18.6363,87.3961,8.14,252.82,32.04,1.6,8,445.24,54.28
V005,Eastern Titan,VIZAG,16.9792,81.0993,11.14,343.17,8.19,1.76,5,244.59,17.16
V004,Steel Infinity,PARADIP,17.6292,90.1577,11.81,120.57,8.29,3.66,12,477.35,43.04
V004,Steel Infinity,PARADIP,18.2678,87.187,12.02,177.53,3.67,4.04,5,235.83,17.58
V001,Ganga Glory,SMPK,21.1769,89.8193,8.09,336.91,13.27,2.65,2,218.84,21.67
V002,Bharat Star,VIZAG,18.2646,89.0548,10.62,212.19,18.3,0.45,8,614.08,47.59
V002,Bharat Star,VIZAG,13.285,86.2099,12.0,155.72,9.11,1.69,7,581.74,39.95
V007,Ocean Sapphire,VIZAG,21.559,85.1614,12.84,334.68,9.97,4.31,5,473.17,35.06
V003,Odisha Queen,PARADIP,19.058,90.6958,13.23,76.68,2.84,4.37,9,449.17,34.16
V006,Himalaya Dawn,VIZAG,17.541,80.766,8.66,183.88,18.28,1.29,2,266.94,23.16
V004,Steel Infinity,HALDIA,19.776,86.2442,12.74,153.98,21.04,1.97,10,311.9,24.21
V006,Himalaya Dawn,SMPK,22.7417,83.4349,9.77,79.51,31.89,1.59,11,499.7,54.34
V006,Himalaya Dawn,VIZAG,20.2257,86.8267,8.38,84.76,26.06,2.32,11,467.52,59.86
V002,Bharat Star,HALDIA,21.0245,84.3368,9.71,184.9,34.75,2.37,6,400.42,41.68
V002,Bharat Star,VIZAG,10.8676,82.9892,10.3,336.54,8.23,3.38,10,759.27,73.59
V006,Himalaya Dawn,VIZAG,18.8303,84.7209,14.3,121.15,17.77,1.85,7,198.06,12.35
V003,Odisha Queen,HALDIA,25.6725,92.342,13.63,182.48,31.54,4.43,6,596.16,49.06
V005,Eastern Titan,PARADIP,21.2997,88.3547,8.7,20.39,10.62,2.96,0,210.65,18.36
V007,Ocean Sapphire,PARADIP,21.582,88.385,10.24,262.4,28.27,2.55,2,230.83,19.86
V005,Eastern Titan,HALDIA,17.3716,84.8366,12.53,214.95,5.31,4.47,11,616.29,53.03
V007,Ocean Sapphire,VIZAG,19.8301,83.9799,12.63,109.88,4.45,0.39,1,249.12,11.9
V002,Bharat Star,SMPK,28.6629,84.4675,9.15,157.1,26.14,1.06,12,780.68,85.75
V007,Ocean Sapphire,VIZAG,17.557,80.6657,10.02,15.89,16.56,0.28,10,277.44,23.23
V003,Odisha Queen,HALDIA,19.6571,90.7791,8.53,28.63,11.63,3.83,9,385.08,46.47
V001,Ganga Glory,PARADIP,18.4083,85.9988,13.74,157.46,18.73,1.03,12,222.33,15.35
V001,Ganga Glory,VIZAG,14.7948,86.366,10.02,298.59,17.1,1.15,7,460.6,38.67
V006,Himalaya Dawn,VIZAG,22.7378,86.6412,10.01,286.58,23.93,4.13,11,661.77,78.55
V007,Ocean Sapphire,SMPK,25.2132,88.4001,8.61,324.29,10.78,0.56,10,296.31,28.15
V001,Ganga Glory,HALDIA,18.7038,88.6733,11.28,256.92,12.8,3.26,1,373.15,26.78
V003,Odisha Queen,PARADIP,24.0664,92.5735,14.44,169.15,26.22,2.84,11,740.95,57.02
V004,Steel Infinity,HALDIA,25.404,94.4367,9.15,228.23,27.11,2.26,10,750.77,86.33
V003,Odisha Queen,PARADIP,18.3675,86.073,13.9,262.53,18.59,1.95,9,224.56,15.32
V007,Ocean Sapphire,HALDIA,28.05,88.5931,10.2,144.61,2.61,4.27,10,673.76,67.45
V007,Ocean Sapphire,HALDIA,19.9112,81.1901,9.2,212.86,4.41,1.08,12,750.45,69.11
V007,Ocean Sapphire,SMPK,20.7978,83.7947,13.12,200.28,9.1,0.59,11,504.64,31.81
V003,Odisha Queen,PARADIP,17.3195,89.45,9.86,44.93,30.41,1.77,0,447.22,36.32
V007,Ocean Sapphire,PARADIP,20.6258,88.8125,11.7,317.44,15.12,1.66,6,230.91,16.58
V005,Eastern Titan,HALDIA,17.1409,85.2594,10.51,97.36,17.21,2.51,7,615.76,54.53
V004,Steel Infinity,HALDIA,21.4806,90.5952,12.58,47.47,30.19,4.5,12,268.37,27.47
V002,Bharat Star,VIZAG,24.015,81.1853,13.99,31.0,17.82,3.34,8,736.18,53.35
V005,Eastern Titan,HALDIA,25.8018,92.709,9.91,7.73,18.69,0.61,5,633.22,49.55
V004,Steel Infinity,SMPK,20.659,83.4602,12.21,232.33,3.18,4.42,3,542.69,38.61
V002,Bharat Star,SMPK,22.5337,92.9329,14.59,19.46,12.67,3.29,6,475.78,30.27
V002,Bharat Star,PARADIP,14.4359,87.0777,13.28,120.69,12.94,0.25,9,656.08,39.14
V006,Himalaya Dawn,PARADIP,16.185,89.2239,12.47,261.83,26.14,0.8,10,535.7,40.5
V006,Himalaya Dawn,SMPK,21.3596,91.827,12.81,137.16,4.1,1.17,8,387.06,23.46
V002,Bharat Star,PARADIP,16.1132,82.218,13.07,86.62,34.72,2.02,4,659.43,47.33
V007,Ocean Sapphire,VIZAG,18.4398,81.2342,8.01,109.79,34.93,3.07,1,231.78,26.68
V004,Steel Infinity,HALDIA,20.4462,81.403,14.98,180.57,34.62,2.87,12,711.49,57.02
V002,Bharat Star,SMPK,20.8763,90.2708,13.46,49.02,30.41,3.04,5,275.83,20.49
V004,Steel Infinity,VIZAG,19.2985,79.8067,10.59,354.59,16.54,0.7,7,407.59,31.09
V005,Eastern Titan,VIZAG,18.076,76.4005,10.94,169.68,16.07,4.47,11,729.22,77.05
V001,Ganga Glory,VIZAG,22.6017,87.3216,12.26,233.13,33.69,4.34,10,690.03,70.05
V007,Ocean Sapphire,VIZAG,15.0356,80.6387,9.8,316.16,2.56,0.67,9,408.06,31.22
V006,Himalaya Dawn,HALDIA,23.3358,94.5126,9.79,152.6,23.07,3.22,12,678.19,79.05
V001,Ganga Glory,SMPK,21.6871,92.1923,10.39,285.31,2.81,1.02,8,412.25,30.05
V007,Ocean Sapphire,VIZAG,14.8635,82.7278,10.84,149.62,21.03,1.01,6,319.77,24.67
V004,Steel Infinity,HALDIA,24.8302,92.5715,13.38,41.97,31.6,1.3,4,556.92,36.43
V003,Odisha Queen,HALDIA,25.7675,91.397,14.61,4.09,28.64,4.08,12,538.15,45.88
V004,Steel Infinity,PARADIP,17.3901,86.479,10.97,193.62,29.55,2.59,11,326.13,33.22
V004,Steel Infinity,PARADIP,21.4079,91.8126,12.05,202.68,6.56,0.73,4,552.89,31.64
V004,Steel Infinity,PARADIP,23.7647,89.5824,8.63,304.93,22.21,1.01,12,489.79,55.19
V006,Himalaya Dawn,SMPK,21.3322,91.2641,12.63,91.17,13.38,2.6,2,334.36,21.15
V003,Odisha Queen,HALDIA,24.8777,88.3576,9.28,50.79,16.42,0.56,5,320.32,26.19
V005,Eastern Titan,SMPK,26.9258,92.4439,10.29,154.31,31.45,3.54,5,641.66,64.68
V003,Odisha Queen,PARADIP,19.0208,90.4204,14.01,153.97,24.1,3.23,1,423.32,26.31
V002,Bharat Star,SMPK,26.4941,89.1134,14.83,131.41,12.42,1.63,0,446.22,20.93
V005,Eastern Titan,VIZAG,15.9982,84.2271,13.15,106.05,17.35,0.57,3,213.41,11.77
V001,Ganga Glory,PARADIP,15.7402,84.5493,14.98,227.31,24.08,0.96,10,554.29,34.77
V001,Ganga Glory,VIZAG,15.5053,83.6585,9.78,40.84,23.23,1.68,9,246.25,24.2
V002,Bharat Star,VIZAG,21.0312,84.5861,10.37,223.37,28.9,2.5,9,395.98,40.35
V004,Steel Infinity,PARADIP,20.989,84.8148,10.25,228.32,3.03,1.18,11,202.02,16.27
V004,Steel Infinity,PARADIP,23.8604,85.3952,11.94,238.91,13.93,3.36,6,413.4,32.57
V006,Himalaya Dawn,HALDIA,21.5251,83.723,10.73,210.9,13.1,1.51,2,451.09,30.88
V005,Eastern Titan,VIZAG,15.541,84.3095,12.82,234.38,3.54,3.64,3,262.93,16.91
V004,Steel Infinity,PARADIP,15.3379,85.9151,8.76,205.46,34.4,2.61,10,558.98,71.96
V006,Himalaya Dawn,VIZAG,19.8728,82.699,12.86,25.6,28.72,1.65,12,250.3,20.77
V002,Bharat Star,SMPK,18.5845,90.9073,14.48,287.75,14.91,1.29,6,517.75,29.16
V006,Himalaya Dawn,SMPK,21.6023,86.2474,11.71,261.9,22.13,1.48,9,236.3,18.96
V003,Odisha Queen,SMPK,27.4574,85.8842,10.7,172.23,4.74,2.07,3,597.48,41.28
V001,Ganga Glory,HALDIA,27.2278,83.821,10.71,196.35,12.05,1.08,8,721.13,55.45
V004,Steel Infinity,HALDIA,21.1771,85.1292,8.45,50.17,4.82,3.19,0,316.85,27.7
V004,Steel Infinity,HALDIA,25.4343,83.9995,10.78,293.06,27.29,4.21,4,561.92,53.44
V002,Bharat Star,PARADIP,23.4696,80.9798,13.5,4.62,3.58,0.65,9,679.06,38.03
V002,Bharat Star,VIZAG,17.9107,78.4985,10.57,301.45,26.16,2.29,6,506.8,45.58
V003,Odisha Queen,SMPK,21.1587,87.0686,12.39,11.22,2.69,3.0,9,200.21,14.72
V004,Steel Infinity,SMPK,18.181,88.7927,14.61,25.63,7.62,1.53,9,488.52,28.21
V005,Eastern Titan,VIZAG,21.3708,77.2708,8.29,233.1,15.69,3.44,5,750.91,84.48
V004,Steel Infinity,HALDIA,25.3941,92.4709,13.11,62.22,10.66,3.63,1,585.82,36.55
V001,Ganga Glory,VIZAG,17.4087,87.0907,10.38,293.63,29.09,0.96,8,405.21,36.28
V005,Eastern Titan,HALDIA,23.8764,90.765,11.11,72.67,31.38,0.79,12,346.1,31.89
V006,Himalaya Dawn,VIZAG,21.1876,77.6069,14.34,26.84,24.85,3.59,10,710.58,55.97
V003,Odisha Queen,PARADIP,22.9321,81.6675,11.35,256.9,32.24,1.88,10,588.51,55.03
V001,Ganga Glory,HALDIA,18.4077,90.4041,14.7,343.95,31.65,2.49,2,469.31,28.64
V001,Ganga Glory,VIZAG,17.6417,87.6796,9.77,35.74,21.59,2.74,10,466.17,49.96
V004,Steel Infinity,PARADIP,14.8289,84.7622,14.43,323.46,23.92,3.32,10,641.53,49.1
V001,Ganga Glory,HALDIA,22.1987,91.1021,11.73,213.5,26.25,4.43,6,314.1,29.14
V007,Ocean Sapphire,VIZAG,18.6893,79.3551,11.59,150.75,21.1,3.08,10,429.24,39.53
V002,Bharat Star,HALDIA,26.5204,90.8871,8.9,294.4,6.21,2.43,4,577.57,51.29
V007,Ocean Sapphire,PARADIP,21.4275,82.6891,9.11,63.89,19.19,3.12,10,426.55,49.48
V005,Eastern Titan,VIZAG,15.0598,87.676,11.3,191.4,16.42,2.89,3,552.66,41.87
V002,Bharat Star,SMPK,20.0669,85.3393,10.49,284.79,32.89,2.54,4,412.65,37.7
V002,Bharat Star,HALDIA,17.1206,86.4912,11.71,55.87,8.47,0.29,7,567.96,35.35
V004,Steel Infinity,PARADIP,26.5748,84.2997,11.87,289.73,24.71,0.83,11,734.62,59.19
V006,Himalaya Dawn,HALDIA,23.3827,82.2912,11.26,237.59,11.46,2.04,5,611.1,44.47
V001,Ganga Glory,HALDIA,25.6529,86.5863,12.7,310.9,23.63,2.59,8,431.91,34.07
V002,Bharat Star,HALDIA,23.5044,81.453,13.17,86.69,7.06,3.17,4,697.47,44.5
V006,Himalaya Dawn,PARADIP,20.0752,82.9766,8.09,199.39,7.38,3.01,7,381.18,42.36
V002,Bharat Star,HALDIA,23.8879,82.0252,9.17,177.54,27.99,0.88,10,652.17,68.38
V003,Odisha Queen,SMPK,15.4784,87.9177,10.16,10.36,28.75,0.22,3,787.35,59.8
V006,Himalaya Dawn,SMPK,24.7696,87.8366,11.83,186.76,3.59,0.62,1,251.28,12.99
V004,Steel Infinity,SMPK,21.4312,85.443,14.22,265.36,17.21,1.41,1,319.75,16.44
V005,Eastern Titan,PARADIP,23.0523,84.4836,10.76,85.68,2.19,1.78,2,375.53,23.99
V005,Eastern Titan,VIZAG,17.251,87.1209,13.83,214.96,33.05,1.37,8,410.3,29.17
V006,Himalaya Dawn,VIZAG,18.3704,86.5934,9.95,319.04,31.84,1.6,5,358.41,33.11
V004,Steel Infinity,SMPK,19.8241,88.8515,12.92,136.79,11.03,2.12,4,308.45,19.11
V002,Bharat Star,HALDIA,24.1803,91.0048,12.63,192.42,3.01,2.01,7,385.93,24.61
V005,Eastern Titan,SMPK,19.2929,88.8667,13.47,0.85,13.65,3.48,11,366.92,29.07
V006,Himalaya Dawn,SMPK,20.5134,89.6326,12.44,170.75,11.08,4.41,7,265.11,21.63
V004,Steel Infinity,SMPK,21.1401,94.1005,10.87,200.96,2.73,1.15,9,618.8,44.65
V002,Bharat Star,PARADIP,15.6662,83.7998,14.33,44.22,3.29,2.61,9,597.22,37.0
V004,Steel Infinity,PARADIP,17.4498,85.6574,13.35,266.28,9.45,1.36,3,334.83,18.18
V004,Steel Infinity,HALDIA,23.1433,89.9087,10.41,112.19,34.1,1.32,3,227.83,18.99
V005,Eastern Titan,SMPK,25.7187,88.8533,14.83,214.38,6.28,2.5,9,356.79,21.68
V005,Eastern Titan,HALDIA,19.1542,85.7456,10.22,313.63,10.09,3.76,7,398.58,37.68
V004,Steel Infinity,SMPK,19.5137,90.9852,13.69,285.87,5.07,3.14,6,437.75,27.84
V002,Bharat Star,PARADIP,21.6514,90.806,8.45,173.98,18.16,0.3,9,459.08,45.19
V005,Eastern Titan,SMPK,22.1641,92.6823,11.04,89.0,12.76,1.48,12,452.68,38.46
V001,Ganga Glory,SMPK,20.8924,84.4087,11.56,200.52,15.24,3.13,8,442.19,37.57
V002,Bharat Star,PARADIP,23.0508,86.3718,14.26,43.78,13.45,0.22,8,304.74,16.56
V001,Ganga Glory,HALDIA,24.8457,89.8588,14.97,229.78,14.87,3.76,9,364.83,25.5
V003,Odisha Queen,HALDIA,23.6779,87.4024,11.87,300.68,14.74,2.41,7,197.32,15.1
V003,Odisha Queen,PARADIP,15.5475,88.6799,11.81,345.18,2.14,0.54,11,573.65,37.55
V001,Ganga Glory,HALDIA,20.1598,84.9347,12.99,328.57,12.41,2.1,0,383.99,21.32
V004,Steel Infinity,PARADIP,14.551,85.7541,9.48,230.73,29.76,3.63,0,648.02,61.38
V006,Himalaya Dawn,HALDIA,19.7198,87.7725,9.51,58.19,3.32,1.12,8,256.41,20.69
V005,Eastern Titan,HALDIA,17.8442,87.4006,13.5,98.84,31.46,2.68,9,468.31,37.69
V001,Ganga Glory,VIZAG,21.1965,84.616,12.41,195.71,10.05,0.47,10,414.29,26.92
V001,Ganga Glory,PARADIP,17.3154,92.5016,14.46,335.23,8.15,3.78,12,703.34,52.2
V002,Bharat Star,VIZAG,13.3282,79.6377,14.92,53.96,9.66,1.01,11,622.45,35.92
V002,Bharat Star,HALDIA,22.7593,93.9688,10.11,88.06,19.38,2.69,6,613.17,56.6
V005,Eastern Titan,SMPK,20.6621,84.841,13.1,202.02,14.37,2.7,11,414.63,32.18
V003,Odisha Queen,PARADIP,18.7813,88.6102,14.36,218.76,4.06,4.16,0,269.74,14.79
V005,Eastern Titan,VIZAG,15.768,84.0885,12.5,330.86,27.31,1.66,8,230.4,17.77
V005,Eastern Titan,PARADIP,25.2649,83.263,8.64,148.85,9.67,2.54,0,648.57,54.82
V007,Ocean Sapphire,VIZAG,16.9784,77.4965,14.81,209.28,16.24,1.13,8,618.94,35.71
V004,Steel Infinity,SMPK,25.7108,90.9617,14.82,351.1,10.72,0.66,0,443.24,18.97
V001,Ganga Glory,VIZAG,19.5524,84.2863,12.32,126.99,6.08,3.86,10,232.65,19.19
V005,Eastern Titan,HALDIA,24.1008,87.8514,9.51,156.74,10.87,0.92,11,233.46,21.19
V004,Steel Infinity,VIZAG,21.6136,88.622,12.23,209.22,19.68,0.39,3,709.28,42.23
V005,Eastern Titan,SMPK,23.9217,90.3842,12.16,354.75,11.59,0.43,3,261.94,14.71
V001,Ganga Glory,VIZAG,20.8854,85.0971,13.26,156.71,12.01,3.21,11,403.24,31.5
V006,Himalaya Dawn,SMPK,23.8988,90.5186,10.28,257.17,24.92,3.21,0,271.82,22.44
V005,Eastern Titan,VIZAG,20.0272,87.414,13.88,299.46,14.45,1.84,4,506.68,29.37
V007,Ocean Sapphire,PARADIP,25.1046,89.409,12.93,317.25,4.84,3.47,7,604.0,42.65
V006,Himalaya Dawn,PARADIP,18.3696,81.9416,8.06,262.4,23.46,1.67,6,536.57,59.53
V001,Ganga Glory,VIZAG,15.0474,78.8447,10.25,43.98,7.46,1.64,4,556.95,40.75
V003,Odisha Queen,HALDIA,18.4591,83.3682,12.7,203.25,10.44,1.56,11,628.81,44.85
V001,Ganga Glory,PARADIP,22.3095,85.2437,10.02,8.14,25.84,0.45,3,263.18,20.17
V002,Bharat Star,HALDIA,23.5841,86.6538,11.42,153.93,5.66,3.63,12,226.75,20.72
V001,Ganga Glory,HALDIA,19.8676,91.6177,13.01,341.14,14.68,1.13,9,439.58,29.23
V005,Eastern Titan,VIZAG,15.5182,79.5326,11.52,277.57,5.51,2.05,6,466.63,32.57
V002,Bharat Star,PARADIP,16.1047,86.4221,8.88,260.5,4.24,1.16,6,469.19,39.05
V005,Eastern Titan,PARADIP,19.3293,88.9613,13.94,298.05,33.59,4.19,7,268.54,22.1
V006,Himalaya Dawn,HALDIA,25.7803,84.4591,14.79,287.12,12.71,0.22,6,556.5,27.58
V004,Steel Infinity,SMPK,15.3644,88.5595,8.34,118.79,24.85,1.96,7,799.47,90.57
V007,Ocean Sapphire,PARADIP,22.6144,87.9899,13.62,97.2,27.5,0.85,9,291.86,20.01
V002,Bharat Star,HALDIA,24.0169,83.8841,9.02,55.54,3.41,1.14,7,482.09,40.12
V007,Ocean Sapphire,HALDIA,17.5114,88.732,14.55,353.0,26.39,1.08,1,505.14,26.52
V003,Odisha Queen,SMPK,15.8398,90.0904,9.06,39.02,34.63,1.13,2,769.43,71.02
V004,Steel Infinity,PARADIP,17.8788,88.3914,12.32,349.1,29.79,4.16,0,329.12,24.75
V002,Bharat Star,SMPK,22.1787,91.3247,8.67,195.97,5.84,1.97,8,313.75,30.45
V002,Bharat Star,PARADIP,21.8314,88.07,14.52,112.11,11.53,3.88,4,225.56,14.14
V004,Steel Infinity,PARADIP,14.5847,88.1367,9.05,330.69,28.13,4.25,12,657.7,91.18
V007,Ocean Sapphire,HALDIA,23.0851,85.5256,10.36,237.96,5.17,2.94,12,286.4,27.36
V002,Bharat Star,SMPK,21.2892,89.8816,12.29,47.7,16.81,2.0,6,215.11,15.28
V003,Odisha Queen,VIZAG,14.7895,77.0724,12.85,332.53,8.58,0.68,7,736.93,43.26
V006,Himalaya Dawn,HALDIA,24.7563,91.6353,9.37,150.92,20.98,2.03,10,475.78,50.41
V002,Bharat Star,VIZAG,13.5442,87.4163,10.28,191.85,18.25,3.75,9,639.23,66.49
V003,Odisha Queen,SMPK,24.1391,86.5789,11.99,180.9,24.5,4.32,11,249.19,25.06
V007,Ocean Sapphire,PARADIP,18.8541,82.3186,9.44,322.83,11.93,1.41,6,479.16,40.8
V005,Eastern Titan,PARADIP,19.9294,84.5404,11.7,72.94,12.11,0.26,8,221.42,14.55
V006,Himalaya Dawn,VIZAG,16.1208,87.7596,13.91,2.49,12.7,2.61,2,507.5,29.01
V005,Eastern Titan,VIZAG,18.6927,77.27,11.37,353.41,13.75,4.16,12,644.55,64.73
V005,Eastern Titan,SMPK,28.3641,90.7542,13.74,129.3,13.92,2.98,11,691.79,52.03
V003,Odisha Queen,HALDIA,19.3796,90.213,11.3,31.37,11.65,2.56,4,368.36,27.08
V006,Himalaya Dawn,SMPK,23.4495,83.937,9.44,246.29,15.55,2.4,12,457.62,49.72
V005,Eastern Titan,SMPK,24.5849,87.5796,13.7,353.97,18.49,0.67,0,237.88,11.75
V006,Himalaya Dawn,PARADIP,21.8407,89.3974,13.03,157.49,5.61,0.79,4,334.1,17.62
V001,Ganga Glory,HALDIA,19.509,85.9353,10.58,15.93,23.44,2.3,0,355.15,26.56
V002,Bharat Star,PARADIP,24.1652,87.6172,8.14,197.96,7.77,0.97,8,439.71,42.54
V001,Ganga Glory,PARADIP,16.8077,83.5161,8.97,301.11,11.28,1.65,4,509.44,43.92
V005,Eastern Titan,VIZAG,18.2611,88.1798,13.54,172.27,6.94,4.37,4,522.1,35.17
V003,Odisha Queen,PARADIP,18.5095,90.349,8.87,120.55,7.17,0.31,2,439.82,31.33
V005,Eastern Titan,PARADIP,23.1419,85.2554,8.79,15.85,2.54,3.44,6,343.97,34.17
V005,Eastern Titan,HALDIA,24.0049,86.7775,12.65,42.54,6.87,3.78,12,257.74,21.67
V003,Odisha Queen,VIZAG,19.5591,88.2186,9.14,319.81,7.23,4.18,2,560.31,52.34
V004,Steel Infinity,VIZAG,13.8929,81.355,14.71,205.72,23.47,2.57,10,469.76,33.47
V007,Ocean Sapphire,PARADIP,16.3621,91.5674,8.5,224.32,7.61,3.43,12,682.79,83.81
V004,Steel Infinity,SMPK,29.4041,87.6104,11.04,38.1,23.33,0.46,9,765.25,60.88
V007,Ocean Sapphire,HALDIA,20.6295,86.4641,8.1,126.71,30.84,3.57,11,225.59,33.35
V001,Ganga Glory,HALDIA,26.2326,88.0789,12.6,102.98,15.61,0.81,4,469.54,27.9
V006,Himalaya Dawn,PARADIP,24.9115,81.668,10.12,341.92,30.92,3.52,4,720.27,71.58
V002,Bharat Star,HALDIA,22.7813,92.7264,8.2,82.55,24.24,1.42,12,487.33,60.5
V004,Steel Infinity,HALDIA,22.4211,82.1845,11.88,109.1,22.8,3.43,0,606.51,43.36
V001,Ganga Glory,SMPK,18.3172,92.4868,12.36,208.74,7.38,2.41,1,641.65,37.99
V001,Ganga Glory,SMPK,27.4955,86.9283,10.89,91.92,19.31,2.28,7,567.01,48.38
V006,Himalaya Dawn,PARADIP,24.6153,82.0906,8.66,45.42,8.7,2.07,0,666.75,53.84
V005,Eastern Titan,PARADIP,16.6807,91.1533,8.25,32.35,10.07,0.31,3,626.22,50.6
V002,Bharat Star,PARADIP,19.3615,85.0453,11.49,93.05,23.65,4.3,11,196.18,20.46
V003,Odisha Queen,PARADIP,17.9542,85.6076,8.05,294.51,34.59,2.85,9,283.74,39.46
V003,Odisha Queen,PARADIP,22.5852,84.3777,8.78,333.68,22.91,3.19,0,342.47,32.64
V003,Odisha Queen,HALDIA,21.5193,89.9882,12.79,161.88,9.65,1.66,6,206.46,13.0
V002,Bharat Star,PARADIP,25.3178,87.8885,8.99,156.59,8.19,2.74,9,570.72,59.11
V007,Ocean Sapphire,VIZAG,14.5618,88.9828,12.74,125.57,31.38,0.77,3,701.39,45.13
V004,Steel Infinity,SMPK,17.8164,92.2893,9.37,296.06,12.36,3.07,8,671.0,68.65
V002,Bharat Star,HALDIA,23.2666,86.7088,14.95,241.64,12.15,4.11,4,196.85,12.22
V001,Ganga Glory,HALDIA,22.0296,85.9704,12.66,19.69,30.74,3.63,8,215.41,19.05
V006,Himalaya Dawn,PARADIP,13.3776,85.1318,9.34,182.12,33.54,3.6,7,788.01,93.54
V007,Ocean Sapphire,SMPK,19.1403,85.1857,13.74,180.38,12.15,3.26,3,498.43,30.94
V006,Himalaya Dawn,SMPK,15.7082,90.376,12.94,62.25,25.58,1.15,5,791.37,52.12
V006,Himalaya Dawn,SMPK,20.3944,92.4764,11.92,14.17,13.88,4.44,3,494.14,38.66
V005,Eastern Titan,VIZAG,21.4735,82.1811,10.23,63.89,21.51,2.54,10,436.16,44.02
V001,Ganga Glory,PARADIP,18.9701,84.9325,10.99,113.65,5.63,0.55,6,231.86,14.95
V004,Steel Infinity,PARADIP,20.1144,92.4998,13.44,39.31,8.36,2.53,7,613.91,39.94
V006,Himalaya Dawn,SMPK,24.1533,86.3329,10.28,235.52,13.58,0.67,11,268.52,22.58
V001,Ganga Glory,HALDIA,20.6475,86.3899,9.13,222.21,26.19,3.08,10,229.95,27.78
V004,Steel Infinity,HALDIA,19.7611,84.7603,14.65,162.08,25.9,1.97,5,424.29,26.21
V006,Himalaya Dawn,SMPK,23.1837,86.6094,10.64,295.5,5.04,3.61,3,186.99,14.61
V005,Eastern Titan,HALDIA,22.4167,92.2735,13.43,100.47,17.17,3.55,0,436.09,26.8
V007,Ocean Sapphire,PARADIP,17.8812,86.0221,12.0,356.76,22.75,0.54,11,278.36,21.36
V005,Eastern Titan,VIZAG,13.7485,87.1609,14.53,133.08,17.89,0.53,8,603.79,34.3
V002,Bharat Star,PARADIP,21.0167,91.331,13.52,27.45,26.64,3.8,8,496.19,40.51
V004,Steel Infinity,PARADIP,16.5125,86.2579,8.37,350.33,32.71,0.65,10,425.09,49.68
V003,Odisha Queen,VIZAG,15.5819,85.704,9.17,84.69,10.52,2.01,5,348.76,30.88
V004,Steel Infinity,VIZAG,14.5887,86.1419,14.44,314.85,29.09,1.28,5,460.79,28.14
V001,Ganga Glory,HALDIA,21.8366,90.4291,13.04,154.1,31.75,3.93,0,245.14,17.39
V006,Himalaya Dawn,VIZAG,19.1147,88.8817,12.58,133.86,33.59,0.86,0,611.85,37.39
V002,Bharat Star,SMPK,21.0911,84.4443,12.08,12.72,8.71,3.25,7,429.78,32.85
V005,Eastern Titan,VIZAG,24.0407,83.5482,15.0,96.8,29.03,2.68,10,706.71,51.61
V004,Steel Infinity,VIZAG,20.3657,85.0554,14.61,313.91,15.41,2.47,4,351.2,20.4
V005,Eastern Titan,SMPK,25.7725,89.419,8.88,134.18,13.24,2.13,1,375.87,31.71
V007,Ocean Sapphire,PARADIP,25.4491,83.4232,13.35,282.71,28.42,4.18,0,657.57,45.33
V003,Odisha Queen,HALDIA,18.977,90.9879,10.91,279.54,2.09,3.1,6,454.65,35.38
V002,Bharat Star,HALDIA,23.8024,85.3724,12.4,165.43,11.73,0.39,4,339.84,19.18
V004,Steel Infinity,HALDIA,21.942,93.4395,14.44,74.3,7.98,0.47,5,554.74,26.9
V006,Himalaya Dawn,PARADIP,17.2456,92.4019,11.25,291.02,25.66,3.02,5,698.0,60.13
V005,Eastern Titan,VIZAG,16.4478,84.8563,12.7,190.8,22.42,3.79,11,217.14,19.71
V002,Bharat Star,PARADIP,23.7668,86.1009,11.64,185.92,29.23,0.51,10,386.98,31.38
V005,Eastern Titan,VIZAG,15.9078,78.8233,8.02,333.48,10.91,3.26,11,514.11,66.14
V006,Himalaya Dawn,VIZAG,13.6633,86.3134,10.3,190.17,26.03,2.6,6,553.07,52.08
V007,Ocean Sapphire,HALDIA,20.9367,91.9466,9.52,158.42,5.54,3.63,11,419.49,44.92
V005,Eastern Titan,VIZAG,14.4946,86.8365,14.88,73.38,18.12,3.89,11,520.17,39.46
V003,Odisha Queen,SMPK,25.0796,89.9676,11.58,24.95,16.16,3.88,3,328.46,25.89
V002,Bharat Star,PARADIP,14.504,90.0791,10.24,12.03,3.6,0.39,12,743.49,57.38
V005,Eastern Titan,HALDIA,19.3794,88.5776,10.41,100.4,28.75,0.23,4,297.42,22.66
V005,Eastern Titan,HALDIA,24.1765,84.1585,10.09,4.36,9.41,1.04,7,466.1,36.19
V006,Himalaya Dawn,PARADIP,17.4758,82.1239,11.46,125.03,21.45,3.75,10,568.92,55.45
V007,Ocean Sapphire,VIZAG,19.144,76.3147,14.66,317.64,7.78,0.61,8,752.34,39.18
V007,Ocean Sapphire,HALDIA,25.5458,89.8753,12.71,267.69,8.02,1.98,7,434.37,28.58
V007,Ocean Sapphire,VIZAG,15.2376,88.8282,8.44,34.79,23.41,1.55,9,651.39,73.6
V004,Steel Infinity,SMPK,26.766,84.0556,12.42,139.81,11.44,3.18,6,635.29,46.75
V003,Odisha Queen,SMPK,27.2131,92.6592,9.58,50.96,10.79,2.24,2,679.73,54.15
V004,Steel Infinity,SMPK,21.1975,90.5853,8.19,247.87,12.19,3.61,4,279.68,30.66
V003,Odisha Queen,PARADIP,16.6197,81.7469,14.66,353.89,29.4,3.63,8,658.26,49.88
V003,Odisha Queen,SMPK,25.315,92.7458,11.89,215.99,23.39,2.15,5,546.46,41.38
V007,Ocean Sapphire,PARADIP,23.1464,89.6777,14.83,256.8,9.92,3.27,1,445.52,23.86
V001,Ganga Glory,SMPK,27.997,89.4522,10.84,237.19,8.28,1.01,11,616.64,48.4
V003,Odisha Queen,PARADIP,17.1073,85.9537,11.96,37.64,32.26,3.27,7,364.06,32.84
V007,Ocean Sapphire,HALDIA,24.8472,83.9053,10.57,102.07,19.57,0.86,3,528.34,37.76
V006,Himalaya Dawn,SMPK,27.6857,85.1155,13.67,246.97,9.56,1.93,0,654.82,33.37
V006,Himalaya Dawn,VIZAG,22.6929,81.0921,8.32,310.46,17.88,1.82,3,601.29,57.96
V002,Bharat Star,VIZAG,17.3925,81.1142,14.21,10.68,19.24,0.73,4,231.99,12.5
V007,Ocean Sapphire,VIZAG,13.0476,82.2566,10.96,99.74,3.74,3.69,0,527.73,36.6
V006,Himalaya Dawn,SMPK,22.4236,85.9458,15.0,236.21,9.04,2.81,2,242.28,12.69
V004,Steel Infinity,SMPK,24.4423,94.439,14.87,56.36,20.14,3.61,1,660.36,38.62
V005,Eastern Titan,HALDIA,22.2695,85.5837,13.75,30.35,14.66,2.56,6,256.67,16.7
V003,Odisha Queen,SMPK,25.2859,89.6086,12.33,52.71,9.47,0.75,11,332.02,22.65
V006,Himalaya Dawn,SMPK,23.6681,86.8203,14.43,113.79,7.61,2.21,11,195.85,12.65
V003,Odisha Queen,HALDIA,20.3929,90.5655,10.85,196.57,33.27,3.73,4,315.89,30.06
V002,Bharat Star,VIZAG,15.7766,79.3824,10.06,101.51,6.92,0.55,11,466.37,37.48
V004,Steel Infinity,SMPK,21.9739,90.603,8.6,18.68,19.89,1.74,12,245.5,28.82
V004,Steel Infinity,VIZAG,15.9712,79.8829,13.08,147.39,31.6,3.35,8,408.94,34.59
V004,Steel Infinity,HALDIA,17.7805,90.8522,10.11,310.2,6.11,1.78,5,553.5,42.18
V001,Ganga Glory,VIZAG,22.5686,81.6584,14.71,59.11,7.42,3.92,0,568.26,30.61
V002,Bharat Star,PARADIP,22.9687,82.8282,14.76,175.4,18.19,3.01,5,490.18,30.62
V005,Eastern Titan,HALDIA,20.7152,89.3851,8.42,64.11,8.77,3.22,12,198.89,24.48
V006,Himalaya Dawn,SMPK,27.042,92.0774,14.56,282.8,29.3,1.67,5,628.29,39.15
V005,Eastern Titan,VIZAG,17.6511,81.2879,13.46,337.52,24.28,4.11,5,211.1,16.12
V005,Eastern Titan,PARADIP,16.3624,83.9729,10.33,47.82,29.77,2.29,6,521.22,49.15
V005,Eastern Titan,PARADIP,23.8427,86.6861,13.89,8.53,12.93,2.78,7,391.77,25.96
V007,Ocean Sapphire,SMPK,21.7235,85.5309,13.63,79.15,17.13,4.37,7,299.65,23.13
V005,Eastern Titan,HALDIA,26.6952,83.3885,8.08,232.03,2.7,4.38,10,703.66,89.63
V003,Odisha Queen,SMPK,22.758,91.1007,9.91,162.74,29.76,1.74,8,288.32,28.7
V007,Ocean Sapphire,HALDIA,20.3039,86.3217,10.1,110.2,18.7,1.71,1,261.69,19.59
V007,Ocean Sapphire,PARADIP,21.6552,83.9999,11.22,145.55,34.98,0.48,12,309.89,28.39
V007,Ocean Sapphire,SMPK,20.1053,86.8497,12.56,90.28,29.97,3.43,6,310.57,25.91
V007,Ocean Sapphire,VIZAG,21.8382,83.5178,11.2,347.23,31.64,3.39,4,461.93,41.33
V005,Eastern Titan,VIZAG,16.0069,82.0836,12.71,11.99,11.27,0.4,3,226.36,12.1
V001,Ganga Glory,PARADIP,21.8751,83.7312,10.84,286.46,2.73,1.09,6,345.98,23.13
V001,Ganga Glory,PARADIP,22.8847,79.9008,14.89,319.59,26.98,3.7,2,750.8,47.38
V004,Steel Infinity,PARADIP,23.2823,84.7125,10.68,216.87,2.99,3.06,0,383.76,25.95
V001,Ganga Glory,PARADIP,16.6689,89.2934,8.72,16.66,26.19,3.09,6,494.23,56.8
V002,Bharat Star,HALDIA,19.8942,89.0117,14.15,234.23,33.47,3.1,4,255.18,17.95
V006,Himalaya Dawn,PARADIP,15.1604,85.1073,14.25,248.06,17.45,2.45,6,595.65,37.85
V006,Himalaya Dawn,VIZAG,12.7752,79.0228,10.97,5.4,34.66,2.07,11,712.12,72.5
V005,Eastern Titan,SMPK,23.0104,93.221,8.71,72.5,29.05,0.79,3,507.07,46.97
V005,Eastern Titan,PARADIP,18.2228,84.8701,14.59,47.29,10.58,0.97,10,296.84,17.2
V002,Bharat Star,SMPK,24.9244,94.1227,10.36,213.47,20.86,3.09,12,648.73,69.88
V002,Bharat Star,PARADIP,17.9179,86.9442,9.02,166.06,16.65,1.64,7,269.27,25.98
V007,Ocean Sapphire,PARADIP,17.8026,86.1359,10.87,232.87,8.79,0.34,4,284.51,17.77
V001,Ganga Glory,SMPK,19.8447,85.7794,12.59,231.66,10.36,3.42,10,398.45,32.15
V004,Steel Infinity,VIZAG,16.5482,86.8449,13.85,128.27,4.22,3.15,6,399.54,24.97
V001,Ganga Glory,SMPK,22.8819,90.0774,9.25,244.54,29.32,0.54,3,186.0,15.96
V007,Ocean Sapphire,SMPK,23.7812,93.396,14.43,115.47,15.27,3.64,11,538.6,40.71
V007,Ocean Sapphire,PARADIP,17.5082,88.5259,12.12,204.01,23.59,3.98,12,371.4,36.8
V003,Odisha Queen,VIZAG,21.4912,84.8443,8.95,73.46,7.54,1.05,8,453.31,40.06
V005,Eastern Titan,PARADIP,25.956,85.2561,14.96,38.12,13.16,2.53,2,642.01,34.06
V003,Odisha Queen,VIZAG,20.0429,87.5188,11.2,140.72,23.96,4.39,9,517.04,53.2
V002,Bharat Star,SMPK,20.8314,84.1033,8.25,161.71,5.92,2.37,8,473.82,49.92
V005,Eastern Titan,HALDIA,19.5485,89.076,8.35,137.86,23.98,3.61,0,293.38,30.4
V005,Eastern Titan,VIZAG,20.1984,76.9023,10.44,268.17,30.44,1.89,5,726.34,64.57
V004,Steel Infinity,PARADIP,26.1658,88.5592,10.18,55.88,18.58,3.21,9,679.51,69.04
V002,Bharat Star,SMPK,23.5563,91.4447,8.78,285.51,5.06,2.55,7,340.64,33.13
V006,Himalaya Dawn,PARADIP,23.8401,89.6138,8.4,312.59,9.61,4.49,11,498.32,65.9
V003,Odisha Queen,PARADIP,18.8405,88.8786,10.32,21.82,31.28,3.32,1,288.19,25.57
V003,Odisha Queen,SMPK,16.5431,86.1264,8.48,302.32,21.81,1.89,6,705.65,74.68
V001,Ganga Glory,PARADIP,18.2307,85.13,13.38,279.73,13.96,2.32,7,280.04,18.78
V002,Bharat Star,VIZAG,15.574,83.0427,13.46,354.75,8.63,4.01,7,236.65,17.11
V003,Odisha Queen,HALDIA,20.9438,85.1355,13.79,75.72,27.12,2.62,12,325.0,26.56
V001,Ganga Glory,VIZAG,21.2539,78.9048,10.46,282.14,16.35,1.45,8,606.07,50.81
V001,Ganga Glory,SMPK,21.5693,85.1526,10.7,51.58,16.61,3.02,2,342.19,26.91
V007,Ocean Sapphire,SMPK,21.8182,84.432,12.15,64.03,2.03,4.27,4,406.48,29.32
V002,Bharat Star,VIZAG,18.4577,86.8001,14.06,168.55,31.25,2.72,0,381.76,23.26
V002,Bharat Star,VIZAG,20.2631,89.6284,9.06,190.44,17.9,3.78,0,726.18,67.47
V002,Bharat Star,VIZAG,19.2913,86.6144,14.79,126.69,16.29,1.42,0,394.12,18.8
V003,Odisha Queen,SMPK,17.2958,85.9213,13.15,31.46,6.78,2.13,2,634.92,35.43
V006,Himalaya Dawn,VIZAG,12.4579,81.9483,14.59,296.14,30.38,0.33,0,599.08,29.67
V005,Eastern Titan,PARADIP,25.3593,87.7997,11.17,144.48,15.75,3.67,3,573.22,46.11
V005,Eastern Titan,VIZAG,19.6084,79.5853,11.87,163.57,15.25,2.42,10,443.85,36.64
V006,Himalaya Dawn,HALDIA,26.7209,92.2093,10.51,38.28,27.3,4.49,4,671.46,66.6
V002,Bharat Star,VIZAG,15.3046,84.797,12.31,287.24,13.57,2.18,2,310.66,19.57
V002,Bharat Star,PARADIP,22.4175,87.5645,11.82,70.72,8.78,4.15,0,252.9,17.39
V006,Himalaya Dawn,VIZAG,20.6178,87.0997,14.67,268.75,3.94,1.26,0,516.64,22.19
V001,Ganga Glory,VIZAG,20.8949,85.4077,13.92,307.38,20.98,0.59,5,420.53,23.83
V002,Bharat Star,PARADIP,22.2407,88.6739,13.34,122.63,31.78,1.44,5,301.49,20.53
V002,Bharat Star,PARADIP,21.6179,82.3726,12.31,87.32,2.73,3.03,3,464.0,29.55
V005,Eastern Titan,PARADIP,18.7257,83.0923,11.76,185.59,25.2,3.53,6,410.0,35.69
V005,Eastern Titan,SMPK,21.4965,89.7648,9.51,74.48,14.28,0.69,11,191.11,17.51
V007,Ocean Sapphire,VIZAG,21.4909,80.937,9.22,170.35,7.16,3.49,10,488.71,52.91
V003,Odisha Queen,HALDIA,22.6345,94.9213,8.0,138.62,25.54,0.82,10,709.11,83.3
V005,Eastern Titan,SMPK,18.7011,93.8684,13.03,343.69,15.13,1.13,7,720.25,45.69
V006,Himalaya Dawn,HALDIA,26.8892,88.26,12.92,359.28,4.11,3.63,7,542.92,38.6
V006,Himalaya Dawn,SMPK,19.5687,93.3729,12.75,100.93,24.67,3.51,1,622.0,43.39
V002,Bharat Star,SMPK,27.2992,88.4292,12.03,234.36,18.48,4.26,6,528.24,45.1
V004,Steel Infinity,PARADIP,26.9213,84.7308,11.08,257.95,8.75,0.52,7,758.81,51.06
V001,Ganga Glory,PARADIP,15.8308,85.4559,13.9,107.31,34.06,2.34,1,514.11,32.43
V002,Bharat Star,VIZAG,17.8978,81.3005,13.23,63.92,6.44,2.28,8,210.85,13.81
V002,Bharat Star,SMPK,28.0265,87.1603,12.19,240.17,9.35,1.05,12,619.63,44.78
V005,Eastern Titan,SMPK,17.3461,89.703,10.42,196.47,22.05,4.01,10,596.92,65.27
V004,Steel Infinity,SMPK,20.6244,93.31,12.52,125.19,21.87,3.53,10,560.46,49.43
V006,Himalaya Dawn,SMPK,23.4758,94.3097,11.83,301.84,27.85,2.34,8,623.57,53.42
V002,Bharat Star,SMPK,15.7563,86.8146,8.36,194.54,22.52,3.17,10,771.34,100.0
V003,Odisha Queen,PARADIP,25.2506,88.6506,11.35,332.94,18.51,1.98,8,586.41,47.89
V003,Odisha Queen,SMPK,24.0586,90.9901,9.58,221.19,4.23,3.11,12,321.88,33.42
V006,Himalaya Dawn,PARADIP,24.1243,92.1415,12.81,163.16,23.62,2.39,0,708.35,44.09
V001,Ganga Glory,SMPK,25.2905,90.0158,13.4,46.13,28.66,1.53,12,351.1,27.72
V005,Eastern Titan,HALDIA,28.7918,86.8274,11.71,142.3,5.42,3.57,0,764.17,49.78
V007,Ocean Sapphire,SMPK,26.4313,93.6459,9.86,34.7,18.85,3.12,12,691.86,77.37
V003,Odisha Queen,HALDIA,21.9258,82.3628,9.1,149.09,17.59,4.42,11,587.55,75.09
V002,Bharat Star,PARADIP,18.5651,81.3752,10.31,48.15,3.16,2.51,10,583.48,51.02
V001,Ganga Glory,SMPK,22.6054,95.4234,13.25,192.39,5.21,2.52,3,731.34,42.42
V003,Odisha Queen,SMPK,18.9197,91.8762,13.1,13.8,21.02,0.98,5,548.8,34.07
V001,Ganga Glory,HALDIA,24.0869,87.7214,12.54,232.59,27.55,0.3,3,233.53,14.33
V002,Bharat Star,VIZAG,21.876,83.7029,12.31,12.18,11.52,3.4,2,467.56,31.66
V007,Ocean Sapphire,SMPK,27.1667,91.5891,9.26,143.21,28.71,2.86,7,611.19,67.9
V002,Bharat Star,HALDIA,21.2834,91.0173,14.37,113.56,30.12,2.66,12,316.14,25.34
V007,Ocean Sapphire,PARADIP,20.8848,92.4178,12.18,290.92,9.31,3.51,9,606.68,49.39
V006,Himalaya Dawn,SMPK,20.041,94.9192,11.36,27.25,27.47,1.09,7,740.22,58.98
V004,Steel Infinity,PARADIP,24.8748,91.9138,8.14,83.25,32.39,2.41,1,742.69,79.52
V004,Steel Infinity,VIZAG,20.391,81.1363,10.36,196.82,9.07,3.2,5,375.45,31.78
V004,Steel Infinity,VIZAG,15.4377,85.6197,14.95,344.34,28.03,1.26,3,353.41,19.59
V006,Himalaya Dawn,HALDIA,27.8693,87.5062,13.5,261.98,18.01,3.73,8,653.91,50.43
V006,Himalaya Dawn,HALDIA,27.2497,90.2913,13.43,355.13,3.71,1.25,5,624.71,33.6
V004,Steel Infinity,SMPK,24.3723,94.4125,14.52,34.37,3.86,3.82,8,655.51,42.98
V006,Himalaya Dawn,VIZAG,19.3816,87.706,9.11,45.6,26.03,3.38,12,503.07,64.9
V007,Ocean Sapphire,SMPK,23.6295,94.379,9.28,249.5,11.04,2.62,12,633.23,68.83
V001,Ganga Glory,PARADIP,25.7749,83.2118,13.5,156.93,27.06,3.31,5,699.56,51.58
V007,Ocean Sapphire,PARADIP,18.8355,89.7367,12.3,338.56,15.28,1.96,11,365.86,28.84
V007,Ocean Sapphire,PARADIP,22.6526,82.9322,9.54,138.01,6.76,0.79,0,461.34,29.96
V005,Eastern Titan,PARADIP,20.9666,81.1709,9.79,16.23,10.09,1.01,11,571.52,50.43
V002,Bharat Star,VIZAG,22.5189,84.8803,13.44,75.14,2.83,2.71,12,562.33,39.96
V005,Eastern Titan,HALDIA,22.9289,92.8908,8.51,104.52,22.51,4.14,2,506.76,55.91
V002,Bharat Star,HALDIA,19.7527,81.8669,8.77,101.26,10.6,1.92,12,690.54,75.14
V005,Eastern Titan,VIZAG,21.2202,81.8146,14.93,225.38,13.72,1.85,7,421.53,24.41
V002,Bharat Star,VIZAG,13.3443,85.476,13.98,209.37,27.05,2.41,1,537.43,32.36
V005,Eastern Titan,PARADIP,25.6778,87.8485,9.93,259.29,9.57,4.02,5,608.88,57.09
V003,Odisha Queen,SMPK,19.6126,94.3833,12.14,98.94,11.7,4.01,1,710.54,49.45
V002,Bharat Star,HALDIA,17.6166,87.9523,13.52,116.41,25.66,2.65,5,488.66,34.19
V007,Ocean Sapphire,HALDIA,27.2086,91.9828,8.59,29.45,6.62,2.29,9,700.88,72.54
V007,Ocean Sapphire,VIZAG,13.079,79.8039,8.94,320.46,21.47,0.64,9,633.78,62.23
V003,Odisha Queen,VIZAG,23.686,84.7121,8.93,140.4,14.0,1.79,11,683.14,72.56
V001,Ganga Glory,HALDIA,20.4754,85.6436,8.68,18.74,33.92,1.68,3,303.03,30.99
V003,Odisha Queen,HALDIA,20.6048,91.2694,12.23,231.37,16.7,0.4,9,367.34,24.89
V006,Himalaya Dawn,PARADIP,17.4534,91.7704,8.49,225.24,10.02,1.38,2,628.58,52.51
V006,Himalaya Dawn,HALDIA,27.7692,90.0507,8.45,115.11,15.39,2.47,5,671.1,69.17
V004,Steel Infinity,HALDIA,22.9454,93.0779,13.78,146.44,24.51,0.51,12,525.93,36.36
V004,Steel Infinity,SMPK,21.8487,86.5723,12.13,176.54,31.44,1.33,4,194.21,14.03
V004,Steel Infinity,VIZAG,15.1609,87.6135,8.15,251.25,25.9,2.23,2,540.98,56.36
V004,Steel Infinity,HALDIA,24.7577,85.4186,12.35,343.99,19.38,2.95,0,407.44,26.55
V007,Ocean Sapphire,HALDIA,17.8969,83.3319,14.24,136.28,31.04,2.97,6,673.22,48.49
V006,Himalaya Dawn,HALDIA,23.8672,88.261,10.43,125.26,33.81,2.33,10,207.54,21.97
V004,Steel Infinity,HALDIA,27.8538,90.6609,9.81,110.72,30.57,2.23,5,700.66,67.88
V004,Steel Infinity,PARADIP,21.4829,88.941,9.87,6.52,15.29,3.2,3,273.58,24.05
V004,Steel Infinity,PARADIP,15.2089,89.87,10.46,104.46,24.11,0.56,7,664.33,53.9
V005,Eastern Titan,HALDIA,26.9724,88.4322,8.39,212.29,6.03,1.95,6,553.08,52.77
V003,Odisha Queen,PARADIP,17.4599,80.4231,11.36,346.83,11.51,3.61,4,725.27,57.04
V004,Steel Infinity,SMPK,25.283,93.3189,14.16,131.39,8.45,1.62,8,593.72,35.04
V002,Bharat Star,SMPK,20.6504,85.7052,8.56,43.33,6.55,1.99,8,341.43,33.8
V003,Odisha Queen,VIZAG,21.1575,81.4137,14.78,95.27,15.23,3.94,2,432.38,25.92
V004,Steel Infinity,PARADIP,23.3387,80.3649,12.21,190.33,8.09,4.02,2,727.56,50.62
V001,Ganga Glory,HALDIA,18.636,82.8643,11.13,285.99,10.71,1.63,9,658.88,51.62
V005,Eastern Titan,HALDIA,18.6892,87.3295,14.28,226.61,27.09,2.35,12,377.02,29.23
V006,Himalaya Dawn,PARADIP,25.3674,86.1017,11.04,243.82,2.54,2.15,6,563.75,40.41
V007,Ocean Sapphire,PARADIP,20.728,91.55,8.46,267.56,3.8,1.01,7,515.37,45.37
V002,Bharat Star,VIZAG,12.8399,87.5046,11.82,81.99,17.26,3.35,5,704.32,55.84
V001,Ganga Glory,PARADIP,21.4024,85.1313,8.36,208.97,10.09,2.03,2,195.99,17.52
V004,Steel Infinity,VIZAG,14.573,84.6358,13.7,273.31,15.45,2.33,8,375.63,25.51
V007,Ocean Sapphire,PARADIP,16.8875,86.7307,10.82,261.79,16.33,3.13,11,381.85,37.45
V003,Odisha Queen,HALDIA,25.6723,86.0478,11.91,145.52,7.43,4.39,11,455.74,41.64
V005,Eastern Titan,HALDIA,16.257,83.9419,12.85,69.02,24.49,1.56,10,772.11,59.14
V002,Bharat Star,PARADIP,26.8081,87.6002,14.1,16.07,7.34,1.95,2,728.32,37.53
V007,Ocean Sapphire,PARADIP,17.9511,87.1198,12.71,324.27,17.78,0.32,11,268.59,18.38
V001,Ganga Glory,SMPK,25.548,89.2457,9.79,329.28,34.6,3.16,9,346.91,40.42
V006,Himalaya Dawn,HALDIA,19.1046,88.3415,8.99,261.26,32.3,2.32,3,324.4,33.07
V004,Steel Infinity,PARADIP,17.7642,88.097,8.79,16.78,17.98,4.16,9,323.82,40.37
V002,Bharat Star,VIZAG,15.1212,81.78,14.36,16.66,16.66,2.31,11,327.39,22.91
V005,Eastern Titan,VIZAG,16.1353,84.9796,14.83,316.65,25.75,3.99,3,250.16,16.46
V007,Ocean Sapphire,PARADIP,24.1915,89.915,14.45,106.07,11.16,2.65,5,547.93,32.44
V004,Steel Infinity,PARADIP,16.4348,84.0913,13.18,133.2,18.11,1.03,12,507.74,36.36
V006,Himalaya Dawn,PARADIP,24.3413,82.8044,13.43,320.18,20.95,1.26,6,594.87,37.73
V001,Ganga Glory,VIZAG,15.787,82.4152,9.66,116.03,25.93,4.34,3,230.77,23.84
V002,Bharat Star,PARADIP,18.4891,92.6053,14.8,115.68,14.76,2.02,9,659.85,41.3
V004,Steel Infinity,PARADIP,22.5725,85.5151,9.88,192.96,27.99,3.59,10,275.33,32.1
V001,Ganga Glory,PARADIP,19.6168,93.1406,12.56,72.75,2.86,3.23,12,685.89,54.27
V006,Himalaya Dawn,PARADIP,24.1936,83.2717,14.84,325.75,9.94,3.74,1,551.53,30.5
V005,Eastern Titan,PARADIP,20.178,89.0377,14.24,142.68,5.05,1.01,2,252.71,11.71
V001,Ganga Glory,VIZAG,11.0316,81.98,14.08,198.77,29.39,2.35,10,753.49,57.49
V001,Ganga Glory,VIZAG,18.6229,86.7776,14.61,14.63,29.16,2.74,0,383.82,22.23
V007,Ocean Sapphire,HALDIA,25.8553,84.1852,12.11,352.25,11.17,3.92,6,581.22,46.03
V004,Steel Infinity,VIZAG,17.3546,86.6488,12.09,74.68,18.74,1.65,12,359.15,29.52
V007,Ocean Sapphire,HALDIA,18.7557,88.6225,12.3,81.44,10.84,0.63,2,366.58,20.01
V007,Ocean Sapphire,HALDIA,18.3002,85.6078,13.01,182.95,27.63,2.88,1,485.44,32.51
V006,Himalaya Dawn,PARADIP,14.1504,86.3016,9.98,62.75,19.73,1.73,4,686.86,57.08
V007,Ocean Sapphire,VIZAG,17.0872,79.36,8.11,89.98,23.54,4.38,2,421.32,49.81
V006,Himalaya Dawn,PARADIP,23.8887,82.7798,14.51,203.01,4.62,3.14,0,560.27,28.38
V002,Bharat Star,VIZAG,15.9116,85.7714,10.59,41.19,33.86,1.0,3,330.81,26.47
V002,Bharat Star,VIZAG,19.3953,77.7013,9.01,95.05,29.68,2.26,7,617.88,68.3
V005,Eastern Titan,VIZAG,13.0112,79.3284,12.84,212.95,4.96,0.61,12,670.88,42.66
V002,Bharat Star,VIZAG,17.6417,89.1788,8.47,133.49,20.55,3.55,4,624.99,69.73
V007,Ocean Sapphire,SMPK,20.5799,88.6238,8.39,201.0,34.71,3.88,0,221.61,24.77
V001,Ganga Glory,VIZAG,10.6813,85.1772,14.32,303.88,22.76,1.74,6,805.68,50.31
V001,Ganga Glory,VIZAG,18.2687,85.3174,12.92,258.2,25.59,2.94,3,224.89,15.89
V003,Odisha Queen,HALDIA,19.7871,89.2114,14.48,140.41,3.72,4.42,12,274.59,20.62
V007,Ocean Sapphire,PARADIP,24.8636,91.7615,12.69,217.0,12.0,0.51,11,730.5,48.45
V001,Ganga Glory,HALDIA,26.6962,89.5652,14.0,237.53,31.73,2.26,7,542.91,39.15
V001,Ganga Glory,VIZAG,13.7057,84.6996,12.94,349.33,2.05,3.26,0,468.36,26.34
V005,Eastern Titan,HALDIA,25.7162,90.9913,13.48,138.33,23.67,1.13,1,508.56,28.35
V005,Eastern Titan,PARADIP,23.5672,89.1469,14.59,314.8,24.38,2.96,7,445.28,30.74
V004,Steel Infinity,HALDIA,17.6224,92.0946,10.25,121.98,31.33,3.74,0,645.0,57.38
V006,Himalaya Dawn,PARADIP,22.2492,89.2321,12.8,332.31,21.89,4.14,9,345.33,30.24
V001,Ganga Glory,VIZAG,21.7094,78.6962,13.18,115.59,7.23,1.05,12,655.65,43.04
V007,Ocean Sapphire,VIZAG,11.615,84.2181,14.57,159.78,11.22,2.63,6,683.0,41.11
V001,Ganga Glory,PARADIP,20.2719,83.2692,10.97,213.13,31.08,1.36,0,349.49,24.91
V004,Steel Infinity,VIZAG,15.645,82.7894,8.8,68.6,2.12,1.86,4,233.32,19.37
V003,Odisha Queen,SMPK,21.516,94.0513,9.82,194.56,32.09,1.8,2,603.81,52.87
V007,Ocean Sapphire,SMPK,22.3656,92.7493,14.6,84.6,13.71,3.92,7,457.67,31.35
V004,Steel Infinity,HALDIA,25.1678,81.6509,9.11,175.46,4.06,4.1,9,741.35,81.05
V007,Ocean Sapphire,PARADIP,18.7361,80.7386,12.05,120.64,27.55,2.85,0,640.98,44.86
V007,Ocean Sapphire,VIZAG,13.3533,85.77,12.8,353.04,7.26,2.6,3,551.05,33.8
V007,Ocean Sapphire,PARADIP,21.5188,82.4103,9.46,73.91,3.65,0.36,9,457.09,35.57
V003,Odisha Queen,PARADIP,24.2605,82.1413,10.12,36.66,7.63,0.57,1,635.75,39.64
V007,Ocean Sapphire,PARADIP,26.4033,86.3228,11.51,237.56,14.11,0.46,11,677.11,50.21
V001,Ganga Glory,SMPK,27.4952,91.853,12.37,196.41,15.28,2.91,6,656.05,48.83
V005,Eastern Titan,HALDIA,19.5543,87.6695,10.9,243.91,23.41,4.38,8,276.06,28.39
V005,Eastern Titan,SMPK,24.2278,90.9299,13.73,253.96,18.16,2.18,5,326.86,20.71
V001,Ganga Glory,PARADIP,27.0783,84.5057,10.53,201.12,21.7,2.14,12,781.66,78.11
V002,Bharat Star,VIZAG,23.1668,79.0433,10.39,346.07,22.34,0.53,2,752.03,52.93
V004,Steel Infinity,HALDIA,24.6521,86.3889,8.52,242.96,19.06,0.27,10,339.73,34.12
V005,Eastern Titan,SMPK,22.4826,81.3856,14.22,200.73,9.46,2.19,7,710.22,42.92
V004,Steel Infinity,VIZAG,11.8792,85.6749,14.88,158.53,16.51,1.26,1,695.49,33.6
V006,Himalaya Dawn,HALDIA,25.37,87.1125,13.01,347.03,14.96,1.43,11,385.87,27.57
V005,Eastern Titan,SMPK,21.5581,82.2334,11.43,182.02,31.85,4.39,7,634.82,63.86
V001,Ganga Glory,VIZAG,15.3818,85.4817,10.95,313.12,21.08,1.15,3,347.77,24.81
V007,Ocean Sapphire,PARADIP,19.4148,80.2437,12.08,28.71,33.65,2.62,8,674.32,59.82
V004,Steel Infinity,PARADIP,24.1297,84.9394,9.66,92.74,26.79,2.55,6,457.56,46.02
V007,Ocean Sapphire,VIZAG,20.194,85.2206,9.09,309.28,19.9,3.31,4,345.21,35.18
V004,Steel Infinity,VIZAG,13.7089,78.9575,14.77,2.7,33.32,0.4,11,640.27,42.78
V005,Eastern Titan,SMPK,25.4521,89.8976,9.27,37.12,3.02,2.82,2,361.2,29.29
V006,Himalaya Dawn,HALDIA,21.7755,90.4647,9.74,231.41,31.45,4.43,2,249.47,25.8
V001,Ganga Glory,HALDIA,20.7003,86.216,8.71,288.58,19.31,3.29,0,240.15,22.68
V004,Steel Infinity,PARADIP,15.2683,87.8431,13.46,184.42,7.59,1.05,1,576.44,28.15
V006,Himalaya Dawn,SMPK,18.0023,87.6649,13.18,91.71,27.66,2.87,4,509.99,36.64
V004,Steel Infinity,PARADIP,22.0965,88.7002,10.58,97.46,33.03,3.53,0,292.43,25.16
V001,Ganga Glory,PARADIP,17.6753,85.9224,9.51,262.66,14.93,3.17,8,303.08,31.32
V007,Ocean Sapphire,SMPK,19.9524,82.7869,12.84,75.43,5.86,4.24,3,640.12,43.56
V007,Ocean Sapphire,PARADIP,22.7726,93.2917,11.8,358.08,17.77,2.75,0,741.84,49.38
V005,Eastern Titan,HALDIA,20.466,86.7147,8.58,322.63,2.23,1.87,1,221.16,17.35
V006,Himalaya Dawn,PARADIP,16.5497,87.6649,10.5,77.98,14.86,1.62,8,433.48,36.28
V003,Odisha Queen,VIZAG,16.307,85.4389,11.85,36.68,28.31,2.55,2,276.31,20.56
V006,Himalaya Dawn,PARADIP,23.1919,89.535,14.12,216.51,23.99,3.31,5,438.83,30.35
V007,Ocean Sapphire,VIZAG,13.3462,82.9767,9.09,343.65,9.39,3.83,8,484.1,52.72
V006,Himalaya Dawn,SMPK,17.2878,91.9667,10.96,330.78,33.4,1.87,3,699.4,57.2
V004,Steel Infinity,PARADIP,20.8306,91.3917,14.44,124.99,3.76,4.08,9,499.96,34.36
V003,Odisha Queen,SMPK,25.7197,81.8774,12.41,351.35,23.67,3.35,3,740.76,55.27
V002,Bharat Star,HALDIA,23.9513,85.1886,8.63,0.22,10.47,3.08,7,364.67,39.05
V003,Odisha Queen,SMPK,19.5617,88.007,11.22,38.89,9.87,1.81,3,333.67,22.42
V004,Steel Infinity,VIZAG,14.5793,78.715,13.65,67.98,21.35,1.84,1,597.76,34.08
V005,Eastern Titan,PARADIP,18.0704,81.3642,11.33,42.3,34.91,0.32,2,605.9,42.33
V002,Bharat Star,VIZAG,20.9548,82.0007,8.65,128.37,32.78,0.81,1,387.05,35.1
V002,Bharat Star,SMPK,24.6395,85.3977,14.65,178.01,24.55,3.91,8,376.06,28.16
V003,Odisha Queen,PARADIP,20.3243,84.366,14.78,337.38,14.0,1.54,4,235.03,12.46
V002,Bharat Star,HALDIA,22.7336,93.822,14.56,263.12,34.56,1.84,10,597.88,44.14
V005,Eastern Titan,VIZAG,15.511,77.1351,12.38,15.45,27.66,3.42,12,698.12,67.12
V003,Odisha Queen,PARADIP,26.3819,87.6247,8.34,256.57,23.69,0.73,0,681.8,57.88
V004,Steel Infinity,SMPK,24.5722,84.8559,12.63,180.88,25.05,1.32,2,416.85,26.14
V003,Odisha Queen,HALDIA,23.7196,91.0638,11.48,79.83,6.91,2.71,8,361.72,28.29
V001,Ganga Glory,HALDIA,19.65,91.9837,10.98,246.15,25.16,2.03,3,484.88,37.84
V002,Bharat Star,VIZAG,11.8183,81.5227,9.91,335.01,30.63,2.31,9,679.68,72.39
V002,Bharat Star,VIZAG,11.5007,80.7275,13.16,50.81,10.05,2.19,2,740.95,42.57
V005,Eastern Titan,HALDIA,21.7087,84.8496,9.3,294.79,15.59,2.49,2,332.99,28.83
V003,Odisha Queen,VIZAG,20.5793,86.8894,11.0,216.72,9.72,2.3,4,496.93,36.31
V004,Steel Infinity,PARADIP,16.6371,90.1305,14.27,217.83,12.58,2.86,0,552.0,29.51
V001,Ganga Glory,HALDIA,16.9591,84.3553,11.66,310.79,32.8,1.13,6,682.72,53.83
V007,Ocean Sapphire,PARADIP,25.8842,88.8064,8.27,160.88,11.08,1.21,7,657.83,64.09
V007,Ocean Sapphire,SMPK,21.0012,91.2915,8.93,175.46,24.04,3.27,1,353.65,34.55
V004,Steel Infinity,VIZAG,21.1288,88.1115,9.96,277.42,4.45,2.92,12,634.7,62.59
V005,Eastern Titan,SMPK,20.3645,89.6149,14.91,85.39,3.47,0.6,11,278.51,14.69
V007,Ocean Sapphire,PARADIP,18.6506,92.268,12.49,108.42,2.8,2.83,5,620.42,40.47
V003,Odisha Queen,HALDIA,20.4648,95.0633,9.92,152.96,13.45,1.82,0,745.81,53.51
V006,Himalaya Dawn,SMPK,25.3639,81.859,8.34,203.98,4.61,3.91,1,725.31,69.59
V006,Himalaya Dawn,SMPK,19.9941,87.4596,11.97,87.37,29.47,2.59,7,297.24,25.24
V006,Himalaya Dawn,VIZAG,18.1509,78.946,13.09,347.01,24.83,2.67,0,461.38,28.87
V003,Odisha Queen,SMPK,19.8396,88.3221,11.5,189.79,30.48,0.68,10,301.39,25.29
V007,Ocean Sapphire,VIZAG,16.4885,79.2146,13.87,315.88,31.96,1.16,0,452.26,25.31
V001,Ganga Glory,HALDIA,17.3516,88.1762,12.3,115.05,24.44,0.61,9,518.13,37.75
V006,Himalaya Dawn,HALDIA,26.195,86.646,11.66,222.85,20.11,4.37,0,486.97,36.97
V001,Ganga Glory,VIZAG,13.0142,85.6917,12.4,203.78,6.6,2.26,9,580.64,41.54
V001,Ganga Glory,HALDIA,20.2179,91.6202,14.21,310.63,14.7,1.86,7,419.61,25.75
V001,Ganga Glory,VIZAG,16.4237,84.7606,14.81,254.39,8.59,0.65,9,211.18,11.27
V002,Bharat Star,PARADIP,23.1465,91.1055,8.23,119.28,29.32,3.64,6,559.78,71.89
V001,Ganga Glory,HALDIA,25.1766,84.6758,12.49,116.38,27.38,2.02,0,492.8,31.48
V004,Steel Infinity,HALDIA,20.3656,91.2491,9.79,311.98,29.33,0.37,8,377.81,34.41
V005,Eastern Titan,PARADIP,24.9354,86.4423,8.42,87.72,14.98,1.64,8,513.54,53.71
V004,Steel Infinity,VIZAG,19.1093,79.127,8.35,242.93,16.33,4.26,7,465.71,57.99
V003,Odisha Queen,VIZAG,21.2769,83.6392,10.84,51.98,30.36,2.7,8,400.62,38.99
V001,Ganga Glory,VIZAG,17.2164,87.2563,13.4,132.87,2.47,2.6,0,425.06,22.02
V005,Eastern Titan,PARADIP,17.0374,88.4018,8.08,258.39,2.95,0.95,10,410.42,40.14
V001,Ganga Glory,HALDIA,23.1096,93.0503,10.9,43.3,15.16,2.38,8,526.78,45.02
V006,Himalaya Dawn,SMPK,21.2901,90.3322,12.12,223.11,8.82,0.72,0,252.13,13.05
V001,Ganga Glory,HALDIA,18.9705,84.3555,13.05,100.16,22.8,3.95,4,512.89,38.61
V004,Steel Infinity,SMPK,21.5363,85.2495,14.99,353.11,33.38,3.85,0,333.99,20.7
V001,Ganga Glory,VIZAG,19.0117,81.3855,14.32,188.93,23.03,3.99,5,248.14,17.55
V005,Eastern Titan,SMPK,25.7928,88.6383,12.03,129.22,10.94,0.47,7,362.21,22.78
V005,Eastern Titan,HALDIA,15.9845,91.3809,14.84,91.42,9.36,1.67,0,755.43,34.69
V003,Odisha Queen,VIZAG,13.5348,84.9507,8.48,130.11,32.05,0.98,7,495.45,54.19
V006,Himalaya Dawn,HALDIA,22.9676,83.1716,14.29,320.38,6.49,1.76,5,513.36,27.7
V003,Odisha Queen,PARADIP,21.1228,88.9804,8.39,212.34,15.42,3.45,2,261.21,26.74
V007,Ocean Sapphire,VIZAG,16.58,81.1604,10.0,316.34,34.19,4.28,5,256.82,28.25
V001,Ganga Glory,VIZAG,18.2972,80.8441,9.01,275.27,31.37,3.8,1,266.31,27.87
V001,Ganga Glory,SMPK,22.4784,81.2668,8.88,94.22,19.53,2.14,1,722.43,63.82
V007,Ocean Sapphire,VIZAG,11.3365,83.8866,12.67,125.6,25.15,0.64,7,709.48,48.17
V003,Odisha Queen,PARADIP,15.7912,83.8785,10.44,91.26,14.07,3.95,7,580.98,55.89
V001,Ganga Glory,HALDIA,26.7306,87.5977,14.41,239.85,2.52,1.23,5,526.99,26.1
V006,Himalaya Dawn,SMPK,22.3101,95.0007,9.78,235.9,27.04,3.36,6,689.17,72.2
V003,Odisha Queen,VIZAG,19.9521,80.0068,13.37,334.7,14.61,3.68,11,426.53,34.72
V004,Steel Infinity,HALDIA,19.1927,82.0779,9.24,84.48,31.82,2.23,4,696.9,70.39
V006,Himalaya Dawn,HALDIA,19.7033,83.4422,12.22,130.52,18.08,3.5,1,544.03,37.95
V006,Himalaya Dawn,VIZAG,12.3641,85.7358,8.35,260.36,19.45,2.45,5,648.23,69.45
V006,Himalaya Dawn,SMPK,15.7643,85.6553,10.15,234.31,13.31,1.44,7,803.98,66.19
V006,Himalaya Dawn,SMPK,19.7888,82.2328,10.16,236.73,13.14,2.47,9,699.93,65.17
V007,Ocean Sapphire,HALDIA,24.6761,88.8571,8.55,25.28,28.05,0.2,5,307.42,29.07
V002,Bharat Star,VIZAG,12.9256,79.0276,14.82,308.44,12.22,1.64,6,698.94,38.7
V004,Steel Infinity,VIZAG,18.0187,79.1061,9.66,290.19,34.61,0.35,3,443.26,37.35
V004,Steel Infinity,PARADIP,20.911,90.8633,14.34,262.65,6.14,2.04,0,446.47,21.3
V006,Himalaya Dawn,PARADIP,16.7599,84.0286,13.4,310.04,21.81,0.9,8,480.95,31.48
V006,Himalaya Dawn,PARADIP,18.1966,89.2825,8.92,275.25,26.42,3.06,0,365.86,34.82
V002,Bharat Star,HALDIA,20.9004,83.7668,12.05,124.02,16.68,2.18,6,461.09,33.81
V004,Steel Infinity,HALDIA,27.9013,89.4523,9.02,212.6,9.36,2.89,8,669.93,68.83
V001,Ganga Glory,PARADIP,18.1971,88.9523,13.62,138.67,10.26,1.33,1,340.08,17.18
V004,Steel Infinity,PARADIP,24.7397,84.5007,13.11,274.15,13.42,0.96,9,537.47,34.62
V006,Himalaya Dawn,PARADIP,18.8771,83.2647,10.54,81.74,10.58,1.89,8,386.35,31.82
V001,Ganga Glory,SMPK,26.1085,89.2225,13.74,12.75,25.97,1.48,8,406.58,27.93
V004,Steel Infinity,SMPK,23.6387,82.6848,14.01,165.23,15.77,3.84,3,586.91,38.06
V004,Steel Infinity,PARADIP,25.6506,83.5801,10.95,41.39,33.78,1.19,9,669.37,61.14
V002,Bharat Star,HALDIA,25.5553,83.8238,8.09,289.64,26.78,3.28,10,584.04,80.95
V007,Ocean Sapphire,PARADIP,17.8826,91.2891,9.23,280.85,16.5,2.91,11,560.42,63.53
V004,Steel Infinity,PARADIP,17.1424,91.496,13.46,183.28,23.12,1.64,0,623.2,34.93
V001,Ganga Glory,HALDIA,26.1893,91.3562,8.67,153.84,19.27,1.72,8,572.55,60.42
V002,Bharat Star,VIZAG,24.1236,80.5481,9.18,105.3,33.37,0.84,4,769.53,71.96
V003,Odisha Queen,SMPK,26.5991,86.8261,13.51,343.29,11.5,0.8,3,474.25,24.71
V003,Odisha Queen,PARADIP,18.9483,93.2437,9.76,238.25,2.67,0.3,4,710.2,46.56
V003,Odisha Queen,HALDIA,21.9006,83.2636,12.84,52.5,15.84,2.13,6,494.79,33.72
V003,Odisha Queen,HALDIA,20.256,87.375,9.17,249.67,3.26,2.41,5,207.57,17.92
V002,Bharat Star,VIZAG,18.7834,87.0747,8.47,204.91,4.21,0.82,8,418.78,37.24
V006,Himalaya Dawn,SMPK,25.6977,88.4598,12.27,96.21,5.09,3.89,1,350.39,22.89
V007,Ocean Sapphire,HALDIA,21.662,93.5294,8.43,350.18,11.36,3.52,10,565.82,69.12
V004,Steel Infinity,SMPK,21.5853,84.691,11.1,298.33,28.15,2.03,5,387.05,32.17
V004,Steel Infinity,PARADIP,15.8268,86.5907,12.45,321.81,18.14,1.3,3,499.63,31.02
V004,Steel Infinity,SMPK,27.0285,85.5559,11.14,124.72,20.16,2.78,10,569.79,53.17
V004,Steel Infinity,SMPK,24.5162,89.3724,12.49,175.85,8.14,3.12,12,244.44,20.05
V006,Himalaya Dawn,HALDIA,23.7194,90.2108,13.74,3.68,18.57,3.16,2,291.0,18.23
V001,Ganga Glory,VIZAG,17.283,81.0243,11.35,81.04,24.23,0.22,1,243.47,15.1
V007,Ocean Sapphire,SMPK,20.6423,85.9426,12.75,186.85,15.46,0.26,2,323.09,17.15
V002,Bharat Star,PARADIP,23.3449,85.6072,14.51,185.73,5.27,0.28,3,352.22,15.46
V003,Odisha Queen,PARADIP,25.9379,82.4086,11.05,150.18,29.26,2.84,9,758.58,74.29
V004,Steel Infinity,HALDIA,21.2949,85.431,11.02,145.93,6.29,3.48,11,283.1,26.05
V004,Steel Infinity,PARADIP,23.7919,83.0238,9.24,51.71,13.58,3.13,3,535.1,49.42
V004,Steel Infinity,VIZAG,16.5798,78.0072,11.0,183.86,7.36,2.98,4,573.69,43.3
V003,Odisha Queen,PARADIP,24.8537,86.7096,14.51,300.68,8.98,4.07,8,504.2,34.86
V006,Himalaya Dawn,VIZAG,19.2198,81.533,13.98,326.39,16.04,3.52,12,250.78,19.94
V001,Ganga Glory,HALDIA,26.1894,89.4259,12.17,5.1,21.66,4.45,5,484.96,41.16
V004,Steel Infinity,SMPK,23.986,95.0025,10.75,296.58,22.26,2.03,3,702.95,54.94
V001,Ganga Glory,HALDIA,20.2666,81.0136,11.1,41.31,24.56,2.77,6,755.98,66.14
V002,Bharat Star,VIZAG,14.4991,82.4321,13.82,97.08,10.66,3.22,1,366.19,21.08
V005,Eastern Titan,VIZAG,11.362,83.6967,10.07,253.79,30.65,4.08,4,705.06,72.67
V002,Bharat Star,HALDIA,18.5337,82.9953,11.0,95.13,29.87,0.62,0,654.49,43.76
V004,Steel Infinity,SMPK,16.0987,89.1947,14.7,112.94,6.25,1.02,10,723.46,40.29
V002,Bharat Star,PARADIP,17.7335,87.0983,8.58,153.53,11.92,4.34,0,291.97,28.57
V004,Steel Infinity,HALDIA,24.5859,82.7921,13.86,251.63,12.0,0.68,4,609.4,31.63
V003,Odisha Queen,SMPK,29.1096,89.3655,10.29,236.52,16.94,1.29,0,737.13,50.29
V007,Ocean Sapphire,SMPK,19.9287,83.8888,12.57,152.83,4.48,3.16,9,542.13,40.3
V007,Ocean Sapphire,VIZAG,16.0683,79.0715,8.18,59.09,27.73,3.38,4,482.72,57.72
V002,Bharat Star,HALDIA,23.9128,92.2916,14.37,290.34,8.23,4.11,0,482.11,27.07
V001,Ganga Glory,SMPK,24.605,87.9184,10.75,86.01,14.54,1.24,11,231.8,19.67
V003,Odisha Queen,SMPK,24.9503,91.1583,8.43,3.2,16.03,3.96,10,394.77,51.21
V002,Bharat Star,SMPK,26.1509,92.1533,10.07,54.31,6.96,0.69,9,559.11,43.39
V003,Odisha Queen,HALDIA,24.0139,84.7072,14.23,331.73,31.29,1.45,9,409.12,28.78
V002,Bharat Star,HALDIA,18.5525,94.3078,10.13,74.88,26.18,2.08,1,756.46,61.1
V007,Ocean Sapphire,PARADIP,18.6192,89.5652,10.23,25.55,33.01,1.24,6,362.06,32.83
V006,Himalaya Dawn,PARADIP,13.3399,87.1548,10.33,167.71,34.87,2.02,2,778.24,66.92
V007,Ocean Sapphire,VIZAG,18.3758,87.1108,12.41,166.46,34.9,1.03,2,412.14,27.63
V001,Ganga Glory,PARADIP,17.2227,91.6936,9.47,82.44,14.51,2.08,9,635.46,62.32
V006,Himalaya Dawn,PARADIP,21.5999,93.6826,13.7,134.84,24.39,0.96,10,746.96,51.32
V005,Eastern Titan,VIZAG,20.2496,82.0871,8.45,348.68,13.82,2.31,6,311.02,32.14
V005,Eastern Titan,SMPK,22.3078,92.5224,8.38,333.97,20.55,4.12,1,434.81,46.73
V002,Bharat Star,SMPK,20.3232,82.6665,14.83,67.26,13.67,3.83,1,633.4,36.15
V006,Himalaya Dawn,VIZAG,14.2465,85.2268,10.33,347.91,24.59,3.16,12,435.79,48.44
V006,Himalaya Dawn,SMPK,27.2421,88.5252,13.13,172.99,22.1,3.71,10,522.23,44.49
V005,Eastern Titan,HALDIA,19.2193,94.5881,13.77,282.7,23.4,2.22,8,746.8,52.93
V002,Bharat Star,HALDIA,21.0686,84.6343,11.87,309.07,18.96,1.72,8,369.45,28.42
V002,Bharat Star,SMPK,18.8869,89.1888,9.05,175.17,9.72,0.95,4,417.68,33.31
V003,Odisha Queen,VIZAG,19.5597,85.4179,14.76,339.77,26.74,3.42,12,306.53,24.58
V005,Eastern Titan,VIZAG,19.9928,87.782,13.41,63.36,8.33,3.72,1,538.49,32.53
V004,Steel Infinity,PARADIP,17.5802,82.94,12.51,82.46,11.66,2.76,12,492.49,40.31
V001,Ganga Glory,HALDIA,20.7687,91.1018,9.6,12.37,29.69,1.06,7,343.84,32.85
V006,Himalaya Dawn,PARADIP,16.6886,89.5029,14.43,203.72,23.2,2.66,11,505.39,37.71
V001,Ganga Glory,PARADIP,19.1316,84.5417,10.12,29.04,19.49,1.28,7,254.52,21.76
V005,Eastern Titan,HALDIA,23.1538,90.4313,8.41,341.56,20.28,2.76,8,274.67,32.38
V003,Odisha Queen,HALDIA,17.4953,93.6297,12.85,300.91,33.3,1.83,3,769.09,53.44
V007,Ocean Sapphire,SMPK,21.9097,85.6398,12.28,11.72,5.18,2.7,9,282.92,20.91
V003,Odisha Queen,VIZAG,14.2029,80.8077,10.06,271.16,13.73,4.34,8,469.24,49.12
V001,Ganga Glory,VIZAG,20.4448,83.5079,9.81,53.17,32.51,2.18,7,307.26,31.6
V002,Bharat Star,SMPK,26.274,85.263,12.87,219.95,32.58,1.51,7,515.73,38.7
V004,Steel Infinity,PARADIP,15.9481,84.7414,12.22,122.47,19.72,3.3,8,525.08,43.99
V006,Himalaya Dawn,SMPK,27.6657,84.8738,8.17,56.98,22.94,1.03,4,665.17,65.66
V003,Odisha Queen,VIZAG,19.2904,85.6518,11.83,12.16,12.36,1.45,2,306.95,18.87
V001,Ganga Glory,VIZAG,16.151,85.7636,10.83,11.08,19.49,2.73,7,314.78,27.91
V006,Himalaya Dawn,HALDIA,20.8102,84.6229,14.73,307.9,21.81,3.14,12,379.99,29.06
V003,Odisha Queen,VIZAG,13.4616,82.194,14.61,179.45,15.27,3.64,0,484.34,27.18
V001,Ganga Glory,PARADIP,18.2063,87.5672,8.88,122.87,34.18,1.93,5,255.2,27.41
V007,Ocean Sapphire,PARADIP,15.6565,90.0353,14.1,74.95,27.26,1.62,5,631.87,39.96
V001,Ganga Glory,PARADIP,23.3475,86.3448,14.77,181.12,14.73,1.57,6,337.84,19.03
V002,Bharat Star,PARADIP,18.4574,83.4433,10.82,297.4,25.62,2.39,6,392.31,34.58
V004,Steel Infinity,HALDIA,22.5112,92.5735,8.56,322.18,11.79,3.22,1,467.79,43.8
V007,Ocean Sapphire,PARADIP,18.1179,86.913,10.86,81.52,3.58,3.24,1,246.79,17.2
V004,Steel Infinity,VIZAG,15.8596,80.6415,13.83,151.37,7.82,0.9,7,346.88,19.16
V001,Ganga Glory,PARADIP,21.3364,82.7538,13.84,282.12,25.1,0.46,12,417.38,28.74
V007,Ocean Sapphire,HALDIA,20.1007,89.5006,14.51,74.33,17.13,2.37,1,259.65,14.03
V007,Ocean Sapphire,HALDIA,25.5996,81.8066,8.62,11.85,9.84,3.86,7,750.85,84.6
V005,Eastern Titan,HALDIA,19.6964,89.2208,8.39,5.49,3.22,1.21,11,284.13,28.07
V007,Ocean Sapphire,PARADIP,26.537,89.7548,11.31,87.1,26.08,2.82,12,761.59,76.36
V007,Ocean Sapphire,VIZAG,20.1411,81.6798,11.68,85.58,7.77,0.33,12,320.33,22.4
V004,Steel Infinity,PARADIP,21.2383,88.2709,10.48,153.34,34.54,2.68,7,199.71,20.11
V002,Bharat Star,HALDIA,24.1099,85.381,13.66,285.4,6.3,1.23,0,360.04,16.9
V005,Eastern Titan,HALDIA,23.2005,83.1964,13.45,136.54,18.1,2.5,12,516.48,40.4
V006,Himalaya Dawn,VIZAG,20.2656,80.3842,8.34,156.55,3.52,4.03,1,417.99,40.13
V005,Eastern Titan,VIZAG,11.9944,83.3442,14.99,310.57,28.67,1.58,12,633.36,44.86
V005,Eastern Titan,PARADIP,22.0977,86.6861,11.14,215.92,12.74,2.51,7,197.79,16.01
V004,Steel Infinity,SMPK,19.0685,91.8435,13.79,185.78,25.95,3.28,6,534.28,39.24
V001,Ganga Glory,HALDIA,20.2767,83.9016,9.67,219.05,33.71,3.1,12,472.34,59.13
V007,Ocean Sapphire,HALDIA,26.8833,83.7293,11.82,135.69,16.53,3.55,8,696.86,60.06
V002,Bharat Star,PARADIP,15.9913,82.0378,13.47,85.68,29.66,4.08,1,682.58,48.1
V001,Ganga Glory,SMPK,26.5551,84.4919,9.63,132.03,33.43,3.97,1,588.7,58.92
V004,Steel Infinity,HALDIA,21.6323,85.0256,13.77,188.14,12.38,1.18,10,316.04,20.03
V004,Steel Infinity,SMPK,25.4425,93.37,12.94,84.37,33.26,3.14,12,607.12,56.81
V004,Steel Infinity,PARADIP,24.1647,87.6173,13.83,229.64,34.36,1.88,12,439.65,35.8
V001,Ganga Glory,SMPK,21.9021,95.4486,14.14,29.73,34.87,2.28,5,739.28,51.25
V001,Ganga Glory,HALDIA,18.6523,89.411,10.2,254.09,7.62,1.15,9,399.04,31.99
V001,Ganga Glory,VIZAG,23.2042,84.6337,11.98,358.22,2.25,0.87,12,629.15,42.83
V001,Ganga Glory,HALDIA,16.4245,92.0128,9.17,254.32,24.11,2.77,9,746.86,84.87
V002,Bharat Star,SMPK,25.0793,85.1953,12.95,257.94,24.38,3.99,1,422.87,29.86
V002,Bharat Star,PARADIP,19.7925,91.7025,9.75,234.93,19.12,2.32,12,534.09,57.32
V006,Himalaya Dawn,SMPK,27.5288,85.006,8.51,103.01,28.83,2.31,12,645.37,84.68
V007,Ocean Sapphire,PARADIP,18.5623,92.6448,9.54,243.84,5.36,3.92,6,661.21,63.9
V006,Himalaya Dawn,VIZAG,15.2363,83.9324,12.47,21.63,30.18,0.35,7,281.57,19.74
V002,Bharat Star,HALDIA,23.2433,90.3737,13.23,69.4,4.57,0.71,6,274.22,14.76
V006,Himalaya Dawn,VIZAG,21.2193,82.9185,12.97,61.7,6.35,4.0,4,394.26,26.93
V006,Himalaya Dawn,SMPK,27.0184,93.5085,11.4,307.7,29.24,1.04,0,723.25,47.88
V002,Bharat Star,VIZAG,20.574,82.4635,9.16,149.52,14.34,3.23,12,331.96,39.07
V003,Odisha Queen,HALDIA,20.7624,82.3503,8.35,254.56,8.31,3.96,1,607.19,59.88
V007,Ocean Sapphire,SMPK,26.4296,88.2567,8.48,114.8,24.74,1.24,3,431.42,41.1
V001,Ganga Glory,PARADIP,24.7615,92.319,14.13,314.72,23.67,4.16,8,765.61,60.02
V007,Ocean Sapphire,PARADIP,17.0122,89.9362,14.17,345.08,23.82,2.33,0,507.23,28.47
V004,Steel Infinity,PARADIP,17.6214,85.2949,12.96,80.93,20.42,4.15,2,330.84,23.69
V007,Ocean Sapphire,HALDIA,17.3791,84.7917,10.59,238.45,19.45,1.16,5,618.17,47.55
V001,Ganga Glory,HALDIA,21.9462,89.9131,13.22,342.66,7.48,2.33,3,191.21,11.15
V007,Ocean Sapphire,HALDIA,21.7355,90.6495,8.88,141.16,25.07,2.05,5,268.95,27.41
V004,Steel Infinity,SMPK,20.468,88.1159,10.92,316.52,11.86,2.65,9,232.29,20.21
V001,Ganga Glory,VIZAG,17.4162,86.3218,14.32,63.0,19.36,4.15,8,323.91,24.39
V007,Ocean Sapphire,SMPK,19.8962,83.3113,12.56,183.15,21.38,1.71,7,595.3,42.92
V007,Ocean Sapphire,VIZAG,12.9859,87.3584,10.0,3.81,17.14,3.69,4,681.71,63.58
V001,Ganga Glory,HALDIA,15.8646,86.6397,11.84,56.06,22.79,0.7,0,699.45,41.45
V006,Himalaya Dawn,VIZAG,19.7179,84.3726,8.39,67.93,20.16,1.49,0,253.15,22.03
V007,Ocean Sapphire,HALDIA,27.7545,86.9788,11.31,0.37,15.34,3.74,9,647.99,60.08
V004,Steel Infinity,VIZAG,15.7375,90.2815,14.2,307.73,4.0,1.05,7,776.52,40.95
V002,Bharat Star,HALDIA,24.7574,89.176,11.52,156.72,31.77,2.88,0,326.03,24.56
V002,Bharat Star,SMPK,19.1425,93.4158,9.75,23.97,24.37,1.01,1,652.72,50.11
V002,Bharat Star,PARADIP,18.1372,82.4568,10.25,209.9,12.79,2.71,9,499.93,46.83
V005,Eastern Titan,SMPK,20.2192,82.1299,10.56,147.83,14.38,2.67,10,689.33,64.72
V007,Ocean Sapphire,VIZAG,20.3591,84.294,10.73,241.38,12.06,4.48,9,315.35,31.66
V004,Steel Infinity,HALDIA,25.7755,89.7003,11.07,260.29,13.09,3.32,11,450.68,42.8
V001,Ganga Glory,VIZAG,21.9169,87.1425,11.21,318.06,11.45,3.2,2,619.75,45.44
V005,Eastern Titan,PARADIP,24.6586,92.071,8.54,190.18,4.54,3.66,9,738.99,83.87
V004,Steel Infinity,HALDIA,24.9202,89.0751,9.73,119.68,5.63,3.35,11,339.76,34.92
V005,Eastern Titan,SMPK,22.8129,94.5594,14.13,101.48,22.09,0.3,5,642.8,35.37
V005,Eastern Titan,SMPK,27.8683,91.4824,8.09,222.6,33.05,0.95,4,672.38,71.72
V004,Steel Infinity,VIZAG,21.0735,82.0673,13.28,165.29,29.82,0.46,11,397.14,28.89
V001,Ganga Glory,PARADIP,16.7034,91.4483,11.89,255.58,33.63,0.73,11,648.67,55.29
V001,Ganga Glory,SMPK,24.5248,82.9919,9.23,260.43,22.72,2.47,3,583.92,54.96
V002,Bharat Star,VIZAG,18.8286,81.1786,13.35,239.06,26.84,2.79,10,255.47,20.81
V006,Himalaya Dawn,HALDIA,19.5419,89.3886,10.5,210.17,11.29,3.54,5,307.23,26.68
V007,Ocean Sapphire,VIZAG,13.825,85.3483,10.4,318.36,15.9,1.85,7,483.4,40.86
V001,Ganga Glory,VIZAG,21.6065,88.7507,10.18,338.23,21.69,0.67,0,719.48,49.06
V005,Eastern Titan,VIZAG,22.9488,83.8373,8.81,39.28,2.77,1.72,12,587.63,58.83
V004,Steel Infinity,VIZAG,22.1904,78.2061,9.76,267.41,3.99,3.35,11,729.03,73.85
V001,Ganga Glory,VIZAG,12.3812,85.7849,11.04,85.69,9.69,0.65,11,648.66,49.08
V007,Ocean Sapphire,PARADIP,17.4871,83.0915,14.15,213.25,32.09,0.44,2,486.79,26.91
V004,Steel Infinity,VIZAG,11.3347,86.7071,14.01,213.7,22.49,3.15,1,797.07,48.77
V005,Eastern Titan,VIZAG,15.835,82.7721,10.85,104.22,31.92,1.31,11,213.23,20.49
V004,Steel Infinity,SMPK,25.4138,91.7663,10.06,47.77,27.12,3.72,2,474.73,44.43
V003,Odisha Queen,SMPK,20.3697,84.297,12.39,211.21,19.55,4.17,1,479.94,34.77
V001,Ganga Glory,PARADIP,20.3996,82.7105,14.35,97.29,25.2,3.73,10,407.64,32.45
V006,Himalaya Dawn,HALDIA,23.4336,90.6273,14.01,46.06,23.95,1.63,11,307.22,22.11
V003,Odisha Queen,VIZAG,15.7151,87.9895,8.46,337.72,7.99,3.0,2,547.51,51.19
V005,Eastern Titan,PARADIP,21.9454,85.3356,9.15,21.53,28.59,1.99,12,224.52,26.79
V002,Bharat Star,VIZAG,15.4714,80.3289,13.47,144.97,16.79,0.36,11,399.69,25.68
V003,Odisha Queen,HALDIA,19.3273,86.7959,11.67,345.81,26.86,2.35,0,326.0,22.71
V004,Steel Infinity,PARADIP,19.657,88.6282,9.79,277.63,19.4,1.82,9,222.42,21.45
V002,Bharat Star,VIZAG,18.6801,86.3161,13.09,317.68,10.78,1.02,12,339.1,23.04
V006,Himalaya Dawn,HALDIA,26.9446,87.4244,9.33,322.18,3.84,1.57,4,552.45,42.86
V007,Ocean Sapphire,PARADIP,20.8029,80.696,9.72,264.03,12.92,2.22,12,619.05,63.25
V005,Eastern Titan,HALDIA,27.3883,89.5772,9.51,183.59,27.37,1.44,12,617.35,67.64
V004,Steel Infinity,HALDIA,19.5078,87.3266,10.07,301.31,13.44,1.78,12,288.49,27.64
V004,Steel Infinity,HALDIA,17.6595,91.8,8.77,36.92,23.67,2.08,5,622.05,63.71
V002,Bharat Star,PARADIP,18.4583,86.667,10.07,177.7,14.25,1.41,1,207.07,14.69
V006,Himalaya Dawn,VIZAG,12.1608,80.3089,13.81,64.91,28.27,3.76,8,692.68,55.77
V006,Himalaya Dawn,PARADIP,17.7072,84.2098,13.15,51.46,14.78,3.57,9,385.47,30.28
V003,Odisha Queen,VIZAG,16.2033,79.9746,12.95,4.26,17.83,1.91,8,388.49,27.54
V002,Bharat Star,PARADIP,22.4758,81.0555,12.01,211.49,28.64,3.04,1,623.91,45.99
V004,Steel Infinity,PARADIP,20.2895,80.9074,12.83,91.46,32.59,4.29,12,595.72,59.9
V002,Bharat Star,SMPK,27.5863,92.7486,9.15,14.19,31.13,2.69,5,717.04,77.01
V002,Bharat Star,PARADIP,16.4984,81.7753,13.77,106.17,29.78,2.76,4,664.6,45.99
V006,Himalaya Dawn,PARADIP,25.3915,91.1193,12.13,73.72,12.95,0.22,10,728.23,48.58
V006,Himalaya Dawn,VIZAG,11.8772,84.4488,13.1,74.19,12.19,0.83,2,658.44,34.69
V002,Bharat Star,PARADIP,20.8466,89.3564,13.73,192.44,29.26,2.95,2,290.8,19.27
V003,Odisha Queen,HALDIA,22.6797,86.2179,11.1,65.92,3.9,0.39,5,203.56,12.28
V006,Himalaya Dawn,VIZAG,20.1803,84.4755,14.58,176.8,28.1,1.8,7,304.11,19.93
V006,Himalaya Dawn,HALDIA,24.0841,90.2818,11.71,101.65,22.51,1.54,0,323.82,20.62
V005,Eastern Titan,HALDIA,21.372,95.1973,12.29,86.57,4.24,4.04,6,740.77,55.61
V006,Himalaya Dawn,SMPK,22.8388,90.2361,10.33,130.63,32.73,4.16,8,201.19,22.75
V004,Steel Infinity,SMPK,22.6146,85.2318,12.86,234.74,32.77,2.05,6,315.09,23.95
V006,Himalaya Dawn,VIZAG,16.2454,78.4662,14.33,37.85,13.78,3.6,10,536.55,39.42
V003,Odisha Queen,PARADIP,20.5702,91.6754,11.77,120.77,24.91,0.95,11,527.44,43.29
V002,Bharat Star,SMPK,22.8539,84.251,10.74,11.19,28.15,2.36,5,416.71,36.59
V003,Odisha Queen,PARADIP,20.1112,80.8956,8.88,90.46,18.32,2.75,8,597.74,65.81
V007,Ocean Sapphire,SMPK,21.936,94.3487,11.61,345.99,19.98,3.16,7,626.22,53.49
V001,Ganga Glory,SMPK,22.2265,86.2646,8.78,182.48,11.88,1.72,6,212.33,19.91
V005,Eastern Titan,PARADIP,19.4479,88.6378,8.17,7.03,23.24,2.11,9,232.2,28.16
V005,Eastern Titan,SMPK,26.6255,88.441,11.03,5.95,25.24,3.02,9,453.4,43.86
V007,Ocean Sapphire,SMPK,21.1813,84.5618,9.71,162.37,8.8,1.68,1,414.68,29.87
V001,Ganga Glory,SMPK,24.2573,82.4437,9.41,319.33,6.82,2.59,2,626.98,50.67
V006,Himalaya Dawn,PARADIP,15.2876,81.5624,8.27,178.91,26.41,2.72,6,774.31,91.75
V001,Ganga Glory,PARADIP,23.866,87.4543,10.55,306.15,21.97,3.44,12,403.56,43.98
V007,Ocean Sapphire,PARADIP,16.8878,86.814,9.62,8.54,17.21,2.59,4,382.19,34.41
V001,Ganga Glory,VIZAG,21.4978,80.0233,11.36,332.91,11.0,0.94,11,543.69,41.45
V005,Eastern Titan,PARADIP,14.6249,84.8266,8.68,324.0,28.2,1.89,6,661.19,71.45
V007,Ocean Sapphire,SMPK,20.9811,89.8589,8.0,158.11,5.75,0.37,7,237.37,21.25
V006,Himalaya Dawn,PARADIP,22.7518,81.858,12.13,345.1,19.71,0.67,0,561.83,31.64
V004,Steel Infinity,PARADIP,22.8554,85.8301,13.01,30.92,33.74,4.4,7,293.51,26.23
V001,Ganga Glory,VIZAG,23.7577,87.0642,9.03,56.29,32.17,0.8,6,780.95,77.34
V003,Odisha Queen,SMPK,23.5732,92.0067,14.21,277.25,20.31,0.49,5,395.91,21.68
V006,Himalaya Dawn,HALDIA,21.012,91.1279,13.42,215.37,9.66,2.63,2,336.2,19.52
V004,Steel Infinity,PARADIP,20.4232,82.5132,11.51,225.43,8.65,0.56,11,428.23,30.57
V003,Odisha Queen,HALDIA,19.804,84.3539,12.43,215.26,7.53,3.4,8,456.44,34.82
V006,Himalaya Dawn,SMPK,20.5662,89.3077,12.41,164.34,24.92,2.89,5,243.96,18.8
V007,Ocean Sapphire,PARADIP,14.9659,84.2449,14.42,327.61,16.41,4.2,7,646.31,46.45
V002,Bharat Star,SMPK,24.7723,89.3247,8.87,280.77,32.35,4.08,7,268.24,34.26
V007,Ocean Sapphire,HALDIA,18.6725,88.1173,10.83,128.18,14.79,0.69,12,371.16,30.66
V006,Himalaya Dawn,HALDIA,24.4014,91.3471,8.39,310.64,2.13,2.54,6,428.41,41.55
V006,Himalaya Dawn,VIZAG,18.1687,77.2628,9.27,325.91,22.67,3.5,5,638.78,67.54
V001,Ganga Glory,VIZAG,18.3854,85.7069,11.3,165.63,11.68,3.45,9,267.99,23.81
V002,Bharat Star,VIZAG,17.1319,77.7302,14.58,235.2,5.77,4.42,12,592.07,44.78
V007,Ocean Sapphire,VIZAG,14.6265,86.8159,10.38,71.52,23.13,3.11,0,508.54,40.85
V005,Eastern Titan,HALDIA,14.8734,88.0476,9.8,213.11,20.01,2.47,5,793.55,72.84
V006,Himalaya Dawn,HALDIA,18.3225,85.5379,9.98,213.53,24.54,2.66,3,487.23,43.47
V006,Himalaya Dawn,VIZAG,14.5831,82.8779,14.77,317.21,15.5,1.6,9,348.14,21.27
V002,Bharat Star,SMPK,23.7407,86.6661,12.81,189.13,27.55,0.78,10,213.16,15.83
V001,Ganga Glory,SMPK,26.877,89.6298,14.27,104.76,9.66,2.38,9,499.52,32.08
V007,Ocean Sapphire,HALDIA,24.251,82.8056,10.24,276.49,7.82,3.13,1,592.2,44.79
V005,Eastern Titan,SMPK,16.4046,86.4555,9.6,0.63,26.96,4.08,0,710.14,67.1
V004,Steel Infinity,VIZAG,18.9151,78.3329,10.47,188.83,10.46,3.38,8,539.71,49.86
V006,Himalaya Dawn,SMPK,20.4835,92.6396,13.89,201.54,17.03,2.19,11,504.26,36.27
V006,Himalaya Dawn,HALDIA,25.9703,89.1434,11.61,270.45,32.36,1.34,12,453.91,41.89
V003,Odisha Queen,VIZAG,17.8288,81.1269,10.46,97.52,32.4,4.19,2,228.52,21.82
V002,Bharat Star,SMPK,16.7478,89.0782,12.09,234.15,14.87,2.77,9,650.29,52.66
V002,Bharat Star,VIZAG,14.6801,88.5565,8.36,297.89,18.75,2.59,7,655.29,74.17
V006,Himalaya Dawn,PARADIP,23.5862,82.5281,9.93,307.76,18.66,0.2,1,556.7,37.67
V005,Eastern Titan,HALDIA,16.4361,90.5134,13.51,180.72,12.37,3.55,11,671.14,52.82
V001,Ganga Glory,SMPK,17.8674,88.7281,13.56,279.57,22.69,4.08,5,522.59,39.17
V003,Odisha Queen,VIZAG,17.564,90.0952,8.75,217.48,16.73,2.7,2,722.33,67.99
V003,Odisha Queen,HALDIA,23.955,93.1694,12.01,186.43,28.59,4.41,7,565.93,53.24
V004,Steel Infinity,SMPK,20.9608,91.7839,13.67,346.84,11.6,1.31,9,400.83,25.1
V002,Bharat Star,HALDIA,21.1501,94.3361,8.59,222.82,10.09,3.66,4,655.91,67.82
V002,Bharat Star,VIZAG,21.2835,81.5299,12.34,273.15,20.47,2.13,9,439.67,34.67
V001,Ganga Glory,SMPK,20.5411,84.8227,11.59,244.37,14.96,2.56,0,423.34,27.75
V004,Steel Infinity,PARADIP,19.7828,88.5584,11.89,181.74,25.94,3.05,12,211.1,20.42
V002,Bharat Star,VIZAG,16.1361,87.4109,14.26,73.31,33.86,2.18,2,472.19,29.54
V005,Eastern Titan,PARADIP,26.1007,87.6846,14.75,328.13,26.71,3.73,9,651.91,49.77
V006,Himalaya Dawn,SMPK,22.6526,82.2189,14.19,21.33,26.08,1.63,5,624.31,38.95
V005,Eastern Titan,VIZAG,18.5374,81.1823,14.35,310.04,22.85,4.19,0,240.89,14.95
V006,Himalaya Dawn,SMPK,23.0671,90.5023,12.27,179.63,10.97,1.36,2,232.94,13.56
V003,Odisha Queen,PARADIP,26.0997,85.3952,9.18,354.47,5.1,2.98,9,654.74,66.04
V006,Himalaya Dawn,PARADIP,20.7298,84.5739,11.65,190.62,21.79,4.29,11,217.89,22.14
V001,Ganga Glory,VIZAG,21.8572,86.918,11.83,166.55,29.44,1.57,5,599.61,45.72
V001,Ganga Glory,SMPK,15.9138,87.4941,9.8,290.92,2.47,3.37,2,742.74,59.14
V003,Odisha Queen,SMPK,21.0813,93.6555,10.44,197.77,7.64,2.63,8,576.42,49.57
V007,Ocean Sapphire,PARADIP,15.206,87.9663,10.64,319.66,33.06,2.14,4,586.23,51.52
V003,Odisha Queen,PARADIP,23.2206,85.4487,13.38,112.38,31.4,4.36,0,344.46,24.35
V002,Bharat Star,VIZAG,11.9373,81.4167,13.48,120.24,14.11,2.58,10,670.27,48.88
V007,Ocean Sapphire,PARADIP,17.7288,86.6335,8.53,40.43,34.41,4.48,5,288.13,37.63
V001,Ganga Glory,PARADIP,24.0624,82.1899,14.73,115.92,8.43,4.23,3,617.32,37.21
V003,Odisha Queen,PARADIP,19.8195,82.7002,9.67,317.16,9.66,4.19,0,413.15,35.0
V006,Himalaya Dawn,PARADIP,23.764,83.1872,9.08,325.73,29.9,4.11,9,521.32,67.41
V002,Bharat Star,HALDIA,23.7195,91.9985,9.33,94.77,10.49,1.52,5,446.03,37.34
V005,Eastern Titan,PARADIP,14.5058,86.8949,13.62,139.39,25.49,3.9,12,647.16,57.44
V003,Odisha Queen,VIZAG,15.3174,83.0087,14.34,306.17,21.73,0.87,10,265.4,16.96
V004,Steel Infinity,PARADIP,25.2151,86.1935,12.78,161.74,27.5,3.67,1,546.06,39.06
V001,Ganga Glory,SMPK,25.3667,93.0693,9.94,295.82,22.46,4.21,0,576.95,51.65
V004,Steel Infinity,VIZAG,18.3069,89.5934,14.48,276.17,17.45,2.36,10,671.14,45.94
V004,Steel Infinity,PARADIP,18.5907,85.9243,14.05,50.43,22.14,1.73,0,205.66,11.03
V001,Ganga Glory,SMPK,23.8562,91.5359,9.41,14.52,25.27,3.92,10,361.18,44.37
V007,Ocean Sapphire,PARADIP,20.7596,90.4809,11.17,191.35,29.22,2.55,8,404.98,37.59
V004,Steel Infinity,VIZAG,17.9632,90.0934,11.19,136.96,33.16,2.06,10,721.84,69.68
V001,Ganga Glory,HALDIA,22.2674,84.0323,14.22,130.92,18.63,1.96,9,415.81,27.74
V007,Ocean Sapphire,HALDIA,19.7664,91.3277,12.55,131.15,32.63,2.71,6,421.25,34.2
V005,Eastern Titan,HALDIA,21.1483,92.4815,10.8,320.08,32.49,0.83,12,467.1,44.75
V001,Ganga Glory,VIZAG,14.0306,80.6715,11.83,180.59,31.69,1.74,7,493.34,40.66
V006,Himalaya Dawn,VIZAG,15.4644,79.8393,8.98,71.91,22.69,2.66,2,442.36,42.14
V005,Eastern Titan,SMPK,26.9852,92.4142,11.96,199.82,6.52,1.14,0,644.68,34.35
V004,Steel Infinity,VIZAG,18.1933,85.2391,14.76,344.37,27.99,3.11,8,214.67,15.51
V004,Steel Infinity,VIZAG,15.3319,81.8359,9.91,54.15,34.51,1.29,6,304.05,28.85
V002,Bharat Star,HALDIA,18.7925,89.9258,9.13,221.3,10.43,0.98,6,407.18,34.21
V007,Ocean Sapphire,VIZAG,19.798,87.1263,14.64,124.0,19.97,1.92,10,467.91,31.26
V005,Eastern Titan,PARADIP,26.2271,86.4556,11.71,166.49,18.74,0.58,4,657.06,42.31
V001,Ganga Glory,SMPK,25.6487,89.3264,11.82,125.18,6.76,2.68,10,359.96,28.59
V007,Ocean Sapphire,PARADIP,13.4614,85.8126,9.16,268.69,5.69,4.19,1,767.46,68.85
V007,Ocean Sapphire,SMPK,24.6912,89.042,13.3,354.74,33.55,3.79,12,249.81,23.67
V002,Bharat Star,VIZAG,21.7323,82.6982,14.28,171.5,23.12,1.23,9,453.59,29.53
V002,Bharat Star,VIZAG,18.5634,78.4274,9.9,30.18,32.45,4.06,5,521.9,56.72
V006,Himalaya Dawn,HALDIA,25.167,91.1503,13.78,271.75,9.08,1.91,10,471.55,30.83
V002,Bharat Star,HALDIA,19.3997,90.5402,11.79,94.34,15.79,4.18,2,388.31,29.73
V002,Bharat Star,PARADIP,18.3444,83.4643,12.99,113.52,8.06,1.94,2,397.33,22.34
V003,Odisha Queen,PARADIP,21.3337,84.9402,8.09,291.49,34.25,2.6,3,207.81,24.26
V004,Steel Infinity,VIZAG,23.139,86.5063,9.29,110.59,18.44,0.97,8,692.84,64.04
V001,Ganga Glory,PARADIP,22.2335,88.801,11.69,283.49,25.81,1.92,1,310.37,21.44
V005,Eastern Titan,SMPK,27.3866,90.4418,13.96,61.83,29.68,2.97,8,579.49,44.35
V005,Eastern Titan,PARADIP,18.9305,90.4281,10.37,317.85,23.79,4.28,10,427.7,48.29
V007,Ocean Sapphire,HALDIA,16.4781,89.8131,14.84,315.7,31.18,1.67,9,642.04,43.93
V001,Ganga Glory,PARADIP,21.268,90.6689,9.16,106.17,8.59,2.63,6,433.88,40.74
V001,Ganga Glory,HALDIA,27.4071,86.5434,11.3,260.6,11.86,1.48,0,619.36,37.52
V003,Odisha Queen,PARADIP,20.2217,79.3872,9.32,234.43,31.83,1.88,6,754.46,77.77
V005,Eastern Titan,VIZAG,19.457,82.1107,13.32,133.06,5.82,2.99,9,231.93,16.23
V006,Himalaya Dawn,SMPK,19.4909,86.7023,14.71,264.78,28.21,1.48,6,378.41,23.46
V002,Bharat Star,VIZAG,24.1687,83.6889,12.83,223.04,11.67,1.65,6,721.65,45.99
V005,Eastern Titan,HALDIA,20.0525,91.609,9.06,127.16,4.78,1.27,11,427.82,39.9
V003,Odisha Queen,VIZAG,20.3446,80.4601,13.59,45.65,17.15,2.29,1,418.31,24.0
V002,Bharat Star,HALDIA,15.16,86.2587,13.44,304.44,33.6,3.59,9,784.95,67.96
V006,Himalaya Dawn,PARADIP,22.246,84.5467,8.76,74.84,11.52,2.32,1,303.32,25.98
V002,Bharat Star,VIZAG,11.2857,85.5423,13.2,176.19,12.07,3.1,3,752.57,48.06
V003,Odisha Queen,SMPK,21.6421,85.9315,10.52,89.45,30.76,2.82,4,264.07,24.15
V007,Ocean Sapphire,SMPK,19.2803,87.6881,8.04,244.67,32.67,0.4,7,369.09,41.05
V007,Ocean Sapphire,SMPK,21.7687,94.0934,14.78,205.61,30.42,3.34,7,602.86,43.69
V006,Himalaya Dawn,PARADIP,22.2007,93.4623,11.27,236.97,8.52,3.57,5,739.15,58.81
V002,Bharat Star,SMPK,18.3374,91.4587,14.95,131.13,24.91,1.27,11,572.41,37.87
V002,Bharat Star,VIZAG,19.3171,87.5846,13.85,266.41,12.3,2.41,5,488.61,29.91
V005,Eastern Titan,VIZAG,14.2629,81.9029,8.04,310.55,19.5,2.18,5,408.51,44.64
V001,Ganga Glory,VIZAG,22.0911,83.8578,14.6,269.87,33.12,0.94,9,493.09,33.05
V004,Steel Infinity,PARADIP,18.0042,84.4639,14.85,206.38,6.04,2.25,3,342.91,17.49
V006,Himalaya Dawn,VIZAG,21.0141,87.5421,10.95,343.21,22.4,3.51,1,580.06,46.44
V002,Bharat Star,VIZAG,14.2926,81.6691,14.05,307.46,32.72,3.06,10,415.15,33.91
V007,Ocean Sapphire,HALDIA,27.1575,88.4695,12.21,283.11,30.35,2.11,0,573.87,38.47
V003,Odisha Queen,SMPK,23.1564,95.4812,10.47,329.55,3.41,2.64,9,738.84,62.88
V007,Ocean Sapphire,HALDIA,18.1295,89.5403,8.97,191.52,17.8,0.91,5,458.34,40.29
V006,Himalaya Dawn,PARADIP,22.1438,90.2873,9.77,163.72,2.32,2.64,0,430.8,30.68
V002,Bharat Star,PARADIP,20.6511,89.6348,11.17,283.44,12.47,4.35,7,316.18,28.88
V003,Odisha Queen,HALDIA,19.2556,81.4997,14.49,46.57,6.61,0.88,0,748.11,32.22
V007,Ocean Sapphire,VIZAG,19.9527,82.4137,12.96,322.57,32.05,2.34,8,267.61,21.51
V007,Ocean Sapphire,SMPK,24.1718,92.2814,11.98,35.13,24.17,2.04,9,444.6,36.83
V003,Odisha Queen,HALDIA,24.8855,93.2956,12.17,113.33,3.21,0.98,2,622.39,33.12
V005,Eastern Titan,VIZAG,23.8611,79.8478,9.47,276.89,27.74,2.41,8,773.31,83.11
V006,Himalaya Dawn,SMPK,24.8234,91.0424,13.38,332.61,9.97,4.22,0,376.65,23.15
V007,Ocean Sapphire,VIZAG,19.9423,85.2983,9.78,119.72,3.21,2.04,9,328.39,28.5
V001,Ganga Glory,HALDIA,17.4326,87.0168,9.3,124.39,26.98,3.07,3,520.56,52.01
V003,Odisha Queen,PARADIP,23.8386,88.3648,8.87,61.44,16.44,0.8,12,430.56,44.39
V003,Odisha Queen,SMPK,21.5258,85.3108,13.5,0.36,24.46,4.23,8,328.47,27.19
V003,Odisha Queen,SMPK,17.7885,92.467,12.23,32.59,29.0,2.76,3,685.08,51.68
V001,Ganga Glory,SMPK,24.6315,81.5651,8.94,193.76,3.52,1.18,11,724.16,67.18
V003,Odisha Queen,VIZAG,17.2473,78.5571,13.6,302.28,20.63,3.31,5,503.34,35.37
V002,Bharat Star,SMPK,20.83,87.4312,14.18,241.95,7.38,3.06,1,211.27,11.45
V003,Odisha Queen,PARADIP,25.0548,82.7539,13.95,269.97,27.62,2.73,4,659.06,44.3
V002,Bharat Star,PARADIP,20.1766,82.4896,10.48,215.67,16.62,1.79,3,431.18,32.61
V003,Odisha Queen,HALDIA,26.4626,86.911,10.1,153.87,17.41,2.59,2,508.62,41.36
V002,Bharat Star,PARADIP,21.4741,80.5804,9.29,71.65,27.71,4.38,7,640.34,77.32
V003,Odisha Queen,SMPK,26.6818,89.9961,12.0,195.26,28.78,3.39,1,490.36,37.0
V005,Eastern Titan,SMPK,27.1728,84.3011,11.82,119.29,19.31,0.82,3,653.33,41.53
V003,Odisha Queen,SMPK,19.9073,83.6971,8.89,331.14,27.54,1.6,7,560.26,59.16
V002,Bharat Star,SMPK,19.7687,90.4791,14.49,161.95,2.33,0.4,4,383.0,17.01
V005,Eastern Titan,VIZAG,20.1487,82.0658,9.06,246.52,34.45,0.88,11,301.75,34.31
V005,Eastern Titan,SMPK,22.2718,85.0155,11.3,123.93,5.88,3.04,9,339.04,28.07
V005,Eastern Titan,PARADIP,23.4722,87.0883,14.39,192.87,23.69,2.25,5,353.82,22.34
V006,Himalaya Dawn,HALDIA,28.1443,90.7218,13.86,81.24,14.92,0.83,0,732.81,35.23
V005,Eastern Titan,SMPK,28.6484,87.8425,13.75,210.24,3.36,4.04,1,679.66,39.55
V001,Ganga Glory,VIZAG,21.6677,80.8707,12.02,113.66,5.26,4.43,7,509.15,41.43
V004,Steel Infinity,PARADIP,27.4363,86.4586,14.66,230.43,30.28,0.91,0,791.46,40.68
V006,Himalaya Dawn,VIZAG,16.852,78.474,8.37,114.41,15.82,2.72,3,518.73,52.23
V005,Eastern Titan,PARADIP,19.9806,84.7519,13.17,283.66,23.8,3.17,4,198.63,14.2
V006,Himalaya Dawn,SMPK,16.6053,85.5558,14.24,137.82,31.88,0.91,2,720.76,40.87
V001,Ganga Glory,VIZAG,18.0043,85.2165,9.46,331.97,26.35,2.8,4,207.93,20.54
V001,Ganga Glory,VIZAG,16.1155,87.7947,13.42,59.66,32.03,3.75,12,511.21,47.49
V001,Ganga Glory,PARADIP,15.6956,83.1395,11.76,112.37,22.37,2.32,1,632.28,43.57
V003,Odisha Queen,VIZAG,17.3786,85.6521,8.35,227.97,18.56,1.64,11,253.88,29.5
V004,Steel Infinity,PARADIP,17.6971,84.3544,10.97,239.33,14.65,2.4,2,376.54,27.27
V005,Eastern Titan,HALDIA,24.1617,87.1653,11.46,307.71,27.05,2.61,12,256.16,25.16
V006,Himalaya Dawn,HALDIA,21.8853,82.5083,9.42,145.91,21.62,4.12,9,572.71,67.94
V006,Himalaya Dawn,PARADIP,14.3756,83.9631,9.03,269.72,10.74,0.61,6,718.56,59.33
V007,Ocean Sapphire,PARADIP,18.1543,86.3424,9.87,294.94,5.02,1.42,7,242.57,19.17
V006,Himalaya Dawn,PARADIP,19.7518,80.5292,8.87,26.85,25.49,1.39,6,639.36,64.09
V006,Himalaya Dawn,SMPK,27.2528,87.7352,8.55,1.97,10.3,0.91,0,526.02,39.69
V004,Steel Infinity,SMPK,22.7634,90.3459,13.17,141.22,8.73,2.21,8,211.27,14.06
V003,Odisha Queen,HALDIA,16.2244,83.9973,8.01,203.15,16.17,2.85,10,771.91,97.95
V005,Eastern Titan,SMPK,27.5024,83.8142,11.07,224.88,26.15,3.74,5,712.25,65.4
V001,Ganga Glory,VIZAG,14.5408,79.2946,12.9,333.22,32.56,2.63,0,551.19,36.69
V006,Himalaya Dawn,HALDIA,25.8957,87.2083,13.44,319.19,13.29,3.09,6,440.65,30.16
V007,Ocean Sapphire,HALDIA,18.0986,84.9007,14.44,282.5,25.79,0.71,1,545.89,27.97
V002,Bharat Star,VIZAG,11.2226,84.755,13.69,181.75,19.6,4.41,5,736.45,54.74
V006,Himalaya Dawn,HALDIA,18.6605,93.0041,9.87,58.08,7.77,1.52,3,635.87,46.67
V002,Bharat Star,HALDIA,20.1914,92.9112,9.01,37.93,17.66,0.69,1,542.32,41.73
V007,Ocean Sapphire,VIZAG,15.8891,85.8022,13.46,333.75,20.09,2.03,5,334.94,21.71
V004,Steel Infinity,PARADIP,20.0198,83.2061,11.47,176.52,31.39,1.62,0,357.88,24.9
V002,Bharat Star,SMPK,24.1808,81.5908,9.6,192.56,8.92,3.39,4,708.35,63.8
V007,Ocean Sapphire,VIZAG,19.6894,79.0863,12.9,152.8,20.99,0.33,4,494.48,28.85
V002,Bharat Star,SMPK,27.883,84.247,12.5,317.31,15.69,1.86,2,719.5,44.29
V007,Ocean Sapphire,HALDIA,22.1469,90.0729,13.64,174.87,12.11,3.48,8,207.96,15.01
V006,Himalaya Dawn,VIZAG,11.4544,80.6758,12.61,203.27,25.94,2.44,3,747.81,52.54
V002,Bharat Star,SMPK,21.3141,85.4603,14.88,72.3,23.68,4.15,10,323.53,25.24
V006,Himalaya Dawn,HALDIA,20.8272,86.4403,9.67,166.17,10.37,3.41,10,213.09,22.37
V006,Himalaya Dawn,PARADIP,17.1163,82.7731,12.73,318.61,17.95,0.8,1,539.42,29.7
V005,Eastern Titan,HALDIA,18.9702,85.3938,10.02,7.9,19.26,1.57,8,437.43,39.49
V007,Ocean Sapphire,HALDIA,19.7464,88.2932,10.23,325.41,32.26,1.28,6,252.87,22.86
V002,Bharat Star,SMPK,25.8351,87.4488,14.59,188.07,13.47,2.2,7,375.35,22.79
V001,Ganga Glory,SMPK,29.5474,88.9628,10.82,206.72,20.55,3.3,9,780.88,76.05
V006,Himalaya Dawn,PARADIP,14.5395,82.9927,12.46,18.27,32.54,0.29,8,749.03,54.58
V005,Eastern Titan,SMPK,19.7461,87.4706,8.4,204.74,13.87,3.2,7,323.42,36.75
V001,Ganga Glory,VIZAG,16.6246,85.8847,8.75,55.88,11.4,3.97,8,301.02,34.84
V006,Himalaya Dawn,VIZAG,20.8438,86.5888,14.22,340.29,3.89,0.8,7,493.52,25.41
V003,Odisha Queen,PARADIP,24.0332,86.8945,11.13,152.8,17.74,4.27,1,413.86,33.21
V006,Himalaya Dawn,PARADIP,15.3464,82.6049,8.07,129.73,7.4,2.07,1,697.37,61.62
V002,Bharat Star,PARADIP,15.903,90.0618,14.2,306.48,34.13,2.97,9,611.11,48.42
V002,Bharat Star,VIZAG,23.5241,82.1682,9.41,280.67,19.4,1.17,10,658.95,64.52
V005,Eastern Titan,SMPK,27.2499,93.7878,11.87,86.71,11.51,2.47,9,761.02,59.94
V002,Bharat Star,HALDIA,19.7842,91.6596,14.53,357.47,28.17,2.26,9,448.38,31.93
V002,Bharat Star,PARADIP,16.5647,91.3363,9.09,153.08,20.97,2.02,0,649.41,54.5
V007,Ocean Sapphire,PARADIP,18.7796,88.8812,8.86,137.15,25.52,3.51,4,292.36,32.09
V002,Bharat Star,HALDIA,27.7509,86.4773,13.89,232.22,21.43,3.75,6,657.99,48.02
V002,Bharat Star,VIZAG,14.7381,82.9535,12.85,246.45,4.96,2.48,6,330.08,21.26
V003,Odisha Queen,SMPK,18.4455,89.5198,11.2,238.6,5.57,0.96,1,473.74,27.13
V007,Ocean Sapphire,HALDIA,25.4656,86.9156,13.7,321.17,10.7,1.46,3,401.51,21.63
V001,Ganga Glory,SMPK,19.203,87.1119,9.6,140.23,14.69,0.42,9,392.1,33.32
V004,Steel Infinity,HALDIA,24.8092,86.11,10.52,338.37,3.17,0.92,7,369.4,25.81
V004,Steel Infinity,VIZAG,13.3332,78.7116,13.07,205.19,3.96,0.2,9,688.58,38.33
V002,Bharat Star,VIZAG,19.1188,81.6136,14.63,275.13,3.57,2.48,8,236.96,13.93
V006,Himalaya Dawn,PARADIP,25.7605,83.4447,12.52,77.73,29.06,2.28,3,686.6,49.07
V002,Bharat Star,SMPK,25.1581,89.6458,11.68,273.41,11.81,4.45,9,320.68,29.46
V002,Bharat Star,HALDIA,17.4311,89.6777,11.08,312.7,3.62,1.12,10,536.55,39.06
V005,Eastern Titan,HALDIA,20.1953,91.4269,13.45,18.56,22.15,2.66,11,403.35,32.08
V007,Ocean Sapphire,HALDIA,19.1359,93.517,10.63,167.4,4.74,1.43,6,651.72,46.55
V006,Himalaya Dawn,HALDIA,25.6871,92.3411,13.05,180.69,24.54,4.09,0,597.18,40.93
V007,Ocean Sapphire,VIZAG,14.8382,82.1851,13.76,111.82,31.25,0.93,6,337.95,22.01
V003,Odisha Queen,PARADIP,20.7618,88.7478,11.57,296.76,6.37,0.8,10,226.94,15.76
V007,Ocean Sapphire,PARADIP,15.6498,89.1566,10.18,262.93,19.95,0.85,8,584.46,49.43
V002,Bharat Star,HALDIA,19.6677,87.9411,12.24,133.93,8.83,2.13,2,260.75,15.88
V007,Ocean Sapphire,HALDIA,21.9939,82.9028,14.88,198.91,22.65,2.43,2,531.67,30.09
V001,Ganga Glory,PARADIP,18.04,88.4046,8.67,60.53,23.98,0.21,12,315.27,33.69
V004,Steel Infinity,SMPK,25.7172,88.9644,10.94,154.53,24.62,3.64,8,358.57,35.38
V002,Bharat Star,VIZAG,19.5194,79.3256,8.11,166.43,11.26,3.48,3,463.7,49.2
V004,Steel Infinity,SMPK,29.3323,89.4304,9.93,187.19,6.01,2.37,1,762.56,55.46
V001,Ganga Glory,SMPK,16.2336,89.5439,12.7,165.59,23.24,3.42,4,714.35,53.62
V006,Himalaya Dawn,HALDIA,19.3979,89.7483,12.15,197.43,31.34,4.29,10,339.4,34.2
V001,Ganga Glory,VIZAG,18.7582,86.3971,14.95,63.07,31.37,3.33,3,349.99,22.71
V005,Eastern Titan,SMPK,18.5789,88.072,11.05,224.5,26.54,1.12,0,442.2,29.78
V006,Himalaya Dawn,SMPK,27.1345,86.5335,9.53,30.94,10.41,3.05,5,540.01,49.62
V002,Bharat Star,VIZAG,14.1875,82.4049,9.72,356.85,9.2,0.41,11,400.54,33.55
V007,Ocean Sapphire,VIZAG,23.375,82.0907,11.77,141.17,12.31,2.44,7,644.15,48.93
V002,Bharat Star,SMPK,19.5923,90.819,14.98,117.65,24.2,3.12,3,420.07,25.67
V005,Eastern Titan,HALDIA,23.9139,91.0803,13.28,340.14,11.63,3.9,5,374.74,26.43
V007,Ocean Sapphire,VIZAG,19.0645,84.6591,12.35,140.5,2.76,2.45,5,211.04,13.52
V005,Eastern Titan,SMPK,29.3019,86.6411,11.85,350.71,9.33,4.17,3,768.86,57.74
V007,Ocean Sapphire,HALDIA,19.8606,93.6076,12.8,113.92,21.89,3.67,9,623.68,53.06
V004,Steel Infinity,VIZAG,23.0355,85.5254,10.51,79.39,10.71,0.27,2,638.77,39.5
V004,Steel Infinity,HALDIA,22.2457,94.7456,13.75,325.18,15.44,4.02,4,689.09,47.22
V005,Eastern Titan,VIZAG,16.4437,86.0832,8.18,316.39,22.22,2.89,1,328.62,33.8
V003,Odisha Queen,VIZAG,15.4177,80.9898,10.03,65.01,20.19,2.5,0,351.31,27.48
V006,Himalaya Dawn,HALDIA,24.6271,87.295,12.95,261.61,18.15,1.9,10,301.31,22.43
V004,Steel Infinity,VIZAG,19.9503,81.8234,12.42,351.26,12.48,1.76,11,294.39,22.16
V003,Odisha Queen,PARADIP,18.1449,85.1078,10.44,61.47,2.62,4.15,2,289.3,22.88
V005,Eastern Titan,VIZAG,20.5892,78.5318,10.64,329.03,31.15,1.48,5,593.83,50.63
V003,Odisha Queen,PARADIP,25.1377,83.3223,14.93,230.81,4.06,2.68,8,633.45,37.23
V003,Odisha Queen,SMPK,20.2232,94.0497,11.34,119.32,26.82,2.7,2,649.02,50.44
V002,Bharat Star,HALDIA,19.6945,90.081,8.82,268.77,19.85,2.27,4,332.24,32.52
V005,Eastern Titan,PARADIP,21.9546,83.4978,11.46,156.95,5.78,1.09,5,371.32,23.49
V006,Himalaya Dawn,SMPK,27.1853,90.6167,12.06,104.15,10.01,2.86,5,565.89,40.43
V005,Eastern Titan,SMPK,27.0319,84.6338,8.04,252.68,21.62,3.72,7,620.65,80.17
V005,Eastern Titan,SMPK,29.0094,87.9921,14.04,165.35,27.95,2.16,1,718.92,42.64
V005,Eastern Titan,VIZAG,21.2608,84.5954,10.22,299.4,22.92,1.08,7,420.31,35.97
V005,Eastern Titan,HALDIA,19.4248,92.246,12.25,227.55,12.98,0.71,5,521.65,31.78
V002,Bharat Star,VIZAG,12.7475,79.3119,14.11,342.5,9.27,2.26,11,695.1,46.71
V005,Eastern Titan,SMPK,20.5108,89.676,13.78,64.18,29.43,2.52,2,267.71,17.21
V004,Steel Infinity,SMPK,19.7418,88.9604,14.26,284.07,32.26,4.06,9,319.68,26.61
V005,Eastern Titan,SMPK,16.1662,87.8872,10.37,300.78,31.52,3.97,3,711.17,69.18
V006,Himalaya Dawn,PARADIP,23.6764,83.6635,9.4,104.66,14.74,3.3,7,481.83,49.53
V007,Ocean Sapphire,SMPK,21.3903,84.5427,9.42,12.72,10.27,3.52,11,408.33,45.34
V002,Bharat Star,VIZAG,21.0238,80.6974,14.87,200.59,29.16,0.52,10,459.13,29.16
V006,Himalaya Dawn,PARADIP,20.3297,79.9527,11.72,318.62,21.87,4.17,8,695.17,65.02
V001,Ganga Glory,VIZAG,16.4088,81.9112,10.01,319.01,22.24,0.72,9,203.64,18.08
V006,Himalaya Dawn,PARADIP,18.1039,89.6335,11.24,16.29,4.83,2.53,3,401.04,27.36
V006,Himalaya Dawn,PARADIP,22.2422,86.6719,10.91,188.81,23.83,1.74,2,213.81,15.86
V005,Eastern Titan,PARADIP,22.8651,85.8546,12.34,212.22,29.75,3.16,0,293.85,20.77
V006,Himalaya Dawn,SMPK,20.9146,84.1358,13.23,108.65,13.34,4.41,4,466.95,33.63
V005,Eastern Titan,HALDIA,24.7221,88.9637,11.36,136.33,14.0,4.28,6,315.36,27.76
V005,Eastern Titan,SMPK,22.8754,92.81,13.04,226.46,31.31,2.11,6,463.99,34.59
V001,Ganga Glory,VIZAG,21.2602,82.9578,11.89,344.18,32.84,4.01,6,398.42,36.96
V003,Odisha Queen,SMPK,28.2103,91.9143,11.91,315.75,9.6,1.54,3,726.5,44.93
V002,Bharat Star,PARADIP,26.4639,86.0756,8.17,1.97,32.31,3.99,2,685.43,82.78
V005,Eastern Titan,VIZAG,14.1855,77.9068,11.15,170.74,4.74,3.26,6,694.09,54.52
V007,Ocean Sapphire,HALDIA,19.1336,88.8774,12.69,43.26,3.03,2.49,5,330.96,20.74
V004,Steel Infinity,VIZAG,17.4663,85.5022,11.76,345.15,18.47,3.68,12,236.86,22.99
V004,Steel Infinity,PARADIP,18.7892,83.0322,12.33,223.43,23.17,2.31,4,412.66,29.64
V007,Ocean Sapphire,PARADIP,18.7325,82.6935,12.47,242.41,12.1,2.57,10,447.73,34.77
V003,Odisha Queen,HALDIA,26.3222,89.528,10.77,107.81,31.87,4.09,9,502.07,55.3
V001,Ganga Glory,VIZAG,17.8303,86.6457,14.73,146.63,14.67,3.0,3,356.75,20.64
V001,Ganga Glory,VIZAG,23.577,86.7624,13.67,193.1,19.77,3.13,0,748.1,44.7
V003,Odisha Queen,VIZAG,12.7845,84.4873,8.02,264.82,13.72,1.6,11,560.62,65.17
V005,Eastern Titan,HALDIA,26.129,87.9117,11.05,39.41,16.71,3.58,1,458.26,35.22
V002,Bharat Star,HALDIA,27.6282,88.5127,11.2,256.79,24.13,0.74,0,626.38,39.76
V007,Ocean Sapphire,SMPK,24.9338,84.1039,13.8,320.77,10.86,0.46,10,502.61,29.55
V002,Bharat Star,SMPK,25.2622,87.678,9.7,310.23,31.75,0.57,2,308.14,25.02
V007,Ocean Sapphire,SMPK,21.3045,90.6904,13.66,173.59,7.34,3.01,3,282.8,16.77
V004,Steel Infinity,HALDIA,22.6627,89.8806,12.84,192.9,32.8,4.3,2,200.83,15.75
V007,Ocean Sapphire,VIZAG,22.1135,85.5735,14.47,60.86,11.41,0.26,12,547.17,31.7
V004,Steel Infinity,VIZAG,18.2754,77.8931,14.48,214.81,6.27,1.12,5,573.42,28.93
V001,Ganga Glory,SMPK,22.717,86.343,8.97,277.54,26.95,3.13,4,201.7,21.54
V002,Bharat Star,SMPK,24.115,84.5923,8.58,298.15,7.08,1.21,0,416.62,31.29
V004,Steel Infinity,SMPK,19.3433,88.0558,12.62,264.29,20.8,0.24,1,357.47,19.43
V005,Eastern Titan,VIZAG,15.2814,83.168,13.38,188.89,3.4,3.6,7,268.09,18.27
V001,Ganga Glory,VIZAG,11.4528,79.8343,13.38,120.37,20.94,0.93,7,786.35,50.05
V007,Ocean Sapphire,SMPK,28.2316,84.0587,8.88,328.92,26.49,1.17,5,761.83,73.69
V007,Ocean Sapphire,HALDIA,21.5246,85.4356,14.5,306.36,23.1,2.42,0,276.33,15.17
V003,Odisha Queen,SMPK,21.5179,90.9624,9.15,142.25,32.64,2.49,11,297.45,36.81
V005,Eastern Titan,VIZAG,12.1126,82.2729,8.06,174.29,2.94,0.64,5,629.54,53.1
V004,Steel Infinity,SMPK,21.3076,85.7836,9.64,186.4,23.19,2.48,0,294.03,24.41
V004,Steel Infinity,HALDIA,22.1382,89.8964,13.74,315.32,14.67,0.34,5,189.76,10.14
V003,Odisha Queen,PARADIP,18.5223,91.4789,10.68,5.94,14.25,4.13,5,547.31,49.56
V004,Steel Infinity,HALDIA,24.1437,84.6422,11.62,291.75,19.36,0.29,1,422.5,24.76
V006,Himalaya Dawn,VIZAG,20.091,83.6012,8.58,121.14,18.87,1.33,0,269.11,22.41
V004,Steel Infinity,VIZAG,22.0382,81.7517,12.79,85.6,33.14,1.18,1,509.21,32.12
V006,Himalaya Dawn,SMPK,18.0139,86.4707,12.54,94.43,20.92,0.76,4,539.25,33.45
V002,Bharat Star,VIZAG,20.9857,87.292,11.05,26.91,34.63,0.52,1,558.04,39.31
V006,Himalaya Dawn,PARADIP,24.4061,87.7854,11.42,338.56,8.98,1.29,10,469.89,35.24
V006,Himalaya Dawn,SMPK,23.9149,89.6678,8.65,174.26,29.31,3.11,10,206.31,26.89
V004,Steel Infinity,HALDIA,17.6725,92.7342,9.41,263.52,14.49,3.57,11,686.64,78.78
V007,Ocean Sapphire,HALDIA,23.1648,92.5427,13.17,85.45,29.18,1.58,6,477.77,33.55
V004,Steel Infinity,SMPK,25.2187,82.2029,13.1,89.46,7.99,0.42,9,687.15,40.41
V004,Steel Infinity,PARADIP,25.9389,83.8507,10.97,344.31,27.12,1.68,2,685.9,51.57
V004,Steel Infinity,SMPK,25.8127,94.2446,8.2,124.35,9.68,1.5,8,703.58,71.67
V005,Eastern Titan,SMPK,24.8771,87.3699,13.35,329.14,14.35,2.52,8,275.53,19.31
V006,Himalaya Dawn,VIZAG,17.3394,85.493,14.17,34.93,5.87,3.46,0,237.88,12.75
V005,Eastern Titan,VIZAG,17.3746,87.9664,11.34,0.67,23.75,4.4,11,498.12,52.98
V001,Ganga Glory,VIZAG,17.8992,77.4645,13.39,295.86,10.11,1.57,1,616.13,32.22
V002,Bharat Star,HALDIA,27.8295,87.0486,9.17,31.64,9.87,0.42,4,655.08,49.33
V005,Eastern Titan,VIZAG,19.0837,77.078,10.99,94.99,7.94,3.53,2,672.47,50.22
V005,Eastern Titan,VIZAG,19.9854,87.8782,9.33,154.34,14.55,0.76,8,547.05,48.02
V006,Himalaya Dawn,PARADIP,26.4226,88.3626,8.28,242.56,4.48,4.21,8,701.47,83.22
V003,Odisha Queen,HALDIA,22.8046,84.5692,11.18,209.8,18.2,4.45,9,369.56,36.93
V007,Ocean Sapphire,PARADIP,18.7676,80.1498,8.64,76.15,18.42,3.38,0,699.57,66.63
V004,Steel Infinity,SMPK,19.3539,93.3885,12.83,335.82,6.88,3.85,12,636.7,53.05
V005,Eastern Titan,VIZAG,22.445,83.3098,14.64,119.05,29.64,0.63,12,528.74,36.09
V006,Himalaya Dawn,SMPK,25.5819,86.088,9.05,158.05,11.91,4.24,4,405.06,41.83
V001,Ganga Glory,VIZAG,22.3736,86.8896,11.61,187.51,3.06,0.97,3,642.89,36.78
V004,Steel Infinity,PARADIP,15.0448,85.5932,9.99,89.11,21.72,1.24,12,596.57,58.89
V007,Ocean Sapphire,HALDIA,21.1142,81.3555,9.61,168.42,10.47,3.14,10,700.39,72.66
V003,Odisha Queen,SMPK,21.4414,90.1151,14.11,312.48,23.76,4.29,6,224.09,16.89
V005,Eastern Titan,PARADIP,20.8911,82.9257,10.34,73.61,13.75,3.68,0,389.7,30.66
V007,Ocean Sapphire,VIZAG,19.5477,78.947,10.87,296.19,26.87,3.43,0,501.11,40.16
V002,Bharat Star,VIZAG,19.7218,79.5227,13.15,201.91,34.98,2.1,1,455.65,30.1
V003,Odisha Queen,PARADIP,18.4484,85.6646,10.58,346.62,4.78,2.14,1,230.98,15.34
V007,Ocean Sapphire,VIZAG,18.9011,78.025,10.65,254.12,11.02,3.0,10,570.87,53.14
V007,Ocean Sapphire,PARADIP,24.9973,87.8323,13.57,140.44,28.83,3.17,9,534.75,43.42
V004,Steel Infinity,PARADIP,20.9911,83.876,13.73,118.01,15.38,0.67,0,295.09,14.19
V005,Eastern Titan,PARADIP,26.2773,82.8745,12.52,197.45,4.34,3.1,3,764.79,48.71
V002,Bharat Star,VIZAG,16.0535,78.7335,9.3,250.33,9.91,1.33,0,516.85,37.0
V004,Steel Infinity,HALDIA,23.6522,87.3478,11.78,325.74,30.8,3.95,0,196.64,15.36
V002,Bharat Star,HALDIA,24.2889,89.6543,12.36,124.42,4.92,3.94,0,301.3,19.02
V003,Odisha Queen,HALDIA,21.8104,84.7848,8.07,178.2,12.98,2.0,6,338.61,35.59
V005,Eastern Titan,PARADIP,16.3883,86.5177,14.21,204.16,17.93,1.82,11,437.32,30.12
V005,Eastern Titan,PARADIP,24.1914,86.0717,10.51,287.34,21.07,1.3,10,434.16,38.93
V007,Ocean Sapphire,PARADIP,23.1757,80.0467,8.39,32.28,22.04,2.31,6,749.34,82.71
V001,Ganga Glory,PARADIP,22.3015,90.8336,12.57,104.77,3.77,3.36,4,488.91,32.34
V001,Ganga Glory,PARADIP,23.1928,82.6098,12.41,261.66,23.07,1.11,3,522.97,33.32
V006,Himalaya Dawn,PARADIP,18.2653,80.841,8.48,14.32,16.71,3.63,10,648.05,82.18
V004,Steel Infinity,PARADIP,23.1875,89.0743,11.39,47.12,23.34,3.26,2,407.3,31.94
V006,Himalaya Dawn,VIZAG,14.3946,83.971,12.97,155.88,33.96,0.62,5,373.8,25.11
V004,Steel Infinity,VIZAG,21.7855,78.3083,9.72,117.29,25.23,3.77,12,691.35,85.19
V007,Ocean Sapphire,HALDIA,17.3207,87.9281,10.31,274.4,32.32,1.19,3,521.61,43.01
V002,Bharat Star,PARADIP,26.6753,85.1826,14.82,128.3,31.95,2.04,9,721.69,50.94
V006,Himalaya Dawn,HALDIA,17.0219,86.6135,13.82,359.81,34.99,0.42,2,574.98,33.19
V004,Steel Infinity,HALDIA,20.9612,85.257,13.88,5.37,21.81,1.94,6,312.58,20.28
V001,Ganga Glory,VIZAG,15.7373,79.3975,13.93,94.45,20.62,1.46,0,466.99,24.5
V007,Ocean Sapphire,VIZAG,21.5111,81.7518,11.62,138.26,21.69,1.49,12,454.03,39.24
V007,Ocean Sapphire,HALDIA,25.397,93.479,14.06,156.43,2.06,3.62,11,667.89,47.22
V007,Ocean Sapphire,VIZAG,19.4148,78.2922,8.45,182.97,24.65,3.16,0,559.64,55.93
V003,Odisha Queen,PARADIP,25.6883,88.8928,11.74,183.42,16.45,4.09,10,640.61,60.33
V002,Bharat Star,VIZAG,23.0594,83.6769,12.77,103.55,8.43,2.25,7,598.48,40.12
V003,Odisha Queen,SMPK,27.5999,86.9196,14.13,27.65,22.85,1.68,6,578.46,36.45
V005,Eastern Titan,VIZAG,18.1633,79.1752,14.67,213.79,24.49,3.59,8,437.44,32.06
V005,Eastern Titan,HALDIA,15.7643,91.4453,13.85,333.1,6.85,3.98,5,780.38,51.35
V001,Ganga Glory,PARADIP,25.8783,89.7551,13.78,331.13,23.65,1.13,6,696.19,43.5
V002,Bharat Star,PARADIP,20.4433,84.4437,14.82,228.08,7.03,3.32,11,227.25,15.46
V004,Steel Infinity,PARADIP,16.2555,84.7698,10.57,203.89,28.53,1.66,8,492.34,45.3
V004,Steel Infinity,VIZAG,15.1404,81.6556,8.45,327.87,21.97,4.44,0,332.25,35.35
V006,Himalaya Dawn,HALDIA,22.0758,84.6416,12.47,338.2,27.08,2.91,7,352.39,28.87
V002,Bharat Star,VIZAG,16.7208,85.9727,11.12,75.98,14.78,1.41,7,305.64,23.16
V005,Eastern Titan,HALDIA,26.0712,86.1073,14.73,46.87,19.85,0.6,0,493.17,22.77
V002,Bharat Star,VIZAG,19.6722,84.0488,13.54,287.84,2.1,0.74,8,234.82,12.73
V003,Odisha Queen,VIZAG,19.12,84.8794,8.05,195.43,15.05,3.99,11,231.86,32.08
V006,Himalaya Dawn,SMPK,20.4504,87.1268,9.31,279.32,8.0,1.58,11,263.13,25.16
V004,Steel Infinity,SMPK,15.5048,86.6191,10.56,162.9,18.08,3.04,7,803.03,73.88
V003,Odisha Queen,SMPK,18.6865,85.0112,8.68,325.1,22.96,4.46,3,549.22,62.47
V003,Odisha Queen,VIZAG,18.9835,77.7488,10.31,250.84,13.59,2.09,9,601.23,53.86
V005,Eastern Titan,PARADIP,23.527,88.5436,13.22,116.13,28.6,4.26,6,408.07,33.72
V003,Odisha Queen,PARADIP,23.9293,81.6635,8.82,125.78,26.32,0.87,4,649.29,60.17
V003,Odisha Queen,PARADIP,17.6508,88.0129,10.01,275.33,25.2,4.02,11,330.96,39.31
V007,Ocean Sapphire,SMPK,18.9992,91.1747,11.97,90.24,7.77,3.7,11,495.14,43.07
V005,Eastern Titan,VIZAG,19.5553,87.6062,9.23,116.91,20.42,1.75,0,500.8,40.46
V004,Steel Infinity,HALDIA,21.1081,94.6642,14.48,53.65,18.37,1.25,12,690.24,45.85
V003,Odisha Queen,HALDIA,19.5403,93.4734,8.37,283.61,19.55,0.41,2,626.15,53.01
V006,Himalaya Dawn,HALDIA,25.3203,87.1938,12.78,325.94,8.55,0.35,12,378.51,24.39
V006,Himalaya Dawn,PARADIP,19.7708,81.6148,13.65,316.72,4.78,0.5,9,526.37,29.07
V002,Bharat Star,HALDIA,23.8197,86.9071,11.14,328.15,24.44,4.2,12,233.31,25.62
V002,Bharat Star,SMPK,24.0369,85.2874,9.94,269.69,2.92,3.52,3,349.28,28.59
V006,Himalaya Dawn,SMPK,26.9055,94.0282,10.0,177.29,17.93,3.74,4,754.29,70.92
V003,Odisha Queen,HALDIA,16.6202,89.2485,14.01,94.02,11.9,1.72,2,612.14,32.31
V003,Odisha Queen,HALDIA,27.9395,89.6344,13.54,148.19,4.97,3.29,2,678.13,39.57
V003,Odisha Queen,VIZAG,22.0658,88.8708,14.73,207.14,9.59,1.38,7,760.44,41.67
V001,Ganga Glory,SMPK,24.7163,87.5252,12.53,13.48,27.92,2.6,3,253.48,18.34
V001,Ganga Glory,VIZAG,24.3728,85.0999,11.92,77.85,17.26,4.44,5,766.68,64.65
V006,Himalaya Dawn,PARADIP,18.3585,87.3969,9.63,303.52,17.57,2.03,5,232.84,20.73
V001,Ganga Glory,VIZAG,18.2872,88.2293,12.09,203.67,32.85,2.36,7,527.61,44.64
V002,Bharat Star,HALDIA,20.2951,93.5124,11.45,152.92,27.07,4.14,0,596.66,47.45
V003,Odisha Queen,VIZAG,17.5682,77.5589,14.54,4.29,9.35,4.47,0,606.41,34.74
V004,Steel Infinity,VIZAG,19.6267,82.3634,13.96,146.43,9.66,1.9,5,236.0,13.52
V003,Odisha Queen,SMPK,21.5357,89.819,12.15,67.05,16.46,4.43,6,192.95,16.28
V006,Himalaya Dawn,SMPK,15.9366,90.1365,8.76,202.05,6.88,4.5,0,760.19,71.22
V004,Steel Infinity,HALDIA,21.79,82.1325,9.28,271.96,29.39,1.89,12,611.99,71.91
V001,Ganga Glory,VIZAG,20.4106,85.5633,9.62,143.45,24.58,1.49,2,386.12,32.08
V004,Steel Infinity,VIZAG,18.4075,86.7052,11.64,280.38,26.44,2.49,9,370.8,33.09
V003,Odisha Queen,HALDIA,15.4186,89.1709,9.24,346.76,29.55,4.32,3,742.2,81.75
V002,Bharat Star,PARADIP,23.9095,87.0988,13.99,280.61,15.27,2.0,1,402.16,21.65
V005,Eastern Titan,PARADIP,21.678,82.2562,13.59,356.87,22.82,4.35,7,477.48,38.22
V006,Himalaya Dawn,SMPK,27.8301,89.517,9.89,210.36,19.16,1.8,6,599.75,53.06
V004,Steel Infinity,HALDIA,24.9827,88.5788,9.32,271.17,25.65,3.48,8,334.75,38.64
V004,Steel Infinity,HALDIA,25.485,81.9177,13.37,237.91,17.82,1.37,12,734.77,53.15
V002,Bharat Star,SMPK,23.1233,85.5426,12.9,353.94,22.45,4.2,2,289.67,21.16
V006,Himalaya Dawn,HALDIA,19.1277,81.4397,14.8,119.33,7.26,2.91,11,759.95,50.35
V003,Odisha Queen,VIZAG,19.4736,79.653,12.86,310.43,15.93,0.97,1,430.64,23.43
V005,Eastern Titan,VIZAG,15.6905,82.7707,12.68,316.25,25.93,2.35,3,228.85,15.89
V002,Bharat Star,VIZAG,14.4945,85.3869,14.52,27.05,14.05,2.01,2,420.6,22.26
V002,Bharat Star,VIZAG,17.2605,85.9027,10.91,165.85,31.72,1.12,10,282.24,25.98
V005,Eastern Titan,PARADIP,17.9253,86.9748,13.42,288.91,14.81,3.22,3,268.87,17.36
V004,Steel Infinity,PARADIP,22.8078,89.0654,13.54,166.53,32.91,1.07,6,374.78,25.35
V002,Bharat Star,HALDIA,25.1761,82.1545,8.9,233.83,24.75,3.73,8,697.05,85.09
V002,Bharat Star,SMPK,26.1134,85.4643,12.34,84.24,14.35,3.7,2,489.39,34.4
V003,Odisha Queen,PARADIP,20.8379,90.208,14.33,328.33,8.01,4.38,7,377.91,26.19
V002,Bharat Star,PARADIP,16.54,87.1527,9.3,101.36,7.02,3.69,12,424.06,48.25
V003,Odisha Queen,HALDIA,25.1585,85.5538,13.01,55.72,19.85,2.26,2,433.32,27.18
V003,Odisha Queen,HALDIA,25.5042,93.184,13.52,327.61,18.31,3.72,2,650.19,42.86
V006,Himalaya Dawn,SMPK,18.2576,85.8692,11.92,0.25,2.69,0.33,12,540.31,35.32
V004,Steel Infinity,VIZAG,16.0291,84.2921,14.32,259.72,23.82,3.66,4,213.79,14.5
V007,Ocean Sapphire,VIZAG,17.5653,89.3934,11.31,169.84,29.49,2.6,8,647.98,59.71
V001,Ganga Glory,VIZAG,14.3652,85.3816,10.66,263.63,26.31,2.26,5,432.56,37.55
V006,Himalaya Dawn,PARADIP,18.3199,87.6281,13.21,309.32,29.83,2.47,0,246.28,15.57
V006,Himalaya Dawn,HALDIA,24.0655,84.0836,9.31,163.75,26.45,0.89,6,466.65,43.29
V003,Odisha Queen,VIZAG,17.592,81.0909,14.48,0.49,15.18,2.78,12,232.23,16.86
V007,Ocean Sapphire,HALDIA,27.056,89.0248,12.74,74.85,12.12,3.8,2,569.51,38.46
V007,Ocean Sapphire,HALDIA,26.3827,89.511,10.78,349.63,29.06,3.78,12,507.99,57.82
V004,Steel Infinity,PARADIP,21.6291,80.9762,14.05,258.09,22.54,1.72,1,603.74,33.43
V002,Bharat Star,VIZAG,19.4821,78.3061,11.32,309.64,10.2,3.06,4,560.78,42.24
V005,Eastern Titan,HALDIA,26.8095,85.4478,13.31,10.31,8.07,1.71,12,595.58,41.18
V002,Bharat Star,SMPK,22.2891,91.4273,14.4,283.72,31.64,4.44,7,322.76,25.81
V004,Steel Infinity,VIZAG,16.0254,86.8577,10.36,158.08,26.65,0.68,10,423.31,38.32
V005,Eastern Titan,SMPK,25.5908,93.3449,9.02,326.44,26.87,3.35,5,613.62,67.82
V006,Himalaya Dawn,HALDIA,23.3821,86.2545,8.04,314.85,29.39,2.09,5,239.96,27.88
V006,Himalaya Dawn,VIZAG,23.0434,85.4636,10.76,176.06,20.36,0.73,11,637.26,54.36
V006,Himalaya Dawn,PARADIP,23.4009,90.6239,10.21,350.46,6.31,3.48,2,536.68,42.49
V005,Eastern Titan,HALDIA,22.3631,90.6994,9.89,1.46,23.31,1.5,12,274.57,28.24
V007,Ocean Sapphire,SMPK,18.9822,82.3217,11.11,283.51,19.6,1.66,9,737.23,62.03
V003,Odisha Queen,PARADIP,17.3012,86.3983,10.24,106.83,27.68,3.64,7,336.48,35.26
V004,Steel Infinity,HALDIA,28.3008,85.5563,13.86,357.1,34.27,3.35,9,743.44,61.76
V002,Bharat Star,SMPK,28.0534,87.5388,13.0,72.46,25.32,4.47,9,616.7,55.36
V003,Odisha Queen,PARADIP,20.4475,91.433,9.25,51.86,9.57,0.61,7,501.85,41.04
V002,Bharat Star,SMPK,22.4533,81.1529,9.41,298.05,17.56,2.66,8,734.23,75.41
V005,Eastern Titan,HALDIA,19.5747,88.125,10.84,258.01,11.7,3.58,8,270.87,24.71
V005,Eastern Titan,SMPK,17.3231,84.74,10.31,357.08,7.15,3.03,8,690.03,61.64
V001,Ganga Glory,VIZAG,19.7946,87.6153,8.42,351.1,4.26,3.28,12,512.95,61.37
V002,Bharat Star,PARADIP,21.1291,82.5913,9.64,249.55,30.26,0.94,10,428.52,43.62
V007,Ocean Sapphire,VIZAG,16.6163,80.299,10.51,276.1,8.86,0.6,3,338.48,21.79
V003,Odisha Queen,PARADIP,20.9095,89.7294,11.95,263.92,28.45,2.58,7,330.18,27.87
V004,Steel Infinity,SMPK,20.9869,90.1088,9.49,17.94,7.71,4.09,2,255.14,22.89
V005,Eastern Titan,PARADIP,15.8211,88.0441,9.09,28.18,5.91,2.81,6,522.4,49.13
V001,Ganga Glory,PARADIP,14.6046,82.5776,11.94,183.42,26.19,1.17,3,766.51,52.16
V001,Ganga Glory,VIZAG,13.8843,80.7549,8.53,53.23,30.2,1.27,6,502.04,53.66
V002,Bharat Star,SMPK,23.7368,82.2286,12.5,192.09,8.38,3.2,7,634.59,46.6
V004,Steel Infinity,HALDIA,23.3771,92.768,13.01,338.12,22.49,1.72,12,506.3,39.95
V007,Ocean Sapphire,PARADIP,17.175,88.0827,14.87,235.57,11.99,0.75,5,382.11,19.09
V006,Himalaya Dawn,VIZAG,23.7899,80.9959,13.83,295.89,3.36,2.66,10,718.61,47.46
V003,Odisha Queen,SMPK,24.6017,89.5151,8.16,98.69,4.05,0.48,3,259.58,20.39
V003,Odisha Queen,SMPK,16.6224,84.6201,8.67,201.23,34.57,4.06,7,763.45,100.87
V006,Himalaya Dawn,HALDIA,19.9751,89.9372,13.04,119.92,24.49,3.52,6,298.61,23.32
V006,Himalaya Dawn,SMPK,22.0675,84.3964,9.04,278.62,12.79,1.34,0,405.13,30.56
V006,Himalaya Dawn,VIZAG,19.7265,81.1889,13.51,173.95,16.95,4.35,11,315.87,26.97
V007,Ocean Sapphire,HALDIA,21.7655,86.2456,10.75,67.25,28.24,4.42,2,189.17,17.39
V002,Bharat Star,VIZAG,18.6878,86.1284,12.26,250.76,22.53,4.43,10,320.69,30.67
V003,Odisha Queen,VIZAG,18.6286,86.3037,11.61,164.38,17.28,1.15,4,336.08,22.56
V005,Eastern Titan,HALDIA,24.0623,85.4688,14.08,89.29,8.3,3.21,6,349.81,22.24
V003,Odisha Queen,VIZAG,14.7602,86.3064,10.1,89.18,10.6,3.25,1,458.81,36.19
V005,Eastern Titan,PARADIP,16.7897,88.2834,10.73,125.31,13.39,0.87,8,429.92,32.79
V006,Himalaya Dawn,HALDIA,26.4507,88.6514,9.54,66.87,10.94,3.6,0,497.41,41.41
V002,Bharat Star,HALDIA,26.6175,84.4822,8.72,99.0,3.75,1.7,3,627.53,51.19
V005,Eastern Titan,SMPK,23.2694,86.1901,13.86,149.43,13.3,0.77,9,230.43,13.81
V005,Eastern Titan,VIZAG,13.4547,85.2945,9.14,18.29,11.59,2.34,10,517.99,53.74
V003,Odisha Queen,VIZAG,19.584,87.1025,11.53,244.59,25.67,3.81,8,454.47,43.26
V005,Eastern Titan,HALDIA,21.9929,91.8773,13.95,205.48,26.81,2.64,12,393.54,31.78
V003,Odisha Queen,HALDIA,22.3157,83.7559,13.4,54.72,23.47,4.42,2,444.52,31.87
V007,Ocean Sapphire,VIZAG,13.9364,86.8416,11.24,335.51,28.85,1.24,7,565.09,46.44
V001,Ganga Glory,PARADIP,16.365,88.5796,12.95,183.85,24.88,2.15,2,485.96,31.46
V006,Himalaya Dawn,PARADIP,19.7354,90.531,10.28,23.69,32.38,4.04,7,413.71,45.47
V002,Bharat Star,VIZAG,18.4967,86.0161,13.35,210.81,4.03,3.89,10,302.78,22.77
V006,Himalaya Dawn,SMPK,21.8015,81.1476,9.8,53.74,7.12,3.74,0,741.09,59.07
V004,Steel Infinity,VIZAG,16.0042,82.2971,10.1,20.03,16.76,3.37,3,214.66,18.84
V007,Ocean Sapphire,SMPK,19.4886,91.75,14.12,326.76,9.4,0.53,7,494.03,26.25
V001,Ganga Glory,PARADIP,13.943,84.4499,14.38,185.31,2.44,0.58,4,745.6,33.99
V002,Bharat Star,PARADIP,25.185,85.6197,10.9,233.7,3.23,2.36,1,550.59,35.68
V005,Eastern Titan,VIZAG,19.5575,84.2543,10.77,208.3,3.1,2.24,12,231.64,19.85
V002,Bharat Star,PARADIP,18.9838,89.7136,12.11,160.1,25.89,0.66,10,356.39,27.4
V002,Bharat Star,VIZAG,19.4934,84.6301,14.1,166.53,2.44,2.69,3,245.88,13.29
V006,Himalaya Dawn,PARADIP,22.2889,83.3881,10.79,240.99,15.69,0.51,9,400.01,30.73
V007,Ocean Sapphire,PARADIP,21.4365,91.4157,13.82,346.76,23.0,0.58,7,513.45,31.29
V004,Steel Infinity,VIZAG,16.5895,79.1627,8.73,355.45,5.39,2.9,5,454.27,43.46
V005,Eastern Titan,HALDIA,24.8647,86.096,14.8,60.74,9.08,1.32,2,375.36,17.77
V002,Bharat Star,SMPK,22.9433,82.239,13.33,163.48,12.46,1.71,4,623.02,36.66
V002,Bharat Star,PARADIP,16.1647,83.8713,9.48,191.14,22.61,1.96,0,545.62,44.25
V001,Ganga Glory,HALDIA,17.7235,86.9668,13.41,333.33,28.77,2.46,10,490.15,39.38
V001,Ganga Glory,HALDIA,23.0121,85.568,14.99,84.34,24.23,4.33,5,279.17,19.4
V002,Bharat Star,PARADIP,23.7622,91.036,14.68,124.23,9.72,2.12,12,594.61,38.97
V002,Bharat Star,HALDIA,18.6881,87.2734,11.24,182.19,27.83,3.08,0,378.37,28.87
V007,Ocean Sapphire,HALDIA,19.4899,86.3992,10.37,332.16,28.39,0.64,1,329.15,23.81
V005,Eastern Titan,HALDIA,29.1347,87.9814,8.5,351.91,18.67,3.46,6,792.27,91.11
V005,Eastern Titan,PARADIP,18.9594,85.2542,13.4,52.5,16.93,0.92,3,208.2,11.54
V001,Ganga Glory,HALDIA,23.2048,86.3898,8.05,40.94,32.76,3.15,2,216.9,25.35
V005,Eastern Titan,SMPK,21.1146,84.4688,8.52,38.9,10.88,1.29,5,426.43,38.5
V006,Himalaya Dawn,PARADIP,25.7447,85.9797,9.43,71.36,32.69,0.96,3,606.74,53.93
V002,Bharat Star,HALDIA,27.8389,84.6274,12.11,231.39,26.08,0.9,9,734.66,56.24
V003,Odisha Queen,SMPK,22.8699,90.5957,14.31,322.33,31.49,2.02,8,238.15,16.92
V005,Eastern Titan,SMPK,27.1443,90.505,14.34,121.31,32.45,0.47,9,557.17,36.59
V006,Himalaya Dawn,HALDIA,23.2972,81.4272,10.59,317.23,32.83,1.01,6,695.45,59.87
V002,Bharat Star,VIZAG,13.0443,86.571,11.92,322.81,20.23,1.64,1,625.52,39.91
V005,Eastern Titan,PARADIP,18.3936,84.619,12.22,174.89,25.19,2.88,6,299.91,24.1
V004,Steel Infinity,PARADIP,14.0611,83.9345,14.32,230.82,13.5,3.63,8,752.09,52.74
V002,Bharat Star,PARADIP,18.9115,88.7517,9.08,250.15,19.4,1.67,7,272.73,26.73
V004,Steel Infinity,VIZAG,20.2131,78.7605,11.5,247.98,12.37,3.33,5,551.87,43.45
V004,Steel Infinity,VIZAG,15.526,84.5401,10.71,272.55,8.21,2.87,10,275.55,24.75
V004,Steel Infinity,HALDIA,20.1737,91.6653,9.72,281.29,5.35,1.26,8,426.12,34.66
V004,Steel Infinity,PARADIP,21.6614,82.9548,10.12,256.07,3.13,0.49,8,408.68,29.24
V001,Ganga Glory,HALDIA,24.8344,91.707,13.46,320.5,5.3,3.28,10,486.88,35.11
V001,Ganga Glory,HALDIA,26.5939,89.1134,14.42,276.91,14.14,1.38,0,520.76,24.98
V005,Eastern Titan,VIZAG,16.0292,80.7728,8.59,273.51,18.26,4.44,3,324.48,36.21
V001,Ganga Glory,HALDIA,23.5935,83.8454,9.63,26.9,20.89,0.98,0,466.49,34.22
V004,Steel Infinity,VIZAG,15.718,76.5594,10.57,241.09,31.72,0.51,12,748.52,71.24
V001,Ganga Glory,SMPK,26.7736,94.0243,13.13,274.27,20.83,4.28,6,744.9,59.2
V006,Himalaya Dawn,HALDIA,28.0199,86.1794,8.76,23.98,4.28,1.15,7,694.58,60.06
V004,Steel Infinity,HALDIA,23.8082,83.843,12.84,24.13,34.86,1.92,2,475.92,32.72
V005,Eastern Titan,HALDIA,27.8207,89.9856,9.11,262.47,16.01,3.43,4,674.64,67.4
V003,Odisha Queen,SMPK,23.238,90.5992,10.22,116.4,22.95,3.84,6,247.63,24.94
V004,Steel Infinity,HALDIA,18.701,91.0253,11.93,286.62,4.19,0.46,9,480.53,30.09
V007,Ocean Sapphire,PARADIP,18.4774,88.6684,10.6,102.08,14.69,2.57,12,296.86,28.89
V004,Steel Infinity,HALDIA,22.1392,82.5287,11.39,149.6,32.03,3.03,8,570.12,54.47
V001,Ganga Glory,PARADIP,22.1521,89.1079,12.87,106.22,34.36,3.11,10,328.6,29.69
V001,Ganga Glory,HALDIA,24.0647,89.1306,8.03,325.53,25.41,3.57,0,253.37,27.47
V004,Steel Infinity,VIZAG,17.121,81.1924,11.14,166.21,6.75,3.71,12,230.36,21.87
V004,Steel Infinity,SMPK,17.6762,87.386,12.7,164.35,34.68,4.13,7,550.27,49.88
V001,Ganga Glory,VIZAG,14.0866,84.9686,13.58,104.84,9.06,4.0,10,439.49,33.9
V007,Ocean Sapphire,PARADIP,24.3128,85.4588,10.17,73.46,20.79,1.71,7,459.75,40.76
V007,Ocean Sapphire,VIZAG,19.9695,80.5192,8.92,144.22,23.21,3.6,10,385.55,48.36
V001,Ganga Glory,SMPK,20.7706,90.279,9.2,321.93,3.25,1.42,6,284.55,23.18
V002,Bharat Star,VIZAG,11.825,84.532,14.48,23.31,23.82,2.48,0,665.9,36.93
V004,Steel Infinity,PARADIP,21.8552,81.4046,9.43,48.35,25.75,1.02,12,567.33,60.13
V006,Himalaya Dawn,SMPK,20.5168,90.7202,10.74,7.26,31.03,0.97,12,337.29,32.49
V006,Himalaya Dawn,PARADIP,14.0263,87.8531,8.59,242.81,27.46,2.07,12,711.97,90.27
V001,Ganga Glory,HALDIA,25.1954,91.5111,14.44,101.64,20.05,1.86,8,499.05,32.13
V002,Bharat Star,HALDIA,23.0621,86.395,14.58,189.45,23.19,1.83,2,207.19,11.52
V005,Eastern Titan,PARADIP,16.2328,88.964,11.92,123.07,16.3,2.44,12,517.46,44.91
V004,Steel Infinity,PARADIP,24.9189,84.5153,10.12,303.13,31.03,2.28,4,555.1,51.07
V006,Himalaya Dawn,PARADIP,17.0949,89.6625,12.28,276.58,25.69,1.66,1,480.88,31.03
V006,Himalaya Dawn,PARADIP,19.556,92.009,10.76,326.19,14.04,3.2,2,569.65,44.3
V007,Ocean Sapphire,SMPK,19.8436,85.3203,12.12,282.77,31.78,1.03,1,431.23,28.14
V001,Ganga Glory,SMPK,22.959,82.731,12.25,218.17,23.73,0.94,7,572.83,40.72
V007,Ocean Sapphire,VIZAG,11.8056,83.2356,11.3,202.99,5.46,2.31,7,654.33,48.69
V003,Odisha Queen,VIZAG,22.0046,85.1937,14.55,342.62,30.32,4.26,12,519.81,45.41
V002,Bharat Star,PARADIP,23.2109,83.5977,13.25,355.7,2.61,2.86,2,448.01,25.43
V007,Ocean Sapphire,PARADIP,22.1795,81.0059,14.51,190.2,27.14,2.73,11,617.4,47.23
V006,Himalaya Dawn,SMPK,18.555,92.6954,14.27,272.55,14.62,2.78,3,637.68,37.51
V001,Ganga Glory,PARADIP,19.8024,92.6681,13.02,303.84,33.8,4.18,2,634.29,49.02
V003,Odisha Queen,SMPK,20.6539,83.3394,10.67,231.59,11.0,1.15,2,554.45,36.47
V006,Himalaya Dawn,PARADIP,17.649,84.9495,11.32,285.92,20.16,4.16,2,345.04,28.25
V001,Ganga Glory,SMPK,28.258,90.0887,12.48,145.98,12.97,4.48,4,659.6,50.47
V007,Ocean Sapphire,SMPK,18.3615,92.1051,9.11,200.25,27.53,3.57,7,611.53,71.68
V002,Bharat Star,PARADIP,22.2908,81.4628,11.87,137.12,14.76,2.39,3,577.41,39.74
V004,Steel Infinity,SMPK,25.1162,94.7037,11.35,91.1,34.27,4.23,9,710.97,75.93
V002,Bharat Star,HALDIA,27.1706,86.9627,13.52,53.45,17.05,3.05,7,584.45,41.72
V006,Himalaya Dawn,SMPK,21.5913,94.6137,14.84,238.44,28.39,0.86,11,659.23,43.74
V004,Steel Infinity,PARADIP,22.5076,88.0578,13.35,129.21,21.16,3.51,8,285.16,22.37
V007,Ocean Sapphire,SMPK,17.7627,83.7781,10.3,170.14,30.09,2.57,6,711.32,68.64
V002,Bharat Star,PARADIP,14.7974,90.0418,8.0,59.46,23.36,3.14,12,713.14,101.44
V003,Odisha Queen,SMPK,19.5369,82.4652,14.63,320.6,6.99,2.71,0,691.92,34.27
V005,Eastern Titan,SMPK,28.0204,84.7152,8.29,342.42,14.6,4.15,0,706.92,71.97
V001,Ganga Glory,HALDIA,28.3182,90.7821,14.9,10.9,2.46,0.38,11,752.95,38.59
V003,Odisha Queen,HALDIA,23.4922,84.0197,12.69,174.23,33.76,3.32,3,445.86,34.56
V007,Ocean Sapphire,HALDIA,18.4582,84.6028,10.03,277.14,9.47,2.01,5,534.81,42.94
V004,Steel Infinity,VIZAG,14.7618,80.6612,11.38,47.87,5.84,2.56,10,429.15,34.82
V003,Odisha Queen,HALDIA,16.4404,85.7202,13.59,335.68,9.26,3.76,7,666.2,47.08
V004,Steel Infinity,PARADIP,21.3379,91.6528,10.87,230.68,32.34,2.86,9,535.12,54.38
V005,Eastern Titan,VIZAG,20.7906,86.5002,9.37,160.19,13.16,3.8,11,482.82,55.98
V001,Ganga Glory,VIZAG,12.5629,83.1272,11.06,210.54,18.82,4.22,8,570.35,55.64
V002,Bharat Star,SMPK,26.2243,93.1137,14.78,116.98,15.68,0.72,3,635.94,31.16
V002,Bharat Star,PARADIP,21.8262,85.5098,14.65,262.45,16.79,1.7,0,203.27,10.04
V003,Odisha Queen,SMPK,24.5062,90.2897,8.32,321.65,15.55,3.9,6,297.42,35.24
V005,Eastern Titan,VIZAG,14.3635,85.7004,13.99,269.15,23.1,1.84,7,451.34,29.86
V005,Eastern Titan,SMPK,23.2725,94.8921,14.12,135.16,9.02,1.91,3,679.88,36.35
V002,Bharat Star,SMPK,27.5266,83.624,12.15,214.03,24.92,2.49,10,726.56,62.94
V007,Ocean Sapphire,VIZAG,19.4992,86.0524,9.53,151.54,28.2,0.25,9,354.73,33.41
V003,Odisha Queen,PARADIP,22.1737,89.1847,14.21,292.13,6.44,0.69,10,336.34,18.85
V001,Ganga Glory,PARADIP,16.5017,80.7992,14.63,138.57,31.23,3.09,1,746.45,46.04
V004,Steel Infinity,HALDIA,21.167,94.4139,13.91,188.43,25.74,4.23,2,663.56,45.94
V003,Odisha Queen,SMPK,22.9132,83.7955,12.5,40.33,30.76,1.47,2,463.71,30.92
V005,Eastern Titan,VIZAG,19.9211,82.2552,8.04,229.38,16.3,1.71,1,270.53,25.0
V006,Himalaya Dawn,HALDIA,19.5716,91.0918,10.36,130.74,5.39,1.37,4,415.72,28.93
V005,Eastern Titan,PARADIP,22.5916,84.853,8.06,36.8,9.39,0.64,12,311.83,32.93
V007,Ocean Sapphire,VIZAG,19.2745,80.6364,10.01,309.95,21.71,1.83,8,329.79,30.91
V005,Eastern Titan,SMPK,25.6203,85.0492,14.77,96.81,25.63,2.29,12,474.77,35.1
V002,Bharat Star,PARADIP,26.4737,88.8035,9.05,304.87,22.97,0.49,12,719.57,74.72
V003,Odisha Queen,PARADIP,23.4119,86.3795,14.38,127.18,2.92,3.91,5,344.7,21.17
V002,Bharat Star,PARADIP,22.2478,88.4753,11.11,352.28,13.86,0.65,2,287.92,17.87
V004,Steel Infinity,HALDIA,22.121,89.8855,13.01,7.83,5.19,0.55,12,188.52,11.79
V006,Himalaya Dawn,SMPK,20.5588,84.7448,8.39,253.34,31.99,4.07,10,429.16,62.07
V003,Odisha Queen,HALDIA,20.6894,85.4729,12.17,161.07,33.27,1.2,1,305.52,20.31
V004,Steel Infinity,SMPK,24.7977,89.3899,10.2,41.93,8.31,3.55,1,273.47,21.46
V004,Steel Infinity,HALDIA,19.2866,85.1492,14.19,191.45,30.03,3.73,10,428.26,35.48
V003,Odisha Queen,VIZAG,17.8313,80.6824,11.55,305.24,15.98,4.16,2,275.52,21.54
V006,Himalaya Dawn,HALDIA,15.7273,84.7979,10.99,145.56,15.58,1.95,5,778.27,59.46
V003,Odisha Queen,HALDIA,27.3157,87.2939,8.97,338.08,3.68,0.22,5,595.02,43.68
V003,Odisha Queen,PARADIP,23.4818,88.946,12.56,164.23,29.87,4.43,12,425.65,43.39
V003,Odisha Queen,SMPK,18.5664,88.5459,8.13,352.05,25.46,2.77,1,443.69,46.54
V007,Ocean Sapphire,SMPK,24.6295,85.0442,11.77,146.04,14.32,0.5,1,404.38,22.83
V002,Bharat Star,PARADIP,24.0442,87.0307,12.46,316.07,22.35,3.91,4,416.27,32.65
V005,Eastern Titan,HALDIA,23.4036,90.1008,10.13,77.33,10.42,3.34,11,260.44,26.58
V002,Bharat Star,HALDIA,21.493,93.4325,12.75,313.88,9.88,2.16,11,557.8,41.36
V004,Steel Infinity,PARADIP,16.6614,84.2462,14.37,126.83,9.89,1.29,3,477.64,24.04
V006,Himalaya Dawn,PARADIP,15.8076,87.2972,9.77,264.41,29.87,1.38,1,506.84,41.51
V006,Himalaya Dawn,SMPK,18.818,85.3443,14.7,123.15,18.03,4.33,1,516.43,31.56
V007,Ocean Sapphire,SMPK,16.6544,86.4932,10.16,137.18,10.01,3.05,8,682.3,63.25
V007,Ocean Sapphire,HALDIA,23.9046,88.0334,13.68,352.04,30.83,4.31,3,210.69,15.78
V003,Odisha Queen,SMPK,19.0744,82.3438,10.36,349.36,32.45,1.34,5,729.66,63.84
V006,Himalaya Dawn,SMPK,22.0761,85.4044,11.37,150.33,3.02,3.95,7,302.49,24.79
V006,Himalaya Dawn,VIZAG,23.7819,87.098,11.64,230.07,20.49,2.49,9,785.04,67.3
V004,Steel Infinity,HALDIA,24.0552,86.245,11.31,106.76,16.61,0.29,4,293.61,18.78
V001,Ganga Glory,PARADIP,19.1451,91.3584,9.1,240.94,20.97,3.87,0,512.83,48.64
V003,Odisha Queen,VIZAG,19.909,83.3575,13.76,204.5,5.08,1.58,1,246.88,12.08
V004,Steel Infinity,SMPK,28.2904,85.6987,10.15,265.35,25.36,0.65,12,689.62,65.86
V005,Eastern Titan,VIZAG,21.6139,77.4753,9.53,269.94,12.3,0.97,10,748.09,67.3
V007,Ocean Sapphire,SMPK,23.7915,86.7238,14.97,350.98,20.9,1.62,7,212.18,12.71
V004,Steel Infinity,HALDIA,24.3517,88.8429,11.7,253.61,10.76,4.39,5,272.41,22.39
V006,Himalaya Dawn,SMPK,24.464,93.5725,8.56,24.05,33.57,1.69,10,578.15,71.43
V004,Steel Infinity,VIZAG,16.4092,86.3024,8.07,151.71,9.33,0.53,10,351.44,35.07
V002,Bharat Star,SMPK,18.2677,83.1155,10.97,88.12,30.46,2.51,6,720.04,65.14
V006,Himalaya Dawn,VIZAG,16.4718,76.6348,11.82,57.39,20.77,1.96,1,719.14,47.55
V007,Ocean Sapphire,VIZAG,20.4057,83.8591,8.25,170.88,8.08,1.71,11,308.04,33.61
V002,Bharat Star,PARADIP,23.1861,92.4067,14.2,269.75,21.46,0.54,5,677.18,37.61
V005,Eastern Titan,VIZAG,14.3376,85.9772,13.51,145.77,29.47,1.65,11,471.21,36.6
V005,Eastern Titan,PARADIP,16.7906,89.9243,9.1,34.58,32.65,3.78,12,524.68,72.27
V001,Ganga Glory,HALDIA,23.865,87.9393,10.15,176.91,15.36,0.52,11,206.63,17.65
V003,Odisha Queen,PARADIP,21.0586,84.348,14.38,288.42,29.47,3.39,8,250.2,19.05
V006,Himalaya Dawn,SMPK,24.2158,86.7591,10.31,25.92,11.38,0.31,2,242.98,15.46
V007,Ocean Sapphire,SMPK,16.9124,85.3884,10.99,199.09,10.3,3.67,2,696.95,53.41
V006,Himalaya Dawn,VIZAG,15.8913,77.3786,12.9,298.41,23.69,3.15,8,659.25,53.15
V005,Eastern Titan,PARADIP,22.9257,86.1104,9.59,232.11,22.96,0.78,10,294.49,28.23
V003,Odisha Queen,PARADIP,22.0695,85.8444,9.75,19.78,25.79,3.5,9,210.5,23.84
V002,Bharat Star,HALDIA,15.5037,87.928,9.21,303.46,2.72,1.14,10,723.6,62.98
V007,Ocean Sapphire,PARADIP,22.3645,85.959,14.89,83.2,2.89,1.86,0,237.42,10.47
V004,Steel Infinity,VIZAG,19.702,86.5524,10.07,261.02,14.88,3.69,5,410.9,38.51
V004,Steel Infinity,PARADIP,27.2619,85.5427,9.86,113.68,16.84,2.12,12,779.63,80.27
V006,Himalaya Dawn,HALDIA,15.7814,89.3634,10.33,127.02,9.24,0.78,8,706.01,53.6
V004,Steel Infinity,PARADIP,19.318,89.1237,13.1,265.3,17.53,3.04,2,284.61,18.42
V003,Odisha Queen,PARADIP,18.8801,87.8472,11.34,112.64,6.65,1.48,3,205.33,12.96
V006,Himalaya Dawn,PARADIP,17.8943,81.27,9.69,357.38,15.91,0.45,12,623.41,56.95
V002,Bharat Star,VIZAG,18.4173,80.5554,12.97,225.03,32.79,2.13,11,299.18,25.56
V004,Steel Infinity,SMPK,24.1487,90.7037,11.69,80.38,19.58,1.18,6,303.0,21.72
V005,Eastern Titan,VIZAG,19.623,86.5568,14.95,80.69,9.72,3.66,7,406.65,26.03
V004,Steel Infinity,SMPK,24.3577,85.497,12.51,179.81,24.61,2.32,0,349.49,22.31
V002,Bharat Star,VIZAG,15.423,81.4522,14.19,238.5,28.19,0.8,1,318.58,17.03
V002,Bharat Star,SMPK,28.6758,88.2472,11.01,84.08,28.3,2.9,9,681.18,66.82
V006,Himalaya Dawn,PARADIP,21.9134,92.9896,9.82,267.63,8.81,4.38,1,683.98,59.19
V004,Steel Infinity,VIZAG,13.4395,85.2076,14.04,254.79,7.81,3.91,4,515.74,32.66
V003,Odisha Queen,PARADIP,21.2604,84.1296,14.32,208.21,8.63,2.08,9,279.2,17.32
V006,Himalaya Dawn,PARADIP,16.2148,91.5174,10.87,171.45,28.73,0.27,7,689.65,54.55
V001,Ganga Glory,SMPK,16.0676,91.5965,14.06,155.35,21.37,1.47,3,799.41,45.59
V004,Steel Infinity,VIZAG,20.8881,82.9225,13.92,59.49,6.77,2.06,4,357.59,19.81
V006,Himalaya Dawn,HALDIA,25.0041,82.8867,11.3,162.23,11.25,0.53,2,623.68,36.86
V007,Ocean Sapphire,PARADIP,17.6824,81.7265,11.67,158.14,32.24,2.81,11,592.14,58.5
V002,Bharat Star,PARADIP,22.8352,88.5427,14.57,72.31,25.54,2.86,6,343.13,23.15
V001,Ganga Glory,SMPK,18.7125,83.0665,10.16,167.47,20.52,0.9,2,691.74,50.52
V002,Bharat Star,SMPK,20.9707,90.3765,12.54,42.85,12.05,0.3,11,277.16,18.29
V003,Odisha Queen,PARADIP,17.5781,83.3841,13.97,92.68,20.35,3.32,10,456.88,35.29
V002,Bharat Star,HALDIA,26.0513,92.219,12.56,41.6,28.44,3.71,8,616.6,54.47
V005,Eastern Titan,VIZAG,20.4811,80.6275,11.26,191.65,17.34,2.2,12,417.12,37.95
V004,Steel Infinity,VIZAG,17.2961,87.7697,12.08,31.67,27.28,4.06,4,478.14,40.22
V002,Bharat Star,VIZAG,15.2825,81.7165,10.78,333.07,15.92,1.57,1,315.35,21.44
V006,Himalaya Dawn,VIZAG,19.534,81.9457,13.45,194.19,7.04,1.17,12,248.62,16.13
V002,Bharat Star,VIZAG,17.0342,87.7484,12.32,29.37,10.9,2.77,7,479.78,35.31
V005,Eastern Titan,SMPK,23.838,89.6968,13.5,166.47,28.13,3.48,7,202.22,15.96
V003,Odisha Queen,HALDIA,22.0359,81.2667,11.16,57.53,22.96,2.83,6,700.21,60.53
V006,Himalaya Dawn,PARADIP,17.1913,89.0072,10.21,285.79,32.98,4.16,0,429.17,39.66
V005,Eastern Titan,VIZAG,16.2334,79.4371,10.02,38.32,28.48,3.12,5,439.63,43.55
V002,Bharat Star,HALDIA,20.9875,85.5249,13.54,169.03,29.23,4.45,3,285.86,21.61
V001,Ganga Glory,SMPK,24.3492,84.8357,8.04,218.0,14.1,4.23,0,406.07,42.7
V006,Himalaya Dawn,PARADIP,22.0733,88.7684,13.08,175.28,15.82,2.76,8,295.99,21.76
V006,Himalaya Dawn,SMPK,16.0618,86.3835,10.03,27.68,24.51,4.35,2,748.93,71.87
V006,Himalaya Dawn,PARADIP,15.1398,88.1204,14.2,183.52,13.72,2.79,0,597.51,32.22
V001,Ganga Glory,HALDIA,16.2295,87.6242,10.65,287.27,28.03,3.51,4,644.39,59.74
V005,Eastern Titan,SMPK,23.9362,89.5972,9.12,2.6,26.75,1.15,12,203.28,22.65
V002,Bharat Star,VIZAG,12.4044,80.2236,12.22,205.93,31.53,1.39,12,673.09,58.88
V003,Odisha Queen,SMPK,26.5812,86.3187,8.01,235.04,24.93,0.57,2,490.97,45.88
V002,Bharat Star,PARADIP,15.8876,83.7533,10.76,133.44,8.28,0.27,9,578.49,40.95
V001,Ganga Glory,PARADIP,18.18,86.1517,11.43,178.83,24.25,0.82,10,242.98,19.78
V007,Ocean Sapphire,VIZAG,17.7506,79.389,12.81,254.33,30.16,4.1,0,412.18,29.77
V002,Bharat Star,SMPK,19.4428,91.1018,12.19,198.37,18.99,1.33,2,451.6,28.09
V002,Bharat Star,HALDIA,25.0918,82.5369,9.16,328.62,32.68,3.06,3,658.96,69.19
V004,Steel Infinity,PARADIP,19.7107,93.6658,12.58,39.23,17.51,3.87,1,739.19,51.11
V006,Himalaya Dawn,VIZAG,17.5764,81.3437,12.97,334.62,23.18,0.67,11,205.58,14.8
V003,Odisha Queen,SMPK,20.8697,89.6326,9.18,284.66,34.16,2.83,11,232.08,29.54
V003,Odisha Queen,HALDIA,23.7072,91.8921,8.7,274.0,15.44,3.09,5,435.62,45.55
V006,Himalaya Dawn,HALDIA,22.4705,93.3229,12.31,39.57,13.58,0.79,0,544.05,29.02
V004,Steel Infinity,VIZAG,20.3053,83.1129,12.86,300.91,28.95,0.9,9,291.34,21.46
V007,Ocean Sapphire,VIZAG,23.0924,86.5292,13.41,326.8,2.67,0.91,3,689.51,33.86
V001,Ganga Glory,PARADIP,22.836,90.6223,12.31,259.8,9.26,1.89,5,499.49,32.32
V006,Himalaya Dawn,SMPK,26.8286,93.4248,10.1,123.87,29.96,4.43,0,702.98,65.56
V006,Himalaya Dawn,PARADIP,17.8938,91.267,10.33,236.22,22.8,2.09,8,557.77,51.99
V007,Ocean Sapphire,HALDIA,25.4599,90.2495,10.62,9.69,18.37,1.14,2,443.63,31.05
V006,Himalaya Dawn,PARADIP,25.884,85.0202,11.57,143.42,20.04,2.26,8,639.93,52.89
V003,Odisha Queen,PARADIP,18.2079,84.6968,10.48,228.68,30.23,2.0,1,309.68,24.71
V003,Odisha Queen,VIZAG,19.7853,82.5015,9.4,57.5,28.68,0.49,12,246.99,25.8
V005,Eastern Titan,SMPK,21.4878,86.3957,10.95,23.39,22.5,3.05,0,229.09,17.3
V003,Odisha Queen,HALDIA,22.6858,90.1773,12.22,3.79,23.95,4.2,7,230.34,20.46
V003,Odisha Queen,PARADIP,22.0782,83.8977,14.99,300.03,17.72,2.66,0,343.31,17.86
V002,Bharat Star,SMPK,17.5571,92.0211,9.8,327.98,26.93,2.92,3,677.62,63.62
V002,Bharat Star,VIZAG,17.3252,78.5761,14.74,171.62,33.25,0.29,5,500.45,28.73
V003,Odisha Queen,VIZAG,21.5129,88.0386,12.19,44.59,34.34,0.44,5,655.0,46.33
V003,Odisha Queen,VIZAG,17.9763,85.9372,12.32,195.68,16.4,2.18,2,283.06,18.19
V002,Bharat Star,PARADIP,17.1126,89.7045,14.06,342.7,10.66,4.38,2,482.37,30.37
V007,Ocean Sapphire,PARADIP,17.2894,86.7352,8.56,196.92,2.9,2.73,7,337.21,33.55
V005,Eastern Titan,SMPK,27.7296,85.8864,9.06,346.38,29.91,0.44,4,625.04,56.1
V006,Himalaya Dawn,VIZAG,19.8043,84.0186,8.88,346.49,2.29,1.23,3,247.63,18.82
V003,Odisha Queen,SMPK,28.297,91.1652,8.07,337.79,24.5,0.86,3,700.74,68.08
V001,Ganga Glory,PARADIP,20.2055,92.743,12.11,35.85,22.19,2.38,5,638.8,47.88
V001,Ganga Glory,VIZAG,20.8023,81.8296,9.74,232.79,3.57,3.95,7,378.08,36.33
V004,Steel Infinity,SMPK,22.1743,95.5061,11.87,311.82,29.09,1.12,7,742.13,57.38
V007,Ocean Sapphire,HALDIA,21.6355,86.2335,14.63,114.66,32.24,2.96,8,193.09,14.32
V007,Ocean Sapphire,SMPK,25.524,89.0613,11.13,296.15,16.05,0.78,1,339.6,21.04
V004,Steel Infinity,SMPK,18.4189,92.7548,9.88,156.37,34.19,1.33,9,652.83,66.91
V005,Eastern Titan,HALDIA,28.1352,91.5795,13.21,235.71,33.79,0.83,4,767.68,50.0
V005,Eastern Titan,SMPK,24.0385,91.8945,12.02,166.25,16.45,1.53,1,402.67,24.58
V002,Bharat Star,PARADIP,18.9661,89.3032,10.51,355.83,26.59,1.62,3,318.77,25.52
V006,Himalaya Dawn,SMPK,17.6873,93.7368,8.93,130.97,21.28,0.88,4,783.77,69.11
V002,Bharat Star,VIZAG,21.2938,79.2919,13.76,145.05,26.18,0.41,6,579.01,34.97
V001,Ganga Glory,HALDIA,24.9902,91.7092,14.91,172.1,2.35,2.37,6,498.22,26.86
V007,Ocean Sapphire,HALDIA,17.7625,87.8328,10.62,267.35,33.39,3.86,9,472.9,52.58
V007,Ocean Sapphire,HALDIA,18.1522,84.3259,14.53,280.2,7.17,0.54,10,579.66,31.55
V001,Ganga Glory,VIZAG,14.5755,84.4589,12.68,336.17,14.28,1.36,2,368.49,21.3
V005,Eastern Titan,HALDIA,24.4226,89.3676,12.39,216.79,14.0,4.08,2,299.7,21.46
V002,Bharat Star,VIZAG,14.8082,79.7245,8.65,40.44,9.27,2.58,10,496.7,54.49
V004,Steel Infinity,PARADIP,21.2631,82.7687,13.81,244.33,15.65,1.92,2,413.84,23.15
V007,Ocean Sapphire,SMPK,27.7405,84.5368,9.74,144.05,30.76,4.1,5,690.23,75.68
V001,Ganga Glory,PARADIP,17.4602,80.5425,13.74,205.49,5.72,1.13,0,713.99,32.86
V007,Ocean Sapphire,HALDIA,25.2806,90.1576,9.94,251.34,6.74,0.45,1,421.77,26.28
V005,Eastern Titan,HALDIA,22.4495,93.2168,8.02,122.18,8.71,2.37,5,533.01,54.69
V002,Bharat Star,PARADIP,23.7988,86.078,10.0,133.21,7.96,3.11,12,390.83,39.96
V002,Bharat Star,VIZAG,12.5423,81.8023,8.82,356.88,9.22,4.36,8,593.95,68.98
V003,Odisha Queen,VIZAG,14.6625,82.3386,10.43,328.26,14.49,2.38,8,351.33,31.21
V007,Ocean Sapphire,HALDIA,21.446,86.2697,13.52,135.79,5.14,4.01,1,195.27,11.68
V003,Odisha Queen,HALDIA,27.4097,89.6709,9.93,300.33,33.64,2.28,4,622.05,59.34
V007,Ocean Sapphire,PARADIP,23.42,89.6134,8.7,130.37,16.93,1.3,1,462.82,38.48
V007,Ocean Sapphire,PARADIP,24.2014,89.9552,9.46,51.8,24.36,2.78,11,551.36,63.76
V007,Ocean Sapphire,HALDIA,28.2335,85.7608,11.49,37.23,14.61,2.1,1,729.65,47.96
V005,Eastern Titan,HALDIA,17.1082,90.6416,8.03,70.85,26.44,2.6,6,608.43,73.67
V001,Ganga Glory,PARADIP,20.2211,90.0465,13.78,101.79,3.25,0.7,1,357.58,15.93
V005,Eastern Titan,PARADIP,19.069,92.1152,8.25,25.73,23.94,2.2,4,591.83,63.39
V004,Steel Infinity,VIZAG,17.3574,89.0541,11.19,130.7,24.49,1.44,7,613.34,49.8
V004,Steel Infinity,VIZAG,14.0994,86.5059,8.04,131.28,5.92,0.59,6,527.61,46.82
V004,Steel Infinity,HALDIA,19.1116,90.4973,9.35,163.49,32.6,0.65,6,410.17,38.92
V001,Ganga Glory,HALDIA,20.597,94.665,12.97,321.7,28.3,0.47,5,701.99,44.75
V002,Bharat Star,SMPK,20.8944,82.3849,8.18,0.27,18.77,1.49,1,638.09,58.06
V002,Bharat Star,PARADIP,20.7037,93.1282,13.12,191.44,5.95,0.94,11,679.09,42.93
V001,Ganga Glory,HALDIA,26.689,84.8422,10.96,248.34,34.92,1.58,6,613.88,53.83
V007,Ocean Sapphire,PARADIP,17.1306,86.6565,14.14,26.64,16.65,1.55,6,354.67,21.14
V004,Steel Infinity,PARADIP,14.3685,88.6747,10.09,155.35,14.7,0.96,6,696.74,54.75
V003,Odisha Queen,SMPK,27.4558,88.4822,11.23,85.53,23.95,4.09,10,545.81,56.31
V005,Eastern Titan,SMPK,19.049,82.4886,9.84,331.36,3.24,1.69,1,718.51,48.85
V006,Himalaya Dawn,HALDIA,21.5727,91.1696,14.14,205.82,2.69,4.09,8,324.72,22.11
V001,Ganga Glory,HALDIA,21.1098,85.5396,13.38,57.07,4.01,1.36,0,279.21,13.26
V002,Bharat Star,HALDIA,23.5545,94.2358,14.86,155.89,30.59,4.09,2,655.95,43.37
V002,Bharat Star,HALDIA,17.6439,86.9277,9.39,290.81,29.17,0.83,5,499.71,45.46
V007,Ocean Sapphire,PARADIP,21.7153,84.908,12.06,5.04,27.84,0.41,9,235.9,17.72
V006,Himalaya Dawn,HALDIA,20.182,89.6843,13.77,200.86,4.15,2.08,1,264.02,13.34
V001,Ganga Glory,SMPK,20.7034,88.5838,13.23,4.63,21.64,3.25,10,207.42,16.98
V006,Himalaya Dawn,SMPK,19.1277,85.9749,9.97,291.32,12.82,2.57,12,450.75,46.05
V006,Himalaya Dawn,VIZAG,15.1496,81.0593,11.56,202.37,33.65,2.12,8,368.63,33.09
V002,Bharat Star,VIZAG,22.5343,78.421,13.91,333.91,5.49,1.02,12,739.82,45.24
V003,Odisha Queen,SMPK,23.8234,83.1869,10.59,206.06,15.46,2.87,6,541.43,47.02
V002,Bharat Star,PARADIP,23.3573,85.6947,9.05,218.32,34.94,0.37,7,350.97,35.17
V001,Ganga Glory,PARADIP,23.5205,87.4142,8.96,262.81,12.82,1.52,1,365.19,29.04
V005,Eastern Titan,SMPK,18.9848,93.3958,14.93,178.99,12.65,1.2,0,661.6,29.87
V006,Himalaya Dawn,SMPK,17.6324,89.142,8.94,186.3,23.57,1.94,11,553.83,63.67
V002,Bharat Star,VIZAG,14.7744,81.8629,9.19,308.51,32.06,0.71,1,357.75,30.16
V007,Ocean Sapphire,SMPK,19.2861,90.3248,10.73,246.97,7.05,1.76,7,419.44,31.87
V005,Eastern Titan,HALDIA,26.279,92.6963,13.0,123.15,13.79,0.86,8,668.17,42.17
V003,Odisha Queen,HALDIA,17.8073,84.1419,14.58,211.04,15.15,0.38,7,621.34,33.15
V007,Ocean Sapphire,VIZAG,15.7675,86.2285,9.54,311.32,26.49,4.21,7,379.83,43.89
V002,Bharat Star,PARADIP,18.9586,90.4494,13.43,353.9,5.27,0.6,7,428.64,23.22
V004,Steel Infinity,VIZAG,16.0837,84.3547,10.52,148.24,18.53,3.67,5,212.07,19.45
V004,Steel Infinity,VIZAG,22.5469,86.0595,14.69,75.35,18.18,4.02,8,613.04,44.31
V001,Ganga Glory,VIZAG,19.9581,84.7343,14.22,350.4,27.89,0.44,10,295.01,19.28
V003,Odisha Queen,SMPK,26.7355,89.8455,10.23,301.84,23.02,2.37,4,490.9,42.61
V003,Odisha Queen,SMPK,27.7226,89.2533,9.15,54.9,15.83,4.18,6,583.11,64.09
V003,Odisha Queen,PARADIP,22.6955,90.9809,9.18,77.98,34.07,3.8,6,522.73,62.49
V007,Ocean Sapphire,SMPK,21.6217,89.9689,11.03,235.48,11.48,2.22,5,200.55,15.11
V004,Steel Infinity,PARADIP,23.3499,85.081,9.03,147.43,6.09,4.14,7,372.47,39.8
V003,Odisha Queen,SMPK,20.7122,88.9833,13.84,23.8,16.71,2.28,7,216.22,14.25
V005,Eastern Titan,HALDIA,24.0303,89.312,8.4,36.47,18.63,4.17,4,258.62,29.89
V002,Bharat Star,HALDIA,15.4686,89.9496,14.12,287.93,2.89,1.15,1,754.06,34.02
V001,Ganga Glory,PARADIP,27.5437,85.6754,13.62,179.14,26.65,1.54,10,808.95,59.28
V006,Himalaya Dawn,HALDIA,26.2103,84.3477,10.94,285.09,21.79,4.22,4,599.98,54.45
V005,Eastern Titan,SMPK,26.3952,92.8245,9.39,16.99,16.42,2.2,12,626.37,67.89
V001,Ganga Glory,PARADIP,25.1698,82.0512,8.28,350.07,22.44,4.42,6,714.22,91.7
V004,Steel Infinity,VIZAG,10.8335,82.7503,13.65,139.28,31.32,3.35,0,764.53,49.91
V004,Steel Infinity,VIZAG,14.7441,84.6369,8.33,293.51,20.0,0.33,10,358.16,37.24
V005,Eastern Titan,PARADIP,18.552,85.5535,8.66,87.18,2.2,3.14,12,226.17,25.65
V005,Eastern Titan,SMPK,20.2056,92.7786,9.15,270.33,12.4,4.26,9,531.94,61.84
V001,Ganga Glory,VIZAG,21.055,80.3268,9.78,337.62,4.7,1.18,5,485.73,35.96
V003,Odisha Queen,HALDIA,20.1381,94.7804,9.25,269.29,11.43,2.0,11,727.6,74.33
V006,Himalaya Dawn,VIZAG,10.8627,82.4189,11.73,348.25,31.29,2.19,6,764.8,63.72
V007,Ocean Sapphire,PARADIP,23.5603,82.0527,8.15,86.56,24.7,3.66,5,592.99,72.97
V005,Eastern Titan,SMPK,22.858,82.6157,8.95,2.26,3.22,2.18,3,584.05,48.06
V001,Ganga Glory,SMPK,20.5399,85.0823,10.3,162.72,20.59,3.59,6,400.86,38.86
V002,Bharat Star,SMPK,25.5755,90.9325,12.09,137.72,11.03,1.46,7,429.64,29.19
V004,Steel Infinity,HALDIA,16.1775,87.9816,14.01,158.78,5.54,2.64,9,648.6,41.95
V007,Ocean Sapphire,PARADIP,20.4312,80.9937,14.26,89.79,25.37,2.34,0,586.58,33.08
V006,Himalaya Dawn,PARADIP,17.263,85.6522,14.15,328.46,13.37,3.9,7,354.86,25.0
V001,Ganga Glory,HALDIA,20.4683,81.3985,13.43,155.5,23.51,0.36,4,711.29,40.77
V007,Ocean Sapphire,PARADIP,24.1666,89.7306,8.26,250.59,30.62,2.0,10,534.21,68.44
V007,Ocean Sapphire,HALDIA,26.7506,93.5223,10.43,265.52,18.24,2.08,8,763.93,68.24
V003,Odisha Queen,VIZAG,22.6133,80.8201,8.14,134.34,8.89,2.59,5,604.63,62.22
V007,Ocean Sapphire,SMPK,21.4784,81.3396,9.22,122.57,13.86,1.24,8,727.28,66.75
V003,Odisha Queen,HALDIA,24.0365,89.2187,9.0,340.99,20.3,4.26,9,254.63,31.63
V004,Steel Infinity,VIZAG,16.9051,81.4459,10.45,21.12,5.32,1.57,0,213.38,13.35
V007,Ocean Sapphire,VIZAG,20.0734,79.531,11.88,36.63,12.42,2.93,5,475.17,35.23
V004,Steel Infinity,VIZAG,14.1583,82.5256,10.49,216.55,4.41,0.57,6,400.9,26.85
V007,Ocean Sapphire,SMPK,19.0509,86.016,10.92,294.65,9.37,1.1,10,455.77,35.32
V001,Ganga Glory,PARADIP,16.8369,88.4293,13.66,43.29,16.38,0.28,8,431.68,25.25
V003,Odisha Queen,HALDIA,25.4207,85.3821,8.92,351.64,19.54,3.38,6,467.04,51.19
V007,Ocean Sapphire,VIZAG,20.0575,80.5533,10.2,26.87,30.2,3.7,7,389.35,41.75
V004,Steel Infinity,HALDIA,20.4921,86.3587,14.13,287.3,11.58,0.75,1,244.07,11.46
V001,Ganga Glory,VIZAG,22.8478,87.0284,13.13,310.26,7.41,1.76,12,694.01,48.58
V004,Steel Infinity,SMPK,23.5875,86.0673,14.56,43.29,26.07,0.62,4,255.89,14.07
V003,Odisha Queen,HALDIA,18.7219,88.753,14.89,97.65,26.44,1.26,11,372.69,25.02
V002,Bharat Star,SMPK,16.5752,91.3193,11.41,257.93,33.29,1.39,7,735.75,62.1
V007,Ocean Sapphire,HALDIA,19.8502,83.5426,10.67,125.24,15.09,1.28,7,527.01,41.32
V006,Himalaya Dawn,SMPK,20.3525,81.8956,10.04,36.12,25.5,4.49,12,706.31,88.14
V006,Himalaya Dawn,PARADIP,19.1707,90.0812,14.52,105.75,24.8,3.97,12,384.11,31.99
V001,Ganga Glory,VIZAG,11.6406,79.6614,10.5,290.95,8.46,2.26,10,777.06,68.14
V005,Eastern Titan,VIZAG,14.9404,82.2496,10.12,163.11,21.63,2.03,1,324.91,25.36
V003,Odisha Queen,SMPK,22.4574,92.9664,11.16,352.09,34.8,4.33,6,479.46,48.8
V001,Ganga Glory,PARADIP,25.3452,86.3117,11.64,111.54,23.86,1.3,9,559.67,45.18
V005,Eastern Titan,HALDIA,21.3994,91.5526,13.07,155.75,20.48,4.16,12,367.15,33.47
V004,Steel Infinity,SMPK,23.7937,93.3546,14.87,55.63,33.64,4.43,6,534.85,40.83
V005,Eastern Titan,HALDIA,15.9321,91.939,8.17,65.13,25.89,0.82,0,789.25,70.0
V003,Odisha Queen,VIZAG,15.7742,83.2298,9.24,129.53,8.59,3.94,4,213.1,20.67
V002,Bharat Star,PARADIP,22.0507,87.7388,13.97,30.73,14.92,3.83,3,224.69,14.52
V006,Himalaya Dawn,PARADIP,25.4898,85.0943,9.01,6.36,20.14,2.99,4,595.7,60.07
V002,Bharat Star,SMPK,22.3837,95.6138,13.24,271.99,11.62,2.14,0,751.69,40.83
V001,Ganga Glory,VIZAG,20.5356,82.4549,10.07,283.99,33.67,3.7,8,328.08,37.27
V002,Bharat Star,SMPK,19.7115,87.8732,9.69,226.35,16.58,1.61,12,318.71,32.08
V004,Steel Infinity,SMPK,22.2262,93.8185,14.04,10.84,8.14,0.39,2,568.49,25.99
V005,Eastern Titan,HALDIA,18.9539,84.4768,9.87,117.29,21.51,2.77,2,504.71,43.72
V005,Eastern Titan,PARADIP,16.2166,83.3142,12.35,40.38,25.17,2.54,2,574.43,40.13
V006,Himalaya Dawn,VIZAG,16.068,79.5944,14.93,4.3,19.98,3.57,6,431.63,28.7
V004,Steel Infinity,SMPK,28.5654,87.6153,13.44,285.25,2.85,0.22,10,672.39,36.93
V002,Bharat Star,HALDIA,24.9231,88.8096,12.56,351.59,30.52,1.49,5,332.82,23.95
V001,Ganga Glory,PARADIP,20.958,90.4713,12.55,76.05,28.32,3.32,9,406.98,35.96
V004,Steel Infinity,HALDIA,15.053,87.8596,11.69,72.03,7.62,4.36,2,773.87,57.34
V006,Himalaya Dawn,VIZAG,19.412,84.1467,13.79,246.96,12.96,4.18,7,212.16,15.57
V004,Steel Infinity,PARADIP,22.0679,93.6043,14.77,209.11,19.79,2.82,12,749.63,55.23
V005,Eastern Titan,VIZAG,13.6428,82.9384,9.5,89.53,29.17,1.28,11,451.51,48.49
V007,Ocean Sapphire,SMPK,24.7516,89.981,14.25,152.17,7.0,0.8,1,298.73,13.43
V005,Eastern Titan,HALDIA,21.2669,85.9237,10.14,6.03,29.21,2.47,1,235.75,19.92
V003,Odisha Queen,VIZAG,23.1536,80.9328,13.44,23.69,10.87,3.36,8,654.86,47.18
V001,Ganga Glory,VIZAG,17.8141,78.3248,9.55,14.87,29.7,3.48,3,524.92,53.27
V002,Bharat Star,VIZAG,14.5436,81.5846,10.77,333.69,4.95,1.99,1,393.95,25.42
V007,Ocean Sapphire,VIZAG,16.4947,88.346,10.49,47.41,4.19,1.94,0,554.57,35.33
V007,Ocean Sapphire,PARADIP,24.2107,85.8934,13.26,283.19,3.37,0.21,1,439.04,19.45
V004,Steel Infinity,PARADIP,25.4054,84.8968,11.48,355.05,30.21,3.3,10,592.36,59.16
V004,Steel Infinity,PARADIP,22.5989,87.9366,13.41,251.18,6.55,0.39,4,287.71,14.35
V001,Ganga Glory,HALDIA,19.1517,89.532,10.08,173.55,17.52,4.16,3,352.83,32.82
V001,Ganga Glory,PARADIP,20.5705,81.9471,12.61,184.84,17.59,2.0,2,487.65,30.49
V007,Ocean Sapphire,VIZAG,18.7458,86.2024,11.47,30.55,34.73,4.25,0,330.23,27.59
V001,Ganga Glory,VIZAG,19.6058,80.5696,12.54,73.47,6.84,0.91,10,356.25,23.14
V001,Ganga Glory,PARADIP,17.9548,89.8922,14.15,264.48,16.52,0.62,7,432.78,24.55
V006,Himalaya Dawn,PARADIP,23.6699,85.678,10.49,289.98,22.91,0.67,3,384.94,28.03
V001,Ganga Glory,SMPK,19.071,84.0391,10.05,248.64,17.98,2.14,7,587.96,53.33
V006,Himalaya Dawn,SMPK,24.0665,83.067,12.6,148.15,5.97,3.85,2,560.32,36.81
V003,Odisha Queen,HALDIA,22.6838,85.4492,8.97,89.35,10.28,1.27,3,278.76,22.52
V005,Eastern Titan,HALDIA,22.0057,94.4995,13.89,165.52,13.92,3.52,9,663.82,48.92
V005,Eastern Titan,HALDIA,23.5266,92.5923,11.99,217.3,31.29,1.83,8,494.32,41.34
V007,Ocean Sapphire,SMPK,19.9196,86.6688,11.08,110.01,30.62,1.19,7,337.82,28.42
V003,Odisha Queen,PARADIP,14.2978,90.6264,14.51,151.81,4.99,3.84,8,793.15,52.53
V006,Himalaya Dawn,SMPK,17.7786,90.6687,13.53,34.88,14.94,2.92,4,585.3,37.74
V001,Ganga Glory,VIZAG,15.8566,77.953,12.71,300.53,10.62,1.01,8,602.61,38.37
V001,Ganga Glory,VIZAG,19.1676,76.9287,14.91,193.48,10.57,3.56,2,689.81,38.74
V007,Ocean Sapphire,HALDIA,19.6508,88.8167,14.04,88.23,30.79,4.23,4,273.86,20.44
V004,Steel Infinity,PARADIP,22.5412,85.4611,14.36,178.48,20.68,1.47,8,274.57,17.35
V007,Ocean Sapphire,VIZAG,13.6005,80.7758,9.3,343.05,15.55,4.32,5,527.86,56.0
V006,Himalaya Dawn,VIZAG,11.0698,80.6775,10.85,73.19,12.13,2.12,2,787.64,55.44
V006,Himalaya Dawn,PARADIP,16.9188,92.4373,12.43,212.04,3.03,4.06,10,720.16,58.47
V004,Steel Infinity,PARADIP,23.0683,91.6154,14.96,273.89,3.17,2.37,7,599.73,33.28
V005,Eastern Titan,SMPK,27.347,88.2695,10.33,136.43,7.81,3.69,7,533.41,48.86
V001,Ganga Glory,VIZAG,20.2226,78.3585,10.98,337.83,22.18,2.42,3,589.15,46.29
V001,Ganga Glory,PARADIP,22.7639,87.2039,10.41,189.41,16.25,0.41,4,278.37,19.49
V006,Himalaya Dawn,PARADIP,25.7804,88.372,12.1,257.99,31.25,0.3,9,633.05,48.22
V006,Himalaya Dawn,PARADIP,21.1415,88.8218,11.68,124.87,24.05,1.2,9,246.52,19.7
V001,Ganga Glory,HALDIA,18.9933,86.8065,13.71,229.3,23.13,1.16,8,359.94,23.7
V004,Steel Infinity,HALDIA,20.5687,91.1503,10.62,127.4,7.85,1.79,10,358.04,29.79
V005,Eastern Titan,SMPK,28.4475,90.0181,10.75,252.98,19.43,0.9,6,678.03,51.65
V002,Bharat Star,HALDIA,20.5252,89.6802,14.46,208.8,8.43,1.22,9,235.47,13.48
V006,Himalaya Dawn,HALDIA,24.8736,88.6281,13.6,36.96,22.25,2.94,9,323.65,24.78
V004,Steel Infinity,VIZAG,21.5599,83.7946,8.49,229.8,13.16,1.71,10,433.68,46.77
V004,Steel Infinity,HALDIA,25.0491,87.1776,11.63,158.19,33.79,2.53,11,349.69,34.38
V002,Bharat Star,VIZAG,14.4008,80.2558,14.28,341.08,4.73,1.4,11,488.03,29.18
V007,Ocean Sapphire,VIZAG,13.938,79.2121,11.2,132.73,28.71,0.59,7,602.8,47.38
V002,Bharat Star,HALDIA,16.5354,90.4975,8.93,40.91,24.32,3.65,3,660.28,70.06
V002,Bharat Star,HALDIA,28.7168,86.5341,9.2,164.96,17.49,0.22,9,761.33,68.0
V004,Steel Infinity,VIZAG,13.9157,86.4295,13.84,102.28,16.66,4.05,3,538.18,36.01
V005,Eastern Titan,HALDIA,21.9682,94.9185,14.78,177.25,9.23,3.77,7,707.11,45.98
V005,Eastern Titan,PARADIP,25.2811,90.7126,9.22,170.48,18.36,3.72,5,692.92,72.69
V005,Eastern Titan,VIZAG,14.6923,83.5077,13.98,355.04,28.62,0.94,6,334.22,21.04
V001,Ganga Glory,VIZAG,23.0845,81.0321,10.85,319.97,10.06,0.25,0,643.93,36.12
V006,Himalaya Dawn,VIZAG,20.9488,80.4016,10.12,79.54,21.49,4.37,5,471.69,47.86
V004,Steel Infinity,HALDIA,15.5484,91.0866,8.58,202.22,29.82,3.63,9,785.89,104.43
V007,Ocean Sapphire,HALDIA,21.5389,93.7259,10.3,53.06,23.18,4.21,1,587.37,52.48
V007,Ocean Sapphire,VIZAG,20.8287,76.7443,9.65,191.0,22.42,2.63,9,769.59,81.44
V004,Steel Infinity,PARADIP,16.4703,87.9681,14.97,279.68,19.88,3.68,2,451.07,27.05
V003,Odisha Queen,HALDIA,23.4607,90.1491,14.63,291.46,25.34,0.98,10,268.17,17.41
V006,Himalaya Dawn,SMPK,25.1071,86.3375,11.22,79.09,8.51,1.73,2,347.4,22.32
V006,Himalaya Dawn,PARADIP,22.4447,84.4343,9.96,88.5,21.51,3.8,3,327.14,30.87
V004,Steel Infinity,SMPK,25.1612,82.5209,12.49,14.26,6.65,1.58,12,655.41,47.22
V002,Bharat Star,SMPK,19.2561,91.3578,14.53,178.5,4.48,3.45,1,484.77,25.81
V004,Steel Infinity,HALDIA,25.0437,87.8212,11.91,319.2,21.19,1.25,11,338.21,27.3
V002,Bharat Star,SMPK,24.0691,89.992,8.31,88.24,16.74,0.94,12,241.63,26.95
V003,Odisha Queen,VIZAG,13.1125,85.7795,8.81,138.96,2.36,1.33,12,575.18,55.51
V005,Eastern Titan,PARADIP,18.9657,80.9091,14.2,186.78,5.98,3.41,11,616.69,43.73
V007,Ocean Sapphire,HALDIA,27.3558,86.8423,11.58,298.91,16.01,2.16,10,607.01,50.67
V006,Himalaya Dawn,PARADIP,20.2514,83.7916,8.61,317.66,6.25,3.42,8,295.09,32.27
V004,Steel Infinity,HALDIA,24.0929,86.7002,10.25,1.7,28.34,3.1,9,270.18,28.84
V004,Steel Infinity,SMPK,22.9455,85.801,12.47,213.72,34.49,1.75,8,260.01,21.24
V001,Ganga Glory,HALDIA,19.459,87.7358,13.01,194.57,6.77,3.96,7,285.65,21.02
